0.000000e+00 2.178550e-03
1.000000e+00 -2.281070e-03
2.000000e+00 2.009034e-03
3.000000e+00 -2.234459e-03
4.000000e+00 2.205729e-03
5.000000e+00 -1.807213e-03
6.000000e+00 2.353430e-03
7.000000e+00 -1.640558e-03
8.000000e+00 1.798391e-03
9.000000e+00 -2.131939e-03
1.000000e+01 6.327629e-04
1.100000e+01 -2.213597e-03
1.200000e+01 1.325808e-03
1.300000e+01 -4.314184e-04
1.400000e+01 2.511144e-03
1.500000e+01 -7.426739e-05
1.600000e+01 1.215935e-03
1.700000e+01 -9.748936e-04
1.800000e+01 -4.612207e-04
1.900000e+01 -1.417637e-03
2.000000e+01 -4.288852e-04
2.100000e+01 -1.890063e-04
2.200000e+01 8.234978e-04
2.300000e+01 1.608253e-03
2.400000e+01 1.128912e-03
2.500000e+01 7.719994e-04
2.600000e+01 -2.152920e-03
2.700000e+01 -1.833558e-03
2.800000e+01 -3.078043e-03
2.900000e+01 1.443326e-03
3.000000e+01 9.790659e-04
3.100000e+01 5.382538e-03
3.200000e+01 3.314018e-04
3.300000e+01 9.633303e-04
3.400000e+01 -6.480575e-03
3.500000e+01 -2.163589e-03
3.600000e+01 -4.781425e-03
3.700000e+01 5.411148e-03
3.800000e+01 3.137112e-03
3.900000e+01 1.040149e-02
4.000000e+01 -1.669884e-03
4.100000e+01 -2.350926e-03
4.200000e+01 -1.690602e-02
4.300000e+01 -5.770683e-03
4.400000e+01 1.987338e-03
4.500000e+01 4.539466e-02
4.600000e+01 7.581818e-02
4.700000e+01 1.205944e-01
4.800000e+01 1.264724e-01
4.900000e+01 1.298431e-01
5.000000e+01 7.854450e-02
5.100000e+01 3.827423e-02
5.200000e+01 -2.193978e-02
5.300000e+01 -2.751034e-02
5.400000e+01 -1.941299e-02
5.500000e+01 5.320692e-02
5.600000e+01 1.156666e-01
5.700000e+01 2.040708e-01
5.800000e+01 2.159796e-01
5.900000e+01 1.951003e-01
6.000000e+01 6.971073e-02
6.100000e+01 -7.760572e-02
6.200000e+01 -2.913370e-01
6.300000e+01 -4.507198e-01
6.400000e+01 -5.942980e-01
6.500000e+01 -6.257248e-01
6.600000e+01 -6.187273e-01
6.700000e+01 -5.005043e-01
6.800000e+01 -3.884987e-01
6.900000e+01 -2.255604e-01
7.000000e+01 -1.273364e-01
7.100000e+01 -9.880662e-03
7.200000e+01 2.510297e-02
7.300000e+01 8.073795e-02
7.400000e+01 7.711554e-02
7.500000e+01 1.238218e-01
7.600000e+01 1.226146e-01
7.700000e+01 1.784092e-01
7.800000e+01 1.763392e-01
7.900000e+01 2.223536e-01
8.000000e+01 1.950250e-01
8.100000e+01 1.960340e-01
8.200000e+01 1.125864e-01
8.300000e+01 6.651777e-02
8.400000e+01 -5.141214e-02
8.500000e+01 -9.747705e-02
8.600000e+01 -1.587322e-01
8.700000e+01 -7.399809e-02
8.800000e+01 7.230479e-02
8.900000e+01 4.506509e-01
9.000000e+01 9.451706e-01
9.100000e+01 1.665006e+00
9.200000e+01 2.420543e+00
9.300000e+01 3.239907e+00
9.400000e+01 3.851086e+00
9.500000e+01 4.254359e+00
9.600000e+01 4.187577e+00
9.700000e+01 3.724916e+00
9.800000e+01 2.745342e+00
9.900000e+01 1.490791e+00
1.000000e+02 -1.718521e-02
1.010000e+02 -1.431836e+00
1.020000e+02 -2.708081e+00
1.030000e+02 -3.564741e+00
1.040000e+02 -4.112451e+00
1.050000e+02 -4.249592e+00
1.060000e+02 -4.242074e+00
1.070000e+02 -4.090698e+00
1.080000e+02 -4.071772e+00
1.090000e+02 -4.090179e+00
1.100000e+02 -4.269911e+00
1.110000e+02 -4.339732e+00
1.120000e+02 -4.305719e+00
1.130000e+02 -3.864712e+00
1.140000e+02 -3.078239e+00
1.150000e+02 -1.802324e+00
1.160000e+02 -3.145670e-01
1.170000e+02 1.331639e+00
1.180000e+02 2.716670e+00
1.190000e+02 3.757428e+00
1.200000e+02 4.114802e+00
1.210000e+02 3.877004e+00
1.220000e+02 2.948886e+00
1.230000e+02 1.662711e+00
1.240000e+02 9.950364e-02
1.250000e+02 -1.323623e+00
1.260000e+02 -2.549633e+00
1.270000e+02 -3.291732e+00
1.280000e+02 -3.700268e+00
1.290000e+02 -3.704893e+00
1.300000e+02 -3.614049e+00
1.310000e+02 -3.437619e+00
1.320000e+02 -3.457476e+00
1.330000e+02 -3.551428e+00
1.340000e+02 -3.816021e+00
1.350000e+02 -3.957076e+00
1.360000e+02 -3.965644e+00
1.370000e+02 -3.532420e+00
1.380000e+02 -2.737418e+00
1.390000e+02 -1.462268e+00
1.400000e+02 2.855234e-03
1.410000e+02 1.593379e+00
1.420000e+02 2.907609e+00
1.430000e+02 3.868078e+00
1.440000e+02 4.171310e+00
1.450000e+02 3.907760e+00
1.460000e+02 2.980501e+00
1.470000e+02 1.681085e+00
1.480000e+02 7.419512e-02
1.490000e+02 -1.452586e+00
1.500000e+02 -2.806261e+00
1.510000e+02 -3.647013e+00
1.520000e+02 -3.982143e+00
1.530000e+02 -3.627038e+00
1.540000e+02 -2.766403e+00
1.550000e+02 -1.395740e+00
1.560000e+02 1.434155e-01
1.570000e+02 1.742817e+00
1.580000e+02 3.030876e+00
1.590000e+02 3.920963e+00
1.600000e+02 4.180641e+00
1.610000e+02 3.811622e+00
1.620000e+02 2.934372e+00
1.630000e+02 1.614179e+00
1.640000e+02 1.641788e-01
1.650000e+02 -1.288252e+00
1.660000e+02 -2.457589e+00
1.670000e+02 -3.343461e+00
1.680000e+02 -3.801939e+00
1.690000e+02 -4.006142e+00
1.700000e+02 -3.969650e+00
1.710000e+02 -3.939387e+00
1.720000e+02 -3.888860e+00
1.730000e+02 -3.983480e+00
1.740000e+02 -4.043639e+00
1.750000e+02 -4.091997e+00
1.760000e+02 -3.852845e+00
1.770000e+02 -3.351091e+00
1.780000e+02 -2.397310e+00
1.790000e+02 -1.191421e+00
1.800000e+02 2.755829e-01
1.810000e+02 1.654879e+00
1.820000e+02 2.902023e+00
1.830000e+02 3.719678e+00
1.840000e+02 4.234915e+00
1.850000e+02 4.332015e+00
1.860000e+02 4.309916e+00
1.870000e+02 4.164300e+00
1.880000e+02 4.188450e+00
1.890000e+02 4.252882e+00
1.900000e+02 4.477733e+00
1.910000e+02 4.550483e+00
1.920000e+02 4.492167e+00
1.930000e+02 3.972846e+00
1.940000e+02 3.104443e+00
1.950000e+02 1.747873e+00
1.960000e+02 2.428443e-01
1.970000e+02 -1.369329e+00
1.980000e+02 -2.646250e+00
1.990000e+02 -3.553475e+00
2.000000e+02 -3.759379e+00
2.010000e+02 -3.441094e+00
2.020000e+02 -2.497974e+00
2.030000e+02 -1.297874e+00
2.040000e+02 1.325650e-01
2.050000e+02 1.393853e+00
2.060000e+02 2.526426e+00
2.070000e+02 3.257144e+00
2.080000e+02 3.790507e+00
2.090000e+02 3.984258e+00
2.100000e+02 4.115829e+00
2.110000e+02 4.076552e+00
2.120000e+02 4.115737e+00
2.130000e+02 4.061898e+00
2.140000e+02 4.115441e+00
2.150000e+02 4.067905e+00
2.160000e+02 4.104569e+00
2.170000e+02 4.047992e+00
2.180000e+02 4.095146e+00
2.190000e+02 4.058034e+00
2.200000e+02 4.125239e+00
2.210000e+02 4.093451e+00
2.220000e+02 4.123571e+00
2.230000e+02 4.009500e+00
2.240000e+02 3.931183e+00
2.250000e+02 3.728990e+00
2.260000e+02 3.623994e+00
2.270000e+02 3.484265e+00
2.280000e+02 3.526974e+00
2.290000e+02 3.590309e+00
2.300000e+02 3.821690e+00
2.310000e+02 4.014535e+00
2.320000e+02 4.301999e+00
2.330000e+02 4.475181e+00
2.340000e+02 4.684471e+00
2.350000e+02 4.787695e+00
2.360000e+02 4.947954e+00
2.370000e+02 5.000130e+00
2.380000e+02 5.064047e+00
2.390000e+02 4.920564e+00
2.400000e+02 4.610545e+00
2.410000e+02 3.916199e+00
2.420000e+02 2.948763e+00
2.430000e+02 1.597412e+00
2.440000e+02 1.139184e-01
2.450000e+02 -1.446942e+00
2.460000e+02 -2.742017e+00
2.470000e+02 -3.679924e+00
2.480000e+02 -4.010721e+00
2.490000e+02 -3.799641e+00
2.500000e+02 -2.976186e+00
2.510000e+02 -1.799707e+00
2.520000e+02 -3.740502e-01
2.530000e+02 9.856980e-01
2.540000e+02 2.190543e+00
2.550000e+02 3.038491e+00
2.560000e+02 3.578981e+00
2.570000e+02 3.778613e+00
2.580000e+02 3.829198e+00
2.590000e+02 3.772611e+00
2.600000e+02 3.778125e+00
2.610000e+02 3.820430e+00
2.620000e+02 3.935748e+00
2.630000e+02 3.986557e+00
2.640000e+02 3.899889e+00
2.650000e+02 3.502396e+00
2.660000e+02 2.776111e+00
2.670000e+02 1.685058e+00
2.680000e+02 3.527130e-01
2.690000e+02 -1.071343e+00
2.700000e+02 -2.341302e+00
2.710000e+02 -3.269876e+00
2.720000e+02 -3.660117e+00
2.730000e+02 -3.440181e+00
2.740000e+02 -2.641911e+00
2.750000e+02 -1.403038e+00
2.760000e+02 6.891669e-02
2.770000e+02 1.533698e+00
2.780000e+02 2.775362e+00
2.790000e+02 3.671038e+00
2.800000e+02 4.147774e+00
2.810000e+02 4.295095e+00
2.820000e+02 4.220479e+00
2.830000e+02 4.099504e+00
2.840000e+02 4.018116e+00
2.850000e+02 4.076324e+00
2.860000e+02 4.196071e+00
2.870000e+02 4.304315e+00
2.880000e+02 4.197238e+00
2.890000e+02 3.793892e+00
2.900000e+02 2.943233e+00
2.910000e+02 1.725557e+00
2.920000e+02 1.941193e-01
2.930000e+02 -1.374070e+00
2.940000e+02 -2.803050e+00
2.950000e+02 -3.781673e+00
2.960000e+02 -4.225456e+00
2.970000e+02 -3.962692e+00
2.980000e+02 -3.132144e+00
2.990000e+02 -1.789517e+00
3.000000e+02 -2.541647e-01
3.010000e+02 1.319386e+00
3.020000e+02 2.579239e+00
3.030000e+02 3.426449e+00
3.040000e+02 3.623098e+00
3.050000e+02 3.273292e+00
3.060000e+02 2.321687e+00
3.070000e+02 1.039552e+00
3.080000e+02 -4.859668e-01
3.090000e+02 -1.909926e+00
3.100000e+02 -3.178837e+00
3.110000e+02 -4.032347e+00
3.120000e+02 -4.572661e+00
3.130000e+02 -4.719939e+00
3.140000e+02 -4.720180e+00
3.150000e+02 -4.555154e+00
3.160000e+02 -4.474602e+00
3.170000e+02 -4.363346e+00
3.180000e+02 -4.338113e+00
3.190000e+02 -4.149567e+00
3.200000e+02 -3.809944e+00
3.210000e+02 -3.113567e+00
3.220000e+02 -2.134250e+00
3.230000e+02 -8.435802e-01
3.240000e+02 5.396111e-01
3.250000e+02 1.910077e+00
3.260000e+02 3.033961e+00
3.270000e+02 3.867985e+00
3.280000e+02 4.304441e+00
3.290000e+02 4.481559e+00
3.300000e+02 4.436219e+00
3.310000e+02 4.351834e+00
3.320000e+02 4.269624e+00
3.330000e+02 4.303521e+00
3.340000e+02 4.383906e+00
3.350000e+02 4.534014e+00
3.360000e+02 4.643359e+00
3.370000e+02 4.716405e+00
3.380000e+02 4.686141e+00
3.390000e+02 4.620787e+00
3.400000e+02 4.495872e+00
3.410000e+02 4.388655e+00
3.420000e+02 4.272666e+00
3.430000e+02 4.201142e+00
3.440000e+02 4.140427e+00
3.450000e+02 4.118850e+00
3.460000e+02 4.096374e+00
3.470000e+02 4.106212e+00
3.480000e+02 4.112929e+00
3.490000e+02 4.130346e+00
3.500000e+02 4.121961e+00
3.510000e+02 4.093838e+00
3.520000e+02 4.028846e+00
3.530000e+02 3.959649e+00
3.540000e+02 3.906328e+00
3.550000e+02 3.917129e+00
3.560000e+02 4.005893e+00
3.570000e+02 4.162142e+00
3.580000e+02 4.317831e+00
3.590000e+02 4.359368e+00
3.600000e+02 4.176378e+00
3.610000e+02 3.667453e+00
3.620000e+02 2.801117e+00
3.630000e+02 1.611740e+00
3.640000e+02 2.458839e-01
3.650000e+02 -1.150888e+00
3.660000e+02 -2.375871e+00
3.670000e+02 -3.318199e+00
3.680000e+02 -3.909105e+00
3.690000e+02 -4.220084e+00
3.700000e+02 -4.306454e+00
3.710000e+02 -4.334344e+00
3.720000e+02 -4.359967e+00
3.730000e+02 -4.457474e+00
3.740000e+02 -4.538706e+00
3.750000e+02 -4.541728e+00
3.760000e+02 -4.276009e+00
3.770000e+02 -3.702021e+00
3.780000e+02 -2.714312e+00
3.790000e+02 -1.423601e+00
3.800000e+02 9.080219e-02
3.810000e+02 1.548317e+00
3.820000e+02 2.790802e+00
3.830000e+02 3.541224e+00
3.840000e+02 3.748179e+00
3.850000e+02 3.301899e+00
3.860000e+02 2.372294e+00
3.870000e+02 1.039934e+00
3.880000e+02 -3.841312e-01
3.890000e+02 -1.770142e+00
3.900000e+02 -2.852165e+00
3.910000e+02 -3.628251e+00
3.920000e+02 -3.974281e+00
3.930000e+02 -4.071685e+00
3.940000e+02 -3.924512e+00
3.950000e+02 -3.757664e+00
3.960000e+02 -3.563461e+00
3.970000e+02 -3.517092e+00
3.980000e+02 -3.510780e+00
3.990000e+02 -3.642838e+00
4.000000e+02 -3.748392e+00
4.010000e+02 -3.918960e+00
4.020000e+02 -4.007603e+00
4.030000e+02 -4.138259e+00
4.040000e+02 -4.186479e+00
4.050000e+02 -4.283843e+00
4.060000e+02 -4.293388e+00
4.070000e+02 -4.354291e+00
4.080000e+02 -4.310083e+00
4.090000e+02 -4.303275e+00
4.100000e+02 -4.216575e+00
4.110000e+02 -4.206155e+00
4.120000e+02 -4.128930e+00
4.130000e+02 -4.124295e+00
4.140000e+02 -3.991060e+00
4.150000e+02 -3.802894e+00
4.160000e+02 -3.338861e+00
4.170000e+02 -2.698533e+00
4.180000e+02 -1.716176e+00
4.190000e+02 -6.162403e-01
4.200000e+02 6.411794e-01
4.210000e+02 1.757245e+00
4.220000e+02 2.752651e+00
4.230000e+02 3.390672e+00
4.240000e+02 3.816269e+00
4.250000e+02 3.900120e+00
4.260000e+02 3.903575e+00
4.270000e+02 3.767970e+00
4.280000e+02 3.727620e+00
4.290000e+02 3.654624e+00
4.300000e+02 3.712156e+00
4.310000e+02 3.705952e+00
4.320000e+02 3.767631e+00
4.330000e+02 3.717609e+00
4.340000e+02 3.726685e+00
4.350000e+02 3.650527e+00
4.360000e+02 3.682137e+00
4.370000e+02 3.670822e+00
4.380000e+02 3.788057e+00
4.390000e+02 3.846377e+00
4.400000e+02 3.982594e+00
4.410000e+02 4.019020e+00
4.420000e+02 4.110859e+00
4.430000e+02 4.091663e+00
4.440000e+02 4.136946e+00
4.450000e+02 4.096931e+00
4.460000e+02 4.127490e+00
4.470000e+02 4.065409e+00
4.480000e+02 4.076387e+00
4.490000e+02 3.999052e+00
4.500000e+02 3.998343e+00
4.510000e+02 3.942641e+00
4.520000e+02 3.998074e+00
4.530000e+02 4.010505e+00
4.540000e+02 4.122678e+00
4.550000e+02 4.152800e+00
4.560000e+02 4.219522e+00
4.570000e+02 4.169390e+00
4.580000e+02 4.153081e+00
4.590000e+02 4.050976e+00
4.600000e+02 4.044594e+00
4.610000e+02 4.010680e+00
4.620000e+02 4.065419e+00
4.630000e+02 3.999416e+00
4.640000e+02 3.835369e+00
4.650000e+02 3.323969e+00
4.660000e+02 2.511899e+00
4.670000e+02 1.263671e+00
4.680000e+02 -1.974018e-01
4.690000e+02 -1.797726e+00
4.700000e+02 -3.161259e+00
4.710000e+02 -4.160930e+00
4.720000e+02 -4.476800e+00
4.730000e+02 -4.137795e+00
4.740000e+02 -3.104202e+00
4.750000e+02 -1.665503e+00
4.760000e+02 2.750659e-02
4.770000e+02 1.591741e+00
4.780000e+02 2.903591e+00
4.790000e+02 3.740987e+00
4.800000e+02 4.161481e+00
4.810000e+02 4.260957e+00
4.820000e+02 4.090869e+00
4.830000e+02 3.918330e+00
4.840000e+02 3.731297e+00
4.850000e+02 3.705878e+00
4.860000e+02 3.710332e+00
4.870000e+02 3.837105e+00
4.880000e+02 3.912479e+00
4.890000e+02 4.044764e+00
4.900000e+02 4.105697e+00
4.910000e+02 4.247938e+00
4.920000e+02 4.349664e+00
4.930000e+02 4.525265e+00
4.940000e+02 4.579828e+00
4.950000e+02 4.556891e+00
4.960000e+02 4.210571e+00
4.970000e+02 3.603306e+00
4.980000e+02 2.596194e+00
4.990000e+02 1.388633e+00
5.000000e+02 -1.701355e-02
5.010000e+02 -1.317191e+00
5.020000e+02 -2.490538e+00
5.030000e+02 -3.298711e+00
5.040000e+02 -3.847672e+00
5.050000e+02 -4.054125e+00
5.060000e+02 -4.139608e+00
5.070000e+02 -4.080187e+00
5.080000e+02 -4.080170e+00
5.090000e+02 -4.048685e+00
5.100000e+02 -4.093334e+00
5.110000e+02 -4.073000e+00
5.120000e+02 -4.074649e+00
5.130000e+02 -3.971515e+00
5.140000e+02 -3.899973e+00
5.150000e+02 -3.793888e+00
5.160000e+02 -3.789070e+00
5.170000e+02 -3.796836e+00
5.180000e+02 -3.905708e+00
5.190000e+02 -3.991686e+00
5.200000e+02 -4.102129e+00
5.210000e+02 -4.125545e+00
5.220000e+02 -4.159237e+00
5.230000e+02 -4.143661e+00
5.240000e+02 -4.172445e+00
5.250000e+02 -4.170932e+00
5.260000e+02 -4.158789e+00
5.270000e+02 -3.998982e+00
5.280000e+02 -3.645248e+00
5.290000e+02 -2.959572e+00
5.300000e+02 -1.977059e+00
5.310000e+02 -7.147899e-01
5.320000e+02 6.600509e-01
5.330000e+02 2.007083e+00
5.340000e+02 3.116988e+00
5.350000e+02 3.894200e+00
5.360000e+02 4.297344e+00
5.370000e+02 4.381778e+00
5.380000e+02 4.248530e+00
5.390000e+02 4.037824e+00
5.400000e+02 3.858939e+00
5.410000e+02 3.746652e+00
5.420000e+02 3.717223e+00
5.430000e+02 3.718894e+00
5.440000e+02 3.740880e+00
5.450000e+02 3.730293e+00
5.460000e+02 3.759725e+00
5.470000e+02 3.818980e+00
5.480000e+02 3.985032e+00
5.490000e+02 4.180802e+00
5.500000e+02 4.397618e+00
5.510000e+02 4.435323e+00
5.520000e+02 4.242084e+00
5.530000e+02 3.629924e+00
5.540000e+02 2.674826e+00
5.550000e+02 1.353999e+00
5.560000e+02 -6.607968e-02
5.570000e+02 -1.499411e+00
5.580000e+02 -2.651356e+00
5.590000e+02 -3.539078e+00
5.600000e+02 -3.989919e+00
5.610000e+02 -4.207637e+00
5.620000e+02 -4.158496e+00
5.630000e+02 -4.102817e+00
5.640000e+02 -3.967641e+00
5.650000e+02 -3.966775e+00
5.660000e+02 -3.913815e+00
5.670000e+02 -3.959830e+00
5.680000e+02 -3.894965e+00
5.690000e+02 -3.896038e+00
5.700000e+02 -3.767669e+00
5.710000e+02 -3.751381e+00
5.720000e+02 -3.661783e+00
5.730000e+02 -3.738948e+00
5.740000e+02 -3.747853e+00
5.750000e+02 -3.905318e+00
5.760000e+02 -3.957239e+00
5.770000e+02 -4.117875e+00
5.780000e+02 -4.117376e+00
5.790000e+02 -4.219625e+00
5.800000e+02 -4.163422e+00
5.810000e+02 -4.220190e+00
5.820000e+02 -4.113534e+00
5.830000e+02 -4.138545e+00
5.840000e+02 -4.018591e+00
5.850000e+02 -4.043662e+00
5.860000e+02 -3.928743e+00
5.870000e+02 -3.990337e+00
5.880000e+02 -3.909004e+00
5.890000e+02 -3.993883e+00
5.900000e+02 -3.916068e+00
5.910000e+02 -3.980376e+00
5.920000e+02 -3.853490e+00
5.930000e+02 -3.886607e+00
5.940000e+02 -3.754510e+00
5.950000e+02 -3.823434e+00
5.960000e+02 -3.766407e+00
5.970000e+02 -3.942697e+00
5.980000e+02 -3.979445e+00
5.990000e+02 -4.204243e+00
6.000000e+02 -4.227006e+00
6.010000e+02 -4.397536e+00
6.020000e+02 -4.321051e+00
6.030000e+02 -4.382656e+00
6.040000e+02 -4.218681e+00
6.050000e+02 -4.226103e+00
6.060000e+02 -4.042402e+00
6.070000e+02 -4.059718e+00
6.080000e+02 -3.894697e+00
6.090000e+02 -3.967889e+00
6.100000e+02 -3.898201e+00
6.110000e+02 -4.086892e+00
6.120000e+02 -4.133913e+00
6.130000e+02 -4.410466e+00
6.140000e+02 -4.429991e+00
6.150000e+02 -4.499129e+00
6.160000e+02 -4.113463e+00
6.170000e+02 -3.594048e+00
6.180000e+02 -2.506231e+00
6.190000e+02 -1.327639e+00
6.200000e+02 2.238297e-01
6.210000e+02 1.565880e+00
6.220000e+02 2.935319e+00
6.230000e+02 3.785220e+00
6.240000e+02 4.472182e+00
6.250000e+02 4.603438e+00
6.260000e+02 4.676923e+00
6.270000e+02 4.393845e+00
6.280000e+02 4.274199e+00
6.290000e+02 3.975450e+00
6.300000e+02 3.940033e+00
6.310000e+02 3.745654e+00
6.320000e+02 3.781556e+00
6.330000e+02 3.634876e+00
6.340000e+02 3.717149e+00
6.350000e+02 3.641829e+00
6.360000e+02 3.830900e+00
6.370000e+02 3.868113e+00
6.380000e+02 4.104839e+00
6.390000e+02 4.043275e+00
6.400000e+02 3.937241e+00
6.410000e+02 3.367992e+00
6.420000e+02 2.560900e+00
6.430000e+02 1.283064e+00
6.440000e+02 -8.284283e-02
6.450000e+02 -1.594005e+00
6.460000e+02 -2.778124e+00
6.470000e+02 -3.659448e+00
6.480000e+02 -3.854367e+00
6.490000e+02 -3.564042e+00
6.500000e+02 -2.611329e+00
6.510000e+02 -1.382673e+00
6.520000e+02 1.324579e-01
6.530000e+02 1.495335e+00
6.540000e+02 2.759129e+00
6.550000e+02 3.605125e+00
6.560000e+02 4.213042e+00
6.570000e+02 4.427074e+00
6.580000e+02 4.539355e+00
6.590000e+02 4.429482e+00
6.600000e+02 4.366512e+00
6.610000e+02 4.201974e+00
6.620000e+02 4.129218e+00
6.630000e+02 3.959303e+00
6.640000e+02 3.869617e+00
6.650000e+02 3.696249e+00
6.660000e+02 3.637210e+00
6.670000e+02 3.563070e+00
6.680000e+02 3.656522e+00
6.690000e+02 3.749405e+00
6.700000e+02 3.935039e+00
6.710000e+02 3.967276e+00
6.720000e+02 3.871692e+00
6.730000e+02 3.410015e+00
6.740000e+02 2.660424e+00
6.750000e+02 1.524494e+00
6.760000e+02 2.388869e-01
6.770000e+02 -1.133392e+00
6.780000e+02 -2.271581e+00
6.790000e+02 -3.078949e+00
6.800000e+02 -3.308814e+00
6.810000e+02 -3.023778e+00
6.820000e+02 -2.188734e+00
6.830000e+02 -1.026870e+00
6.840000e+02 3.450312e-01
6.850000e+02 1.657288e+00
6.860000e+02 2.821677e+00
6.870000e+02 3.666851e+00
6.880000e+02 4.244691e+00
6.890000e+02 4.537982e+00
6.900000e+02 4.660538e+00
6.910000e+02 4.651231e+00
6.920000e+02 4.619306e+00
6.930000e+02 4.561308e+00
6.940000e+02 4.518095e+00
6.950000e+02 4.448565e+00
6.960000e+02 4.372639e+00
6.970000e+02 4.269466e+00
6.980000e+02 4.154644e+00
6.990000e+02 4.038350e+00
7.000000e+02 3.935123e+00
7.010000e+02 3.845471e+00
7.020000e+02 3.754353e+00
7.030000e+02 3.648669e+00
7.040000e+02 3.515452e+00
7.050000e+02 3.389537e+00
7.060000e+02 3.277846e+00
7.070000e+02 3.250010e+00
7.080000e+02 3.315846e+00
7.090000e+02 3.509542e+00
7.100000e+02 3.734382e+00
7.110000e+02 3.934116e+00
7.120000e+02 3.942228e+00
7.130000e+02 3.675406e+00
7.140000e+02 3.009238e+00
7.150000e+02 2.018749e+00
7.160000e+02 7.354190e-01
7.170000e+02 -6.156514e-01
7.180000e+02 -1.917684e+00
7.190000e+02 -2.945880e+00
7.200000e+02 -3.685060e+00
7.210000e+02 -4.062337e+00
7.220000e+02 -4.234571e+00
7.230000e+02 -4.232738e+00
7.240000e+02 -4.245511e+00
7.250000e+02 -4.239222e+00
7.260000e+02 -4.283751e+00
7.270000e+02 -4.196098e+00
7.280000e+02 -3.954935e+00
7.290000e+02 -3.371195e+00
7.300000e+02 -2.492616e+00
7.310000e+02 -1.259275e+00
7.320000e+02 9.656262e-02
7.330000e+02 1.499472e+00
7.340000e+02 2.633763e+00
7.350000e+02 3.415985e+00
7.360000e+02 3.622219e+00
7.370000e+02 3.317881e+00
7.380000e+02 2.431534e+00
7.390000e+02 1.212893e+00
7.400000e+02 -2.568620e-01
7.410000e+02 -1.643281e+00
7.420000e+02 -2.832113e+00
7.430000e+02 -3.527907e+00
7.440000e+02 -3.739459e+00
7.450000e+02 -3.319904e+00
7.460000e+02 -2.452664e+00
7.470000e+02 -1.180426e+00
7.480000e+02 1.838654e-01
7.490000e+02 1.553202e+00
7.500000e+02 2.637376e+00
7.510000e+02 3.446474e+00
7.520000e+02 3.856549e+00
7.530000e+02 4.034150e+00
7.540000e+02 3.965342e+00
7.550000e+02 3.883816e+00
7.560000e+02 3.775450e+00
7.570000e+02 3.796755e+00
7.580000e+02 3.843719e+00
7.590000e+02 3.988597e+00
7.600000e+02 4.080294e+00
7.610000e+02 4.181759e+00
7.620000e+02 4.172878e+00
7.630000e+02 4.158004e+00
7.640000e+02 4.059654e+00
7.650000e+02 3.993212e+00
7.660000e+02 3.881631e+00
7.670000e+02 3.831253e+00
7.680000e+02 3.758790e+00
7.690000e+02 3.754279e+00
7.700000e+02 3.753301e+00
7.710000e+02 3.851690e+00
7.720000e+02 3.966269e+00
7.730000e+02 4.142896e+00
7.740000e+02 4.250882e+00
7.750000e+02 4.263303e+00
7.760000e+02 3.999396e+00
7.770000e+02 3.448896e+00
7.780000e+02 2.534018e+00
7.790000e+02 1.348868e+00
7.800000e+02 -3.012280e-02
7.810000e+02 -1.384837e+00
7.820000e+02 -2.584566e+00
7.830000e+02 -3.444914e+00
7.840000e+02 -3.947803e+00
7.850000e+02 -4.090800e+00
7.860000e+02 -3.988283e+00
7.870000e+02 -3.750111e+00
7.880000e+02 -3.527375e+00
7.890000e+02 -3.388250e+00
7.900000e+02 -3.365304e+00
7.910000e+02 -3.435697e+00
7.920000e+02 -3.566423e+00
7.930000e+02 -3.706958e+00
7.940000e+02 -3.831335e+00
7.950000e+02 -3.966691e+00
7.960000e+02 -4.106874e+00
7.970000e+02 -4.275366e+00
7.980000e+02 -4.404662e+00
7.990000e+02 -4.442744e+00
8.000000e+02 -4.300868e+00
8.010000e+02 -3.740511e+00
8.020000e+02 -2.942700e+00
8.030000e+02 -1.636700e+00
8.040000e+02 -2.314948e-01
8.050000e+02 1.390090e+00
8.060000e+02 2.686556e+00
8.070000e+02 3.745204e+00
8.080000e+02 4.062356e+00
8.090000e+02 3.893933e+00
8.100000e+02 2.950311e+00
8.110000e+02 1.699150e+00
8.120000e+02 2.149934e-02
8.130000e+02 -1.482884e+00
8.140000e+02 -2.910681e+00
8.150000e+02 -3.697347e+00
8.160000e+02 -4.074265e+00
8.170000e+02 -3.638403e+00
8.180000e+02 -2.798222e+00
8.190000e+02 -1.330430e+00
8.200000e+02 1.850076e-01
8.210000e+02 1.878022e+00
8.220000e+02 3.125661e+00
8.230000e+02 4.106843e+00
8.240000e+02 4.304446e+00
8.250000e+02 4.074100e+00
8.260000e+02 3.095289e+00
8.270000e+02 1.907244e+00
8.280000e+02 3.208040e-01
8.290000e+02 -1.062711e+00
8.300000e+02 -2.463480e+00
8.310000e+02 -3.359119e+00
8.320000e+02 -4.118673e+00
8.330000e+02 -4.377669e+00
8.340000e+02 -4.608977e+00
8.350000e+02 -4.514110e+00
8.360000e+02 -4.589875e+00
8.370000e+02 -4.470985e+00
8.380000e+02 -4.556802e+00
8.390000e+02 -4.371362e+00
8.400000e+02 -4.219416e+00
8.410000e+02 -3.601117e+00
8.420000e+02 -2.857671e+00
8.430000e+02 -1.580362e+00
8.440000e+02 -2.607567e-01
8.450000e+02 1.338380e+00
8.460000e+02 2.603443e+00
8.470000e+02 3.722446e+00
8.480000e+02 4.104497e+00
8.490000e+02 4.051802e+00
8.500000e+02 3.188148e+00
8.510000e+02 2.027595e+00
8.520000e+02 3.793321e-01
8.530000e+02 -1.102745e+00
8.540000e+02 -2.555760e+00
8.550000e+02 -3.379624e+00
8.560000e+02 -3.825889e+00
8.570000e+02 -3.472952e+00
8.580000e+02 -2.756288e+00
8.590000e+02 -1.431240e+00
8.600000e+02 -6.560132e-02
8.610000e+02 1.492630e+00
8.620000e+02 2.649968e+00
8.630000e+02 3.582456e+00
8.640000e+02 3.802514e+00
8.650000e+02 3.606046e+00
8.660000e+02 2.675430e+00
8.670000e+02 1.487106e+00
8.680000e+02 -1.106031e-01
8.690000e+02 -1.539293e+00
8.700000e+02 -2.899073e+00
8.710000e+02 -3.661394e+00
8.720000e+02 -4.010459e+00
8.730000e+02 -3.587924e+00
8.740000e+02 -2.773224e+00
8.750000e+02 -1.388439e+00
8.760000e+02 5.567348e-02
8.770000e+02 1.625537e+00
8.780000e+02 2.797477e+00
8.790000e+02 3.668227e+00
8.800000e+02 3.844635e+00
8.810000e+02 3.579034e+00
8.820000e+02 2.653141e+00
8.830000e+02 1.478188e+00
8.840000e+02 -1.322556e-02
8.850000e+02 -1.364713e+00
8.860000e+02 -2.655442e+00
8.870000e+02 -3.528419e+00
8.880000e+02 -4.168895e+00
8.890000e+02 -4.380400e+00
8.900000e+02 -4.471223e+00
8.910000e+02 -4.318202e+00
8.920000e+02 -4.230489e+00
8.930000e+02 -4.069496e+00
8.940000e+02 -4.063063e+00
8.950000e+02 -4.021541e+00
8.960000e+02 -4.093078e+00
8.970000e+02 -4.068467e+00
8.980000e+02 -4.104029e+00
8.990000e+02 -4.019008e+00
9.000000e+02 -3.974989e+00
9.010000e+02 -3.838914e+00
9.020000e+02 -3.772972e+00
9.030000e+02 -3.668892e+00
9.040000e+02 -3.665114e+00
9.050000e+02 -3.640160e+00
9.060000e+02 -3.719562e+00
9.070000e+02 -3.781530e+00
9.080000e+02 -3.908894e+00
9.090000e+02 -3.988609e+00
9.100000e+02 -4.092373e+00
9.110000e+02 -4.129345e+00
9.120000e+02 -4.177012e+00
9.130000e+02 -4.177087e+00
9.140000e+02 -4.212937e+00
9.150000e+02 -4.240468e+00
9.160000e+02 -4.307271e+00
9.170000e+02 -4.356000e+00
9.180000e+02 -4.392889e+00
9.190000e+02 -4.361732e+00
9.200000e+02 -4.270267e+00
9.210000e+02 -4.114016e+00
9.220000e+02 -3.939476e+00
9.230000e+02 -3.795146e+00
9.240000e+02 -3.724853e+00
9.250000e+02 -3.748111e+00
9.260000e+02 -3.810404e+00
9.270000e+02 -3.855826e+00
9.280000e+02 -3.738400e+00
9.290000e+02 -3.369048e+00
9.300000e+02 -2.646896e+00
9.310000e+02 -1.619009e+00
9.320000e+02 -3.242741e-01
9.330000e+02 1.009340e+00
9.340000e+02 2.229827e+00
9.350000e+02 3.065716e+00
9.360000e+02 3.429783e+00
9.370000e+02 3.179930e+00
9.380000e+02 2.430187e+00
9.390000e+02 1.216948e+00
9.400000e+02 -1.815631e-01
9.410000e+02 -1.637120e+00
9.420000e+02 -2.842736e+00
9.430000e+02 -3.715147e+00
9.440000e+02 -4.017204e+00
9.450000e+02 -3.807932e+00
9.460000e+02 -2.996941e+00
9.470000e+02 -1.795733e+00
9.480000e+02 -2.602861e-01
9.490000e+02 1.259627e+00
9.500000e+02 2.641480e+00
9.510000e+02 3.530525e+00
9.520000e+02 3.898284e+00
9.530000e+02 3.545350e+00
9.540000e+02 2.662225e+00
9.550000e+02 1.270643e+00
9.560000e+02 -2.606221e-01
9.570000e+02 -1.824217e+00
9.580000e+02 -3.065862e+00
9.590000e+02 -4.008724e+00
9.600000e+02 -4.483282e+00
9.610000e+02 -4.634237e+00
9.620000e+02 -4.542010e+00
9.630000e+02 -4.370239e+00
9.640000e+02 -4.186140e+00
9.650000e+02 -4.098712e+00
9.660000e+02 -4.065713e+00
9.670000e+02 -4.116967e+00
9.680000e+02 -4.148437e+00
9.690000e+02 -4.203168e+00
9.700000e+02 -4.198954e+00
9.710000e+02 -4.230139e+00
9.720000e+02 -4.224520e+00
9.730000e+02 -4.277072e+00
9.740000e+02 -4.246742e+00
9.750000e+02 -4.159065e+00
9.760000e+02 -3.819395e+00
9.770000e+02 -3.255387e+00
9.780000e+02 -2.288643e+00
9.790000e+02 -1.075203e+00
9.800000e+02 4.107520e-01
9.810000e+02 1.850814e+00
9.820000e+02 3.169161e+00
9.830000e+02 4.004874e+00
9.840000e+02 4.334540e+00
9.850000e+02 3.932094e+00
9.860000e+02 3.018192e+00
9.870000e+02 1.569915e+00
9.880000e+02 -1.209284e-02
9.890000e+02 -1.658095e+00
9.900000e+02 -2.980470e+00
9.910000e+02 -4.023530e+00
9.920000e+02 -4.560673e+00
9.930000e+02 -4.848200e+00
9.940000e+02 -4.786265e+00
9.950000e+02 -4.694050e+00
9.960000e+02 -4.465249e+00
9.970000e+02 -4.363893e+00
9.980000e+02 -4.182828e+00
9.990000e+02 -4.121956e+00
1.000000e+03 -3.952336e+00
1.001000e+03 -3.910100e+00
1.002000e+03 -3.783908e+00
1.003000e+03 -3.842000e+00
1.004000e+03 -3.863908e+00
1.005000e+03 -4.057746e+00
1.006000e+03 -4.113519e+00
1.007000e+03 -4.154540e+00
1.008000e+03 -3.810385e+00
1.009000e+03 -3.260357e+00
1.010000e+03 -2.241214e+00
1.011000e+03 -1.071927e+00
1.012000e+03 3.448348e-01
1.013000e+03 1.573361e+00
1.014000e+03 2.708664e+00
1.015000e+03 3.376775e+00
1.016000e+03 3.829847e+00
1.017000e+03 3.893333e+00
1.018000e+03 3.951067e+00
1.019000e+03 3.881824e+00
1.020000e+03 4.053911e+00
1.021000e+03 4.216956e+00
1.022000e+03 4.554985e+00
1.023000e+03 4.672036e+00
1.024000e+03 4.664356e+00
1.025000e+03 4.118319e+00
1.026000e+03 3.242665e+00
1.027000e+03 1.824803e+00
1.028000e+03 2.743002e-01
1.029000e+03 -1.434701e+00
1.030000e+03 -2.778049e+00
1.031000e+03 -3.783134e+00
1.032000e+03 -4.025713e+00
1.033000e+03 -3.722229e+00
1.034000e+03 -2.703196e+00
1.035000e+03 -1.395706e+00
1.036000e+03 2.184274e-01
1.037000e+03 1.647740e+00
1.038000e+03 2.957638e+00
1.039000e+03 3.787906e+00
1.040000e+03 4.361061e+00
1.041000e+03 4.504912e+00
1.042000e+03 4.560193e+00
1.043000e+03 4.390005e+00
1.044000e+03 4.314624e+00
1.045000e+03 4.137285e+00
1.046000e+03 4.089709e+00
1.047000e+03 3.940777e+00
1.048000e+03 3.893909e+00
1.049000e+03 3.743812e+00
1.050000e+03 3.751501e+00
1.051000e+03 3.740360e+00
1.052000e+03 3.935081e+00
1.053000e+03 4.107837e+00
1.054000e+03 4.379011e+00
1.055000e+03 4.436646e+00
1.056000e+03 4.324551e+00
1.057000e+03 3.750354e+00
1.058000e+03 2.870713e+00
1.059000e+03 1.559834e+00
1.060000e+03 1.338812e-01
1.061000e+03 -1.378025e+00
1.062000e+03 -2.617642e+00
1.063000e+03 -3.590373e+00
1.064000e+03 -4.098931e+00
1.065000e+03 -4.344709e+00
1.066000e+03 -4.302145e+00
1.067000e+03 -4.258700e+00
1.068000e+03 -4.207551e+00
1.069000e+03 -4.313662e+00
1.070000e+03 -4.404255e+00
1.071000e+03 -4.464876e+00
1.072000e+03 -4.226374e+00
1.073000e+03 -3.664486e+00
1.074000e+03 -2.637543e+00
1.075000e+03 -1.306179e+00
1.076000e+03 2.497332e-01
1.077000e+03 1.726291e+00
1.078000e+03 2.981945e+00
1.079000e+03 3.799030e+00
1.080000e+03 4.199295e+00
1.081000e+03 4.197765e+00
1.082000e+03 3.993304e+00
1.083000e+03 3.718669e+00
1.084000e+03 3.558106e+00
1.085000e+03 3.543236e+00
1.086000e+03 3.676917e+00
1.087000e+03 3.826071e+00
1.088000e+03 3.837223e+00
1.089000e+03 3.558849e+00
1.090000e+03 2.903021e+00
1.091000e+03 1.860707e+00
1.092000e+03 5.177509e-01
1.093000e+03 -9.261577e-01
1.094000e+03 -2.267256e+00
1.095000e+03 -3.248716e+00
1.096000e+03 -3.723740e+00
1.097000e+03 -3.555525e+00
1.098000e+03 -2.804758e+00
1.099000e+03 -1.539941e+00
1.100000e+03 -2.713537e-02
1.101000e+03 1.543651e+00
1.102000e+03 2.842093e+00
1.103000e+03 3.718171e+00
1.104000e+03 3.954492e+00
1.105000e+03 3.600393e+00
1.106000e+03 2.620412e+00
1.107000e+03 1.265866e+00
1.108000e+03 -3.438183e-01
1.109000e+03 -1.856332e+00
1.110000e+03 -3.155349e+00
1.111000e+03 -3.924171e+00
1.112000e+03 -4.174273e+00
1.113000e+03 -3.765194e+00
1.114000e+03 -2.896962e+00
1.115000e+03 -1.579777e+00
1.116000e+03 -1.683340e-01
1.117000e+03 1.273283e+00
1.118000e+03 2.415190e+00
1.119000e+03 3.295489e+00
1.120000e+03 3.753627e+00
1.121000e+03 3.893204e+00
1.122000e+03 3.887358e+00
1.123000e+03 3.782425e+00
1.124000e+03 3.772710e+00
1.125000e+03 3.823099e+00
1.126000e+03 3.977246e+00
1.127000e+03 4.040381e+00
1.128000e+03 3.925868e+00
1.129000e+03 3.436775e+00
1.130000e+03 2.558884e+00
1.131000e+03 1.238917e+00
1.132000e+03 -3.310494e-01
1.133000e+03 -1.994687e+00
1.134000e+03 -3.439209e+00
1.135000e+03 -4.472579e+00
1.136000e+03 -4.868117e+00
1.137000e+03 -4.602660e+00
1.138000e+03 -3.685380e+00
1.139000e+03 -2.313412e+00
1.140000e+03 -6.752272e-01
1.141000e+03 9.541221e-01
1.142000e+03 2.390879e+00
1.143000e+03 3.471086e+00
1.144000e+03 4.173401e+00
1.145000e+03 4.503123e+00
1.146000e+03 4.566812e+00
1.147000e+03 4.471345e+00
1.148000e+03 4.328603e+00
1.149000e+03 4.202178e+00
1.150000e+03 4.122714e+00
1.151000e+03 4.076890e+00
1.152000e+03 4.044314e+00
1.153000e+03 4.003708e+00
1.154000e+03 3.926950e+00
1.155000e+03 3.836065e+00
1.156000e+03 3.733118e+00
1.157000e+03 3.652616e+00
1.158000e+03 3.594288e+00
1.159000e+03 3.582070e+00
1.160000e+03 3.581015e+00
1.161000e+03 3.628624e+00
1.162000e+03 3.691494e+00
1.163000e+03 3.801454e+00
1.164000e+03 3.918579e+00
1.165000e+03 4.064198e+00
1.166000e+03 4.141189e+00
1.167000e+03 4.109508e+00
1.168000e+03 3.825879e+00
1.169000e+03 3.274399e+00
1.170000e+03 2.355463e+00
1.171000e+03 1.162471e+00
1.172000e+03 -2.525752e-01
1.173000e+03 -1.647663e+00
1.174000e+03 -2.888530e+00
1.175000e+03 -3.715092e+00
1.176000e+03 -4.049177e+00
1.177000e+03 -3.758057e+00
1.178000e+03 -2.964614e+00
1.179000e+03 -1.707498e+00
1.180000e+03 -2.588814e-01
1.181000e+03 1.243578e+00
1.182000e+03 2.495768e+00
1.183000e+03 3.404258e+00
1.184000e+03 3.755089e+00
1.185000e+03 3.593867e+00
1.186000e+03 2.850261e+00
1.187000e+03 1.726223e+00
1.188000e+03 2.875329e-01
1.189000e+03 -1.151886e+00
1.190000e+03 -2.479114e+00
1.191000e+03 -3.389028e+00
1.192000e+03 -3.833587e+00
1.193000e+03 -3.641690e+00
1.194000e+03 -2.965667e+00
1.195000e+03 -1.809119e+00
1.196000e+03 -4.775249e-01
1.197000e+03 9.208406e-01
1.198000e+03 2.080796e+00
1.199000e+03 2.985367e+00
1.200000e+03 3.470321e+00
1.201000e+03 3.710234e+00
1.202000e+03 3.694905e+00
1.203000e+03 3.673218e+00
1.204000e+03 3.626486e+00
1.205000e+03 3.718155e+00
1.206000e+03 3.784445e+00
1.207000e+03 3.838641e+00
1.208000e+03 3.628649e+00
1.209000e+03 3.180813e+00
1.210000e+03 2.322447e+00
1.211000e+03 1.226796e+00
1.212000e+03 -1.020387e-01
1.213000e+03 -1.362661e+00
1.214000e+03 -2.515715e+00
1.215000e+03 -3.320977e+00
1.216000e+03 -3.853574e+00
1.217000e+03 -4.021514e+00
1.218000e+03 -4.050913e+00
1.219000e+03 -3.920212e+00
1.220000e+03 -3.844070e+00
1.221000e+03 -3.751798e+00
1.222000e+03 -3.776085e+00
1.223000e+03 -3.772032e+00
1.224000e+03 -3.832775e+00
1.225000e+03 -3.817427e+00
1.226000e+03 -3.848312e+00
1.227000e+03 -3.815176e+00
1.228000e+03 -3.848696e+00
1.229000e+03 -3.832370e+00
1.230000e+03 -3.872680e+00
1.231000e+03 -3.828375e+00
1.232000e+03 -3.802290e+00
1.233000e+03 -3.695564e+00
1.234000e+03 -3.650611e+00
1.235000e+03 -3.596371e+00
1.236000e+03 -3.676359e+00
1.237000e+03 -3.774134e+00
1.238000e+03 -3.932734e+00
1.239000e+03 -3.948080e+00
1.240000e+03 -3.790646e+00
1.241000e+03 -3.256682e+00
1.242000e+03 -2.415976e+00
1.243000e+03 -1.224428e+00
1.244000e+03 8.833331e-02
1.245000e+03 1.424899e+00
1.246000e+03 2.514593e+00
1.247000e+03 3.312425e+00
1.248000e+03 3.702248e+00
1.249000e+03 3.835182e+00
1.250000e+03 3.756338e+00
1.251000e+03 3.690441e+00
1.252000e+03 3.675419e+00
1.253000e+03 3.810904e+00
1.254000e+03 3.964767e+00
1.255000e+03 4.070169e+00
1.256000e+03 3.906531e+00
1.257000e+03 3.410717e+00
1.258000e+03 2.473485e+00
1.259000e+03 1.203776e+00
1.260000e+03 -2.978860e-01
1.261000e+03 -1.760855e+00
1.262000e+03 -2.999995e+00
1.263000e+03 -3.766275e+00
1.264000e+03 -3.966295e+00
1.265000e+03 -3.549882e+00
1.266000e+03 -2.636575e+00
1.267000e+03 -1.352205e+00
1.268000e+03 6.019497e-02
1.269000e+03 1.410671e+00
1.270000e+03 2.505149e+00
1.271000e+03 3.262845e+00
1.272000e+03 3.654051e+00
1.273000e+03 3.752883e+00
1.274000e+03 3.663713e+00
1.275000e+03 3.526724e+00
1.276000e+03 3.444073e+00
1.277000e+03 3.469610e+00
1.278000e+03 3.580832e+00
1.279000e+03 3.669850e+00
1.280000e+03 3.612369e+00
1.281000e+03 3.288204e+00
1.282000e+03 2.568461e+00
1.283000e+03 1.492940e+00
1.284000e+03 1.179657e-01
1.285000e+03 -1.328112e+00
1.286000e+03 -2.662421e+00
1.287000e+03 -3.583376e+00
1.288000e+03 -3.990432e+00
1.289000e+03 -3.740222e+00
1.290000e+03 -2.941569e+00
1.291000e+03 -1.672333e+00
1.292000e+03 -2.379075e-01
1.293000e+03 1.227485e+00
1.294000e+03 2.430677e+00
1.295000e+03 3.368099e+00
1.296000e+03 3.916624e+00
1.297000e+03 4.237037e+00
1.298000e+03 4.318815e+00
1.299000e+03 4.388394e+00
1.300000e+03 4.388579e+00
1.301000e+03 4.467502e+00
1.302000e+03 4.477188e+00
1.303000e+03 4.523742e+00
1.304000e+03 4.424104e+00
1.305000e+03 4.331203e+00
1.306000e+03 4.140470e+00
1.307000e+03 4.060899e+00
1.308000e+03 3.978430e+00
1.309000e+03 4.074320e+00
1.310000e+03 4.130182e+00
1.311000e+03 4.221815e+00
1.312000e+03 4.037282e+00
1.313000e+03 3.635684e+00
1.314000e+03 2.759434e+00
1.315000e+03 1.618411e+00
1.316000e+03 1.263895e-01
1.317000e+03 -1.325836e+00
1.318000e+03 -2.708210e+00
1.319000e+03 -3.583959e+00
1.320000e+03 -3.990758e+00
1.321000e+03 -3.635374e+00
1.322000e+03 -2.774837e+00
1.323000e+03 -1.324584e+00
1.324000e+03 2.610021e-01
1.325000e+03 1.952653e+00
1.326000e+03 3.258821e+00
1.327000e+03 4.203066e+00
1.328000e+03 4.421091e+00
1.329000e+03 4.142825e+00
1.330000e+03 3.187932e+00
1.331000e+03 1.960668e+00
1.332000e+03 4.100537e-01
1.333000e+03 -1.007614e+00
1.334000e+03 -2.378212e+00
1.335000e+03 -3.332455e+00
1.336000e+03 -4.109954e+00
1.337000e+03 -4.456131e+00
1.338000e+03 -4.699830e+00
1.339000e+03 -4.652898e+00
1.340000e+03 -4.652015e+00
1.341000e+03 -4.461123e+00
1.342000e+03 -4.376812e+00
1.343000e+03 -4.129267e+00
1.344000e+03 -4.016898e+00
1.345000e+03 -3.766307e+00
1.346000e+03 -3.682869e+00
1.347000e+03 -3.506444e+00
1.348000e+03 -3.531853e+00
1.349000e+03 -3.456108e+00
1.350000e+03 -3.543415e+00
1.351000e+03 -3.477206e+00
1.352000e+03 -3.530589e+00
1.353000e+03 -3.419330e+00
1.354000e+03 -3.468794e+00
1.355000e+03 -3.426818e+00
1.356000e+03 -3.614070e+00
1.357000e+03 -3.729778e+00
1.358000e+03 -4.006575e+00
1.359000e+03 -4.041704e+00
1.360000e+03 -3.996244e+00
1.361000e+03 -3.462897e+00
1.362000e+03 -2.673176e+00
1.363000e+03 -1.363242e+00
1.364000e+03 5.434597e-02
1.365000e+03 1.670334e+00
1.366000e+03 2.964892e+00
1.367000e+03 4.013401e+00
1.368000e+03 4.356371e+00
1.369000e+03 4.205890e+00
1.370000e+03 3.318864e+00
1.371000e+03 2.094944e+00
1.372000e+03 4.459238e-01
1.373000e+03 -1.113965e+00
1.374000e+03 -2.625165e+00
1.375000e+03 -3.587114e+00
1.376000e+03 -4.125400e+00
1.377000e+03 -3.904797e+00
1.378000e+03 -3.207753e+00
1.379000e+03 -1.885784e+00
1.380000e+03 -4.080238e-01
1.381000e+03 1.254468e+00
1.382000e+03 2.615200e+00
1.383000e+03 3.761002e+00
1.384000e+03 4.358084e+00
1.385000e+03 4.683876e+00
1.386000e+03 4.595533e+00
1.387000e+03 4.483142e+00
1.388000e+03 4.232073e+00
1.389000e+03 4.145356e+00
1.390000e+03 3.975093e+00
1.391000e+03 3.855442e+00
1.392000e+03 3.435816e+00
1.393000e+03 2.845345e+00
1.394000e+03 1.825738e+00
1.395000e+03 6.458809e-01
1.396000e+03 -7.667050e-01
1.397000e+03 -2.029489e+00
1.398000e+03 -3.186747e+00
1.399000e+03 -3.925051e+00
1.400000e+03 -4.411314e+00
1.401000e+03 -4.514419e+00
1.402000e+03 -4.524614e+00
1.403000e+03 -4.366440e+00
1.404000e+03 -4.307892e+00
1.405000e+03 -4.215039e+00
1.406000e+03 -4.245546e+00
1.407000e+03 -4.198967e+00
1.408000e+03 -4.210120e+00
1.409000e+03 -4.105680e+00
1.410000e+03 -4.053005e+00
1.411000e+03 -3.945064e+00
1.412000e+03 -3.954956e+00
1.413000e+03 -3.941279e+00
1.414000e+03 -3.996972e+00
1.415000e+03 -3.904207e+00
1.416000e+03 -3.674755e+00
1.417000e+03 -3.089749e+00
1.418000e+03 -2.210172e+00
1.419000e+03 -9.495440e-01
1.420000e+03 4.745733e-01
1.421000e+03 1.971314e+00
1.422000e+03 3.216509e+00
1.423000e+03 4.076402e+00
1.424000e+03 4.308242e+00
1.425000e+03 3.932124e+00
1.426000e+03 2.932548e+00
1.427000e+03 1.548058e+00
1.428000e+03 -5.232430e-02
1.429000e+03 -1.565093e+00
1.430000e+03 -2.847294e+00
1.431000e+03 -3.725166e+00
1.432000e+03 -4.226302e+00
1.433000e+03 -4.388019e+00
1.434000e+03 -4.365652e+00
1.435000e+03 -4.257212e+00
1.436000e+03 -4.196348e+00
1.437000e+03 -4.215005e+00
1.438000e+03 -4.335855e+00
1.439000e+03 -4.498274e+00
1.440000e+03 -4.692688e+00
1.441000e+03 -4.745526e+00
1.442000e+03 -4.860713e+00
1.443000e+03 -4.760033e+00
1.444000e+03 -4.736024e+00
1.445000e+03 -4.538163e+00
1.446000e+03 -4.465960e+00
1.447000e+03 -4.261496e+00
1.448000e+03 -4.222931e+00
1.449000e+03 -4.102908e+00
1.450000e+03 -4.183681e+00
1.451000e+03 -4.195601e+00
1.452000e+03 -4.402812e+00
1.453000e+03 -4.500474e+00
1.454000e+03 -4.714184e+00
1.455000e+03 -4.719440e+00
1.456000e+03 -4.774833e+00
1.457000e+03 -4.609966e+00
1.458000e+03 -4.526619e+00
1.459000e+03 -4.314830e+00
1.460000e+03 -4.300395e+00
1.461000e+03 -4.223775e+00
1.462000e+03 -4.320724e+00
1.463000e+03 -4.230224e+00
1.464000e+03 -4.103007e+00
1.465000e+03 -3.553076e+00
1.466000e+03 -2.791887e+00
1.467000e+03 -1.571939e+00
1.468000e+03 -2.749906e-01
1.469000e+03 1.190459e+00
1.470000e+03 2.370265e+00
1.471000e+03 3.365250e+00
1.472000e+03 3.841265e+00
1.473000e+03 4.101793e+00
1.474000e+03 3.990869e+00
1.475000e+03 3.915726e+00
1.476000e+03 3.749081e+00
1.477000e+03 3.810137e+00
1.478000e+03 3.804183e+00
1.479000e+03 3.883807e+00
1.480000e+03 3.654013e+00
1.481000e+03 3.241650e+00
1.482000e+03 2.343431e+00
1.483000e+03 1.262492e+00
1.484000e+03 -1.210524e-01
1.485000e+03 -1.377326e+00
1.486000e+03 -2.575607e+00
1.487000e+03 -3.335541e+00
1.488000e+03 -3.865234e+00
1.489000e+03 -3.983813e+00
1.490000e+03 -4.042714e+00
1.491000e+03 -3.935225e+00
1.492000e+03 -4.009262e+00
1.493000e+03 -4.049585e+00
1.494000e+03 -4.236966e+00
1.495000e+03 -4.228839e+00
1.496000e+03 -4.107747e+00
1.497000e+03 -3.511371e+00
1.498000e+03 -2.623738e+00
1.499000e+03 -1.258374e+00
1.500000e+03 2.335210e-01
1.501000e+03 1.864012e+00
1.502000e+03 3.166277e+00
1.503000e+03 4.150949e+00
1.504000e+03 4.452016e+00
1.505000e+03 4.220002e+00
1.506000e+03 3.305265e+00
1.507000e+03 2.075448e+00
1.508000e+03 5.262374e-01
1.509000e+03 -9.145424e-01
1.510000e+03 -2.261411e+00
1.511000e+03 -3.184304e+00
1.512000e+03 -3.858662e+00
1.513000e+03 -4.136495e+00
1.514000e+03 -4.295514e+00
1.515000e+03 -4.250176e+00
1.516000e+03 -4.280013e+00
1.517000e+03 -4.225842e+00
1.518000e+03 -4.276527e+00
1.519000e+03 -4.201551e+00
1.520000e+03 -4.143203e+00
1.521000e+03 -3.914953e+00
1.522000e+03 -3.726340e+00
1.523000e+03 -3.454164e+00
1.524000e+03 -3.349464e+00
1.525000e+03 -3.278430e+00
1.526000e+03 -3.396533e+00
1.527000e+03 -3.459475e+00
1.528000e+03 -3.495111e+00
1.529000e+03 -3.181226e+00
1.530000e+03 -2.581893e+00
1.531000e+03 -1.511227e+00
1.532000e+03 -2.149270e-01
1.533000e+03 1.279422e+00
1.534000e+03 2.564645e+00
1.535000e+03 3.537313e+00
1.536000e+03 3.860859e+00
1.537000e+03 3.625395e+00
1.538000e+03 2.723067e+00
1.539000e+03 1.474304e+00
1.540000e+03 -2.542675e-02
1.541000e+03 -1.387933e+00
1.542000e+03 -2.563872e+00
1.543000e+03 -3.306471e+00
1.544000e+03 -3.751194e+00
1.545000e+03 -3.837206e+00
1.546000e+03 -3.834206e+00
1.547000e+03 -3.732506e+00
1.548000e+03 -3.761595e+00
1.549000e+03 -3.807136e+00
1.550000e+03 -3.957829e+00
1.551000e+03 -3.990273e+00
1.552000e+03 -3.900483e+00
1.553000e+03 -3.442582e+00
1.554000e+03 -2.698530e+00
1.555000e+03 -1.557342e+00
1.556000e+03 -2.447102e-01
1.557000e+03 1.180480e+00
1.558000e+03 2.371913e+00
1.559000e+03 3.246120e+00
1.560000e+03 3.531289e+00
1.561000e+03 3.278459e+00
1.562000e+03 2.416164e+00
1.563000e+03 1.216420e+00
1.564000e+03 -2.308874e-01
1.565000e+03 -1.579865e+00
1.566000e+03 -2.759037e+00
1.567000e+03 -3.535800e+00
1.568000e+03 -3.999429e+00
1.569000e+03 -4.090702e+00
1.570000e+03 -4.030969e+00
1.571000e+03 -3.818219e+00
1.572000e+03 -3.660701e+00
1.573000e+03 -3.500938e+00
1.574000e+03 -3.468475e+00
1.575000e+03 -3.441589e+00
1.576000e+03 -3.516460e+00
1.577000e+03 -3.567570e+00
1.578000e+03 -3.706204e+00
1.579000e+03 -3.824506e+00
1.580000e+03 -4.030968e+00
1.581000e+03 -4.199000e+00
1.582000e+03 -4.407087e+00
1.583000e+03 -4.508030e+00
1.584000e+03 -4.591975e+00
1.585000e+03 -4.522861e+00
1.586000e+03 -4.421224e+00
1.587000e+03 -4.210322e+00
1.588000e+03 -4.044103e+00
1.589000e+03 -3.849519e+00
1.590000e+03 -3.771400e+00
1.591000e+03 -3.704884e+00
1.592000e+03 -3.754812e+00
1.593000e+03 -3.784453e+00
1.594000e+03 -3.884980e+00
1.595000e+03 -3.917467e+00
1.596000e+03 -3.992405e+00
1.597000e+03 -3.992540e+00
1.598000e+03 -4.036401e+00
1.599000e+03 -4.017028e+00
1.600000e+03 -4.058262e+00
1.601000e+03 -4.076587e+00
1.602000e+03 -4.120402e+00
1.603000e+03 -4.162646e+00
1.604000e+03 -4.217793e+00
1.605000e+03 -4.244922e+00
1.606000e+03 -4.248808e+00
1.607000e+03 -4.209588e+00
1.608000e+03 -4.120548e+00
1.609000e+03 -3.985785e+00
1.610000e+03 -3.841454e+00
1.611000e+03 -3.720717e+00
1.612000e+03 -3.638138e+00
1.613000e+03 -3.622093e+00
1.614000e+03 -3.620511e+00
1.615000e+03 -3.600636e+00
1.616000e+03 -3.442698e+00
1.617000e+03 -3.078542e+00
1.618000e+03 -2.398738e+00
1.619000e+03 -1.435253e+00
1.620000e+03 -1.974729e-01
1.621000e+03 1.119936e+00
1.622000e+03 2.375350e+00
1.623000e+03 3.301134e+00
1.624000e+03 3.773968e+00
1.625000e+03 3.618394e+00
1.626000e+03 2.922439e+00
1.627000e+03 1.726549e+00
1.628000e+03 3.170328e-01
1.629000e+03 -1.155232e+00
1.630000e+03 -2.377216e+00
1.631000e+03 -3.290586e+00
1.632000e+03 -3.759517e+00
1.633000e+03 -3.953609e+00
1.634000e+03 -3.882739e+00
1.635000e+03 -3.813711e+00
1.636000e+03 -3.753094e+00
1.637000e+03 -3.852035e+00
1.638000e+03 -3.938448e+00
1.639000e+03 -4.020696e+00
1.640000e+03 -3.812300e+00
1.641000e+03 -3.319808e+00
1.642000e+03 -2.372283e+00
1.643000e+03 -1.163010e+00
1.644000e+03 3.036094e-01
1.645000e+03 1.674511e+00
1.646000e+03 2.905310e+00
1.647000e+03 3.711245e+00
1.648000e+03 4.199224e+00
1.649000e+03 4.278414e+00
1.650000e+03 4.240107e+00
1.651000e+03 4.067465e+00
1.652000e+03 4.036259e+00
1.653000e+03 4.024591e+00
1.654000e+03 4.152514e+00
1.655000e+03 4.120733e+00
1.656000e+03 3.962742e+00
1.657000e+03 3.401373e+00
1.658000e+03 2.559916e+00
1.659000e+03 1.310608e+00
1.660000e+03 -2.814186e-02
1.661000e+03 -1.462686e+00
1.662000e+03 -2.636492e+00
1.663000e+03 -3.598720e+00
1.664000e+03 -4.121736e+00
1.665000e+03 -4.427812e+00
1.666000e+03 -4.420190e+00
1.667000e+03 -4.403798e+00
1.668000e+03 -4.287081e+00
1.669000e+03 -4.288973e+00
1.670000e+03 -4.192153e+00
1.671000e+03 -4.099396e+00
1.672000e+03 -3.707149e+00
1.673000e+03 -3.121492e+00
1.674000e+03 -2.135771e+00
1.675000e+03 -9.876912e-01
1.676000e+03 3.815181e-01
1.677000e+03 1.616536e+00
1.678000e+03 2.731650e+00
1.679000e+03 3.425230e+00
1.680000e+03 3.862809e+00
1.681000e+03 3.911811e+00
1.682000e+03 3.870662e+00
1.683000e+03 3.710798e+00
1.684000e+03 3.725280e+00
1.685000e+03 3.772358e+00
1.686000e+03 3.980142e+00
1.687000e+03 4.051839e+00
1.688000e+03 4.008419e+00
1.689000e+03 3.545487e+00
1.690000e+03 2.773061e+00
1.691000e+03 1.565797e+00
1.692000e+03 2.206577e-01
1.693000e+03 -1.234033e+00
1.694000e+03 -2.443015e+00
1.695000e+03 -3.420127e+00
1.696000e+03 -3.946258e+00
1.697000e+03 -4.199752e+00
1.698000e+03 -4.123065e+00
1.699000e+03 -3.985101e+00
1.700000e+03 -3.747562e+00
1.701000e+03 -3.622307e+00
1.702000e+03 -3.482397e+00
1.703000e+03 -3.448376e+00
1.704000e+03 -3.365906e+00
1.705000e+03 -3.344846e+00
1.706000e+03 -3.268697e+00
1.707000e+03 -3.296065e+00
1.708000e+03 -3.333118e+00
1.709000e+03 -3.490287e+00
1.710000e+03 -3.607863e+00
1.711000e+03 -3.696498e+00
1.712000e+03 -3.531925e+00
1.713000e+03 -3.107393e+00
1.714000e+03 -2.271671e+00
1.715000e+03 -1.141721e+00
1.716000e+03 2.551125e-01
1.717000e+03 1.649614e+00
1.718000e+03 2.893210e+00
1.719000e+03 3.702458e+00
1.720000e+03 3.995984e+00
1.721000e+03 3.634306e+00
1.722000e+03 2.716107e+00
1.723000e+03 1.323696e+00
1.724000e+03 -2.820828e-01
1.725000e+03 -1.896944e+00
1.726000e+03 -3.222643e+00
1.727000e+03 -4.084685e+00
1.728000e+03 -4.316783e+00
1.729000e+03 -3.915421e+00
1.730000e+03 -2.933711e+00
1.731000e+03 -1.563388e+00
1.732000e+03 -1.424503e-02
1.733000e+03 1.464374e+00
1.734000e+03 2.691118e+00
1.735000e+03 3.559844e+00
1.736000e+03 4.048530e+00
1.737000e+03 4.240779e+00
1.738000e+03 4.254382e+00
1.739000e+03 4.225928e+00
1.740000e+03 4.216320e+00
1.741000e+03 4.273035e+00
1.742000e+03 4.330120e+00
1.743000e+03 4.369349e+00
1.744000e+03 4.296037e+00
1.745000e+03 4.143306e+00
1.746000e+03 3.909494e+00
1.747000e+03 3.721013e+00
1.748000e+03 3.585035e+00
1.749000e+03 3.594111e+00
1.750000e+03 3.644064e+00
1.751000e+03 3.709220e+00
1.752000e+03 3.567175e+00
1.753000e+03 3.177091e+00
1.754000e+03 2.393402e+00
1.755000e+03 1.329897e+00
1.756000e+03 1.012798e-02
1.757000e+03 -1.289362e+00
1.758000e+03 -2.486648e+00
1.759000e+03 -3.338706e+00
1.760000e+03 -3.849561e+00
1.761000e+03 -4.149313e+00
1.762000e+03 -4.086855e+00
1.763000e+03 -4.087980e+00
1.764000e+03 -3.951020e+00
1.765000e+03 -4.029812e+00
1.766000e+03 -4.019041e+00
1.767000e+03 -4.175500e+00
1.768000e+03 -4.153605e+00
1.769000e+03 -4.223408e+00
1.770000e+03 -4.096290e+00
1.771000e+03 -4.103551e+00
1.772000e+03 -3.995224e+00
1.773000e+03 -4.081563e+00
1.774000e+03 -4.033623e+00
1.775000e+03 -4.055181e+00
1.776000e+03 -3.755635e+00
1.777000e+03 -3.293353e+00
1.778000e+03 -2.316854e+00
1.779000e+03 -1.130565e+00
1.780000e+03 4.316102e-01
1.781000e+03 1.901844e+00
1.782000e+03 3.305212e+00
1.783000e+03 4.140693e+00
1.784000e+03 4.502569e+00
1.785000e+03 4.064478e+00
1.786000e+03 3.151646e+00
1.787000e+03 1.681290e+00
1.788000e+03 1.523120e-01
1.789000e+03 -1.426997e+00
1.790000e+03 -2.599226e+00
1.791000e+03 -3.491985e+00
1.792000e+03 -3.861731e+00
1.793000e+03 -4.039863e+00
1.794000e+03 -3.950857e+00
1.795000e+03 -3.976498e+00
1.796000e+03 -3.989559e+00
1.797000e+03 -4.224191e+00
1.798000e+03 -4.380857e+00
1.799000e+03 -4.520280e+00
1.800000e+03 -4.283111e+00
1.801000e+03 -3.765868e+00
1.802000e+03 -2.738858e+00
1.803000e+03 -1.484621e+00
1.804000e+03 2.187586e-02
1.805000e+03 1.393139e+00
1.806000e+03 2.630733e+00
1.807000e+03 3.443341e+00
1.808000e+03 3.984116e+00
1.809000e+03 4.142828e+00
1.810000e+03 4.199605e+00
1.811000e+03 4.112126e+00
1.812000e+03 4.125007e+00
1.813000e+03 4.122934e+00
1.814000e+03 4.250449e+00
1.815000e+03 4.318004e+00
1.816000e+03 4.422829e+00
1.817000e+03 4.417153e+00
1.818000e+03 4.431042e+00
1.819000e+03 4.356201e+00
1.820000e+03 4.342209e+00
1.821000e+03 4.291332e+00
1.822000e+03 4.302557e+00
1.823000e+03 4.244184e+00
1.824000e+03 4.213375e+00
1.825000e+03 4.110654e+00
1.826000e+03 4.042244e+00
1.827000e+03 3.964685e+00
1.828000e+03 3.995279e+00
1.829000e+03 4.051111e+00
1.830000e+03 4.156677e+00
1.831000e+03 4.153072e+00
1.832000e+03 3.983250e+00
1.833000e+03 3.461709e+00
1.834000e+03 2.583921e+00
1.835000e+03 1.321679e+00
1.836000e+03 -1.638580e-01
1.837000e+03 -1.717328e+00
1.838000e+03 -3.056448e+00
1.839000e+03 -3.991036e+00
1.840000e+03 -4.328023e+00
1.841000e+03 -4.035287e+00
1.842000e+03 -3.148729e+00
1.843000e+03 -1.840040e+00
1.844000e+03 -3.060017e-01
1.845000e+03 1.220331e+00
1.846000e+03 2.560342e+00
1.847000e+03 3.587739e+00
1.848000e+03 4.258993e+00
1.849000e+03 4.599753e+00
1.850000e+03 4.670107e+00
1.851000e+03 4.567424e+00
1.852000e+03 4.360127e+00
1.853000e+03 4.137042e+00
1.854000e+03 3.918487e+00
1.855000e+03 3.751498e+00
1.856000e+03 3.632756e+00
1.857000e+03 3.598763e+00
1.858000e+03 3.607286e+00
1.859000e+03 3.689605e+00
1.860000e+03 3.791612e+00
1.861000e+03 3.926397e+00
1.862000e+03 4.029215e+00
1.863000e+03 4.127590e+00
1.864000e+03 4.163333e+00
1.865000e+03 4.187597e+00
1.866000e+03 4.155476e+00
1.867000e+03 4.126933e+00
1.868000e+03 4.052368e+00
1.869000e+03 3.999769e+00
1.870000e+03 3.910911e+00
1.871000e+03 3.853719e+00
1.872000e+03 3.789410e+00
1.873000e+03 3.794455e+00
1.874000e+03 3.808209e+00
1.875000e+03 3.903086e+00
1.876000e+03 3.992848e+00
1.877000e+03 4.105190e+00
1.878000e+03 4.136137e+00
1.879000e+03 4.141310e+00
1.880000e+03 4.047334e+00
1.881000e+03 3.957392e+00
1.882000e+03 3.862907e+00
1.883000e+03 3.883054e+00
1.884000e+03 3.960717e+00
1.885000e+03 4.142758e+00
1.886000e+03 4.263973e+00
1.887000e+03 4.271526e+00
1.888000e+03 3.980419e+00
1.889000e+03 3.371381e+00
1.890000e+03 2.360862e+00
1.891000e+03 1.100014e+00
1.892000e+03 -3.385463e-01
1.893000e+03 -1.712846e+00
1.894000e+03 -2.931092e+00
1.895000e+03 -3.814484e+00
1.896000e+03 -4.388844e+00
1.897000e+03 -4.631194e+00
1.898000e+03 -4.684112e+00
1.899000e+03 -4.576626e+00
1.900000e+03 -4.455321e+00
1.901000e+03 -4.316199e+00
1.902000e+03 -4.231652e+00
1.903000e+03 -4.151370e+00
1.904000e+03 -4.124194e+00
1.905000e+03 -4.090364e+00
1.906000e+03 -4.094694e+00
1.907000e+03 -4.095392e+00
1.908000e+03 -4.129049e+00
1.909000e+03 -4.138859e+00
1.910000e+03 -4.157606e+00
1.911000e+03 -4.133618e+00
1.912000e+03 -4.090034e+00
1.913000e+03 -4.020147e+00
1.914000e+03 -3.971231e+00
1.915000e+03 -3.930279e+00
1.916000e+03 -3.928198e+00
1.917000e+03 -3.945972e+00
1.918000e+03 -3.975737e+00
1.919000e+03 -3.982361e+00
1.920000e+03 -3.984375e+00
1.921000e+03 -3.956143e+00
1.922000e+03 -4.002936e+00
1.923000e+03 -4.072989e+00
1.924000e+03 -4.276092e+00
1.925000e+03 -4.486099e+00
1.926000e+03 -4.716858e+00
1.927000e+03 -4.755761e+00
1.928000e+03 -4.576010e+00
1.929000e+03 -3.987877e+00
1.930000e+03 -3.069273e+00
1.931000e+03 -1.788356e+00
1.932000e+03 -3.865024e-01
1.933000e+03 1.055284e+00
1.934000e+03 2.254409e+00
1.935000e+03 3.184866e+00
1.936000e+03 3.697288e+00
1.937000e+03 3.933191e+00
1.938000e+03 3.887053e+00
1.939000e+03 3.787908e+00
1.940000e+03 3.643296e+00
1.941000e+03 3.629007e+00
1.942000e+03 3.659268e+00
1.943000e+03 3.818161e+00
1.944000e+03 3.960850e+00
1.945000e+03 4.147841e+00
1.946000e+03 4.243177e+00
1.947000e+03 4.341477e+00
1.948000e+03 4.337324e+00
1.949000e+03 4.337053e+00
1.950000e+03 4.237487e+00
1.951000e+03 4.147647e+00
1.952000e+03 3.975385e+00
1.953000e+03 3.846914e+00
1.954000e+03 3.696454e+00
1.955000e+03 3.666144e+00
1.956000e+03 3.674133e+00
1.957000e+03 3.804034e+00
1.958000e+03 3.891644e+00
1.959000e+03 3.930886e+00
1.960000e+03 3.700947e+00
1.961000e+03 3.201411e+00
1.962000e+03 2.299013e+00
1.963000e+03 1.133909e+00
1.964000e+03 -2.591856e-01
1.965000e+03 -1.605988e+00
1.966000e+03 -2.812651e+00
1.967000e+03 -3.648210e+00
1.968000e+03 -4.148334e+00
1.969000e+03 -4.270004e+00
1.970000e+03 -4.219521e+00
1.971000e+03 -4.062060e+00
1.972000e+03 -4.008521e+00
1.973000e+03 -4.024381e+00
1.974000e+03 -4.146508e+00
1.975000e+03 -4.188288e+00
1.976000e+03 -4.066730e+00
1.977000e+03 -3.565312e+00
1.978000e+03 -2.707783e+00
1.979000e+03 -1.465309e+00
1.980000e+03 -4.318571e-02
1.981000e+03 1.421672e+00
1.982000e+03 2.654413e+00
1.983000e+03 3.569501e+00
1.984000e+03 4.047295e+00
1.985000e+03 4.196521e+00
1.986000e+03 4.086966e+00
1.987000e+03 3.934033e+00
1.988000e+03 3.811987e+00
1.989000e+03 3.827984e+00
1.990000e+03 3.897123e+00
1.991000e+03 3.953433e+00
1.992000e+03 3.805301e+00
1.993000e+03 3.374368e+00
1.994000e+03 2.569449e+00
1.995000e+03 1.472866e+00
1.996000e+03 1.835031e-01
1.997000e+03 -1.081903e+00
1.998000e+03 -2.184623e+00
1.999000e+03 -2.970955e+00
2.000000e+03 -3.432475e+00
2.001000e+03 -3.612031e+00
2.002000e+03 -3.649106e+00
2.003000e+03 -3.647700e+00
2.004000e+03 -3.724346e+00
2.005000e+03 -3.888638e+00
2.006000e+03 -4.087382e+00
2.007000e+03 -4.202713e+00
2.008000e+03 -4.109856e+00
2.009000e+03 -3.681178e+00
2.010000e+03 -2.874070e+00
2.011000e+03 -1.730763e+00
2.012000e+03 -3.590724e-01
2.013000e+03 1.061733e+00
2.014000e+03 2.343951e+00
2.015000e+03 3.280824e+00
2.016000e+03 3.730982e+00
2.017000e+03 3.608987e+00
2.018000e+03 2.929185e+00
2.019000e+03 1.755250e+00
2.020000e+03 2.811978e-01
2.021000e+03 -1.287106e+00
2.022000e+03 -2.676341e+00
2.023000e+03 -3.676864e+00
2.024000e+03 -4.076732e+00
2.025000e+03 -3.838578e+00
2.026000e+03 -2.969373e+00
2.027000e+03 -1.654178e+00
2.028000e+03 -8.580112e-02
2.029000e+03 1.435684e+00
2.030000e+03 2.722446e+00
2.031000e+03 3.589210e+00
2.032000e+03 4.060909e+00
2.033000e+03 4.145418e+00
2.034000e+03 4.034945e+00
2.035000e+03 3.840612e+00
2.036000e+03 3.734775e+00
2.037000e+03 3.701546e+00
2.038000e+03 3.752600e+00
2.039000e+03 3.721398e+00
2.040000e+03 3.547114e+00
2.041000e+03 3.049119e+00
2.042000e+03 2.258198e+00
2.043000e+03 1.160056e+00
2.044000e+03 -5.608654e-02
2.045000e+03 -1.297636e+00
2.046000e+03 -2.330627e+00
2.047000e+03 -3.122548e+00
2.048000e+03 -3.562142e+00
2.049000e+03 -3.774381e+00
2.050000e+03 -3.780068e+00
2.051000e+03 -3.774291e+00
2.052000e+03 -3.765623e+00
2.053000e+03 -3.868010e+00
2.054000e+03 -3.956068e+00
2.055000e+03 -4.016492e+00
2.056000e+03 -3.840253e+00
2.057000e+03 -3.400350e+00
2.058000e+03 -2.551831e+00
2.059000e+03 -1.405373e+00
2.060000e+03 1.928809e-02
2.061000e+03 1.454445e+00
2.062000e+03 2.777869e+00
2.063000e+03 3.686838e+00
2.064000e+03 4.103597e+00
2.065000e+03 3.861198e+00
2.066000e+03 3.073491e+00
2.067000e+03 1.761396e+00
2.068000e+03 2.238010e-01
2.069000e+03 -1.387322e+00
2.070000e+03 -2.725710e+00
2.071000e+03 -3.660251e+00
2.072000e+03 -3.967142e+00
2.073000e+03 -3.701095e+00
2.074000e+03 -2.815494e+00
2.075000e+03 -1.555362e+00
2.076000e+03 -4.082680e-02
2.077000e+03 1.397303e+00
2.078000e+03 2.626532e+00
2.079000e+03 3.378303e+00
2.080000e+03 3.605222e+00
2.081000e+03 3.246898e+00
2.082000e+03 2.338334e+00
2.083000e+03 1.050506e+00
2.084000e+03 -4.727963e-01
2.085000e+03 -1.953637e+00
2.086000e+03 -3.208919e+00
2.087000e+03 -4.006674e+00
2.088000e+03 -4.248281e+00
2.089000e+03 -3.851778e+00
2.090000e+03 -2.930314e+00
2.091000e+03 -1.587147e+00
2.092000e+03 -6.772846e-02
2.093000e+03 1.437240e+00
2.094000e+03 2.706005e+00
2.095000e+03 3.655689e+00
2.096000e+03 4.202295e+00
2.097000e+03 4.439190e+00
2.098000e+03 4.432852e+00
2.099000e+03 4.328471e+00
2.100000e+03 4.195896e+00
2.101000e+03 4.136955e+00
2.102000e+03 4.124747e+00
2.103000e+03 4.189922e+00
2.104000e+03 4.264962e+00
2.105000e+03 4.345145e+00
2.106000e+03 4.385880e+00
2.107000e+03 4.426689e+00
2.108000e+03 4.431498e+00
2.109000e+03 4.441007e+00
2.110000e+03 4.414287e+00
2.111000e+03 4.376236e+00
2.112000e+03 4.303266e+00
2.113000e+03 4.234482e+00
2.114000e+03 4.153344e+00
2.115000e+03 4.125068e+00
2.116000e+03 4.134949e+00
2.117000e+03 4.203305e+00
2.118000e+03 4.251665e+00
2.119000e+03 4.218745e+00
2.120000e+03 3.976700e+00
2.121000e+03 3.465316e+00
2.122000e+03 2.598538e+00
2.123000e+03 1.432424e+00
2.124000e+03 4.691499e-02
2.125000e+03 -1.354449e+00
2.126000e+03 -2.583121e+00
2.127000e+03 -3.402413e+00
2.128000e+03 -3.689491e+00
2.129000e+03 -3.357831e+00
2.130000e+03 -2.482965e+00
2.131000e+03 -1.190475e+00
2.132000e+03 2.751465e-01
2.133000e+03 1.701747e+00
2.134000e+03 2.867021e+00
2.135000e+03 3.679369e+00
2.136000e+03 4.080872e+00
2.137000e+03 4.171512e+00
2.138000e+03 4.068189e+00
2.139000e+03 3.938957e+00
2.140000e+03 3.867380e+00
2.141000e+03 3.915527e+00
2.142000e+03 4.005725e+00
2.143000e+03 4.045286e+00
2.144000e+03 3.862294e+00
2.145000e+03 3.361825e+00
2.146000e+03 2.477162e+00
2.147000e+03 1.286033e+00
2.148000e+03 -9.410775e-02
2.149000e+03 -1.443730e+00
2.150000e+03 -2.602511e+00
2.151000e+03 -3.417276e+00
2.152000e+03 -3.861602e+00
2.153000e+03 -3.965058e+00
2.154000e+03 -3.870477e+00
2.155000e+03 -3.686153e+00
2.156000e+03 -3.543437e+00
2.157000e+03 -3.479578e+00
2.158000e+03 -3.518799e+00
2.159000e+03 -3.589469e+00
2.160000e+03 -3.655112e+00
2.161000e+03 -3.672902e+00
2.162000e+03 -3.670093e+00
2.163000e+03 -3.650361e+00
2.164000e+03 -3.680599e+00
2.165000e+03 -3.745935e+00
2.166000e+03 -3.836580e+00
2.167000e+03 -3.842536e+00
2.168000e+03 -3.664854e+00
2.169000e+03 -3.183491e+00
2.170000e+03 -2.379107e+00
2.171000e+03 -1.250847e+00
2.172000e+03 6.467427e-02
2.173000e+03 1.428079e+00
2.174000e+03 2.638823e+00
2.175000e+03 3.579370e+00
2.176000e+03 4.163626e+00
2.177000e+03 4.429235e+00
2.178000e+03 4.419699e+00
2.179000e+03 4.276163e+00
2.180000e+03 4.082923e+00
2.181000e+03 3.934692e+00
2.182000e+03 3.844832e+00
2.183000e+03 3.840347e+00
2.184000e+03 3.856657e+00
2.185000e+03 3.895013e+00
2.186000e+03 3.919922e+00
2.187000e+03 3.943675e+00
2.188000e+03 3.937447e+00
2.189000e+03 3.936546e+00
2.190000e+03 3.911133e+00
2.191000e+03 3.887373e+00
2.192000e+03 3.841002e+00
2.193000e+03 3.816678e+00
2.194000e+03 3.808757e+00
2.195000e+03 3.871269e+00
2.196000e+03 3.981319e+00
2.197000e+03 4.137493e+00
2.198000e+03 4.250012e+00
2.199000e+03 4.241920e+00
2.200000e+03 3.964804e+00
2.201000e+03 3.369371e+00
2.202000e+03 2.392024e+00
2.203000e+03 1.108685e+00
2.204000e+03 -3.748387e-01
2.205000e+03 -1.825263e+00
2.206000e+03 -3.046165e+00
2.207000e+03 -3.798495e+00
2.208000e+03 -3.985734e+00
2.209000e+03 -3.524642e+00
2.210000e+03 -2.506679e+00
2.211000e+03 -1.056130e+00
2.212000e+03 5.716783e-01
2.213000e+03 2.157987e+00
2.214000e+03 3.428948e+00
2.215000e+03 4.235620e+00
2.216000e+03 4.418118e+00
2.217000e+03 3.994873e+00
2.218000e+03 3.016498e+00
2.219000e+03 1.675594e+00
2.220000e+03 1.384333e-01
2.221000e+03 -1.336126e+00
2.222000e+03 -2.601759e+00
2.223000e+03 -3.514804e+00
2.224000e+03 -4.090909e+00
2.225000e+03 -4.326718e+00
2.226000e+03 -4.370319e+00
2.227000e+03 -4.298800e+00
2.228000e+03 -4.241861e+00
2.229000e+03 -4.203405e+00
2.230000e+03 -4.232287e+00
2.231000e+03 -4.272082e+00
2.232000e+03 -4.329588e+00
2.233000e+03 -4.344002e+00
2.234000e+03 -4.379778e+00
2.235000e+03 -4.413528e+00
2.236000e+03 -4.500985e+00
2.237000e+03 -4.588300e+00
2.238000e+03 -4.659178e+00
2.239000e+03 -4.579679e+00
2.240000e+03 -4.274009e+00
2.241000e+03 -3.683332e+00
2.242000e+03 -2.693285e+00
2.243000e+03 -1.467695e+00
2.244000e+03 -2.313709e-02
2.245000e+03 1.353569e+00
2.246000e+03 2.575292e+00
2.247000e+03 3.349844e+00
2.248000e+03 3.669072e+00
2.249000e+03 3.386024e+00
2.250000e+03 2.643630e+00
2.251000e+03 1.443230e+00
2.252000e+03 6.859696e-02
2.253000e+03 -1.385399e+00
2.254000e+03 -2.596825e+00
2.255000e+03 -3.480479e+00
2.256000e+03 -3.787776e+00
2.257000e+03 -3.560027e+00
2.258000e+03 -2.719568e+00
2.259000e+03 -1.498352e+00
2.260000e+03 9.113699e-03
2.261000e+03 1.465202e+00
2.262000e+03 2.760791e+00
2.263000e+03 3.643908e+00
2.264000e+03 4.168369e+00
2.265000e+03 4.286536e+00
2.266000e+03 4.230029e+00
2.267000e+03 4.052196e+00
2.268000e+03 3.978527e+00
2.269000e+03 3.963607e+00
2.270000e+03 4.061652e+00
2.271000e+03 4.059352e+00
2.272000e+03 3.892322e+00
2.273000e+03 3.331284e+00
2.274000e+03 2.405072e+00
2.275000e+03 1.065877e+00
2.276000e+03 -4.559220e-01
2.277000e+03 -2.016986e+00
2.278000e+03 -3.282880e+00
2.279000e+03 -4.112317e+00
2.280000e+03 -4.282988e+00
2.281000e+03 -3.839878e+00
2.282000e+03 -2.794316e+00
2.283000e+03 -1.400612e+00
2.284000e+03 1.803987e-01
2.285000e+03 1.643639e+00
2.286000e+03 2.859469e+00
2.287000e+03 3.667514e+00
2.288000e+03 4.128635e+00
2.289000e+03 4.250287e+00
2.290000e+03 4.223923e+00
2.291000e+03 4.141883e+00
2.292000e+03 4.151454e+00
2.293000e+03 4.236233e+00
2.294000e+03 4.380732e+00
2.295000e+03 4.422545e+00
2.296000e+03 4.271364e+00
2.297000e+03 3.760181e+00
2.298000e+03 2.872886e+00
2.299000e+03 1.629247e+00
2.300000e+03 1.948140e-01
2.301000e+03 -1.270672e+00
2.302000e+03 -2.544674e+00
2.303000e+03 -3.489457e+00
2.304000e+03 -4.015811e+00
2.305000e+03 -4.183532e+00
2.306000e+03 -4.084895e+00
2.307000e+03 -3.874278e+00
2.308000e+03 -3.684413e+00
2.309000e+03 -3.591970e+00
2.310000e+03 -3.576563e+00
2.311000e+03 -3.559639e+00
2.312000e+03 -3.410505e+00
2.313000e+03 -2.988853e+00
2.314000e+03 -2.237951e+00
2.315000e+03 -1.162012e+00
2.316000e+03 1.316979e-01
2.317000e+03 1.494866e+00
2.318000e+03 2.729664e+00
2.319000e+03 3.715091e+00
2.320000e+03 4.341457e+00
2.321000e+03 4.636735e+00
2.322000e+03 4.649101e+00
2.323000e+03 4.520525e+00
2.324000e+03 4.324869e+00
2.325000e+03 4.183463e+00
2.326000e+03 4.087044e+00
2.327000e+03 4.077227e+00
2.328000e+03 4.079321e+00
2.329000e+03 4.115592e+00
2.330000e+03 4.124238e+00
2.331000e+03 4.167522e+00
2.332000e+03 4.196250e+00
2.333000e+03 4.255621e+00
2.334000e+03 4.232634e+00
2.335000e+03 4.121142e+00
2.336000e+03 3.752019e+00
2.337000e+03 3.109058e+00
2.338000e+03 2.110011e+00
2.339000e+03 8.833647e-01
2.340000e+03 -5.257819e-01
2.341000e+03 -1.867432e+00
2.342000e+03 -3.045662e+00
2.343000e+03 -3.848375e+00
2.344000e+03 -4.327950e+00
2.345000e+03 -4.438178e+00
2.346000e+03 -4.366565e+00
2.347000e+03 -4.160277e+00
2.348000e+03 -4.024999e+00
2.349000e+03 -3.921166e+00
2.350000e+03 -3.947363e+00
2.351000e+03 -3.963083e+00
2.352000e+03 -4.020112e+00
2.353000e+03 -3.987964e+00
2.354000e+03 -3.972469e+00
2.355000e+03 -3.900802e+00
2.356000e+03 -3.915419e+00
2.357000e+03 -3.914621e+00
2.358000e+03 -3.965211e+00
2.359000e+03 -3.873472e+00
2.360000e+03 -3.636099e+00
2.361000e+03 -3.043309e+00
2.362000e+03 -2.182431e+00
2.363000e+03 -9.845583e-01
2.364000e+03 3.082325e-01
2.365000e+03 1.633680e+00
2.366000e+03 2.710879e+00
2.367000e+03 3.541973e+00
2.368000e+03 3.967331e+00
2.369000e+03 4.165413e+00
2.370000e+03 4.130867e+00
2.371000e+03 4.097858e+00
2.372000e+03 4.040659e+00
2.373000e+03 4.116071e+00
2.374000e+03 4.175538e+00
2.375000e+03 4.289193e+00
2.376000e+03 4.283287e+00
2.377000e+03 4.248009e+00
2.378000e+03 4.087143e+00
2.379000e+03 3.984397e+00
2.380000e+03 3.875652e+00
2.381000e+03 3.914703e+00
2.382000e+03 3.956993e+00
2.383000e+03 4.029322e+00
2.384000e+03 3.889076e+00
2.385000e+03 3.533111e+00
2.386000e+03 2.753311e+00
2.387000e+03 1.672665e+00
2.388000e+03 2.709642e-01
2.389000e+03 -1.158410e+00
2.390000e+03 -2.495919e+00
2.391000e+03 -3.407329e+00
2.392000e+03 -3.844498e+00
2.393000e+03 -3.601924e+00
2.394000e+03 -2.813839e+00
2.395000e+03 -1.506616e+00
2.396000e+03 1.028168e-02
2.397000e+03 1.603885e+00
2.398000e+03 2.918860e+00
2.399000e+03 3.851732e+00
2.400000e+03 4.168155e+00
2.401000e+03 3.948622e+00
2.402000e+03 3.105409e+00
2.403000e+03 1.910558e+00
2.404000e+03 4.251922e-01
2.405000e+03 -1.016558e+00
2.406000e+03 -2.357977e+00
2.407000e+03 -3.335895e+00
2.408000e+03 -4.018079e+00
2.409000e+03 -4.312144e+00
2.410000e+03 -4.411207e+00
2.411000e+03 -4.310864e+00
2.412000e+03 -4.225850e+00
2.413000e+03 -4.098800e+00
2.414000e+03 -4.036045e+00
2.415000e+03 -3.868777e+00
2.416000e+03 -3.589425e+00
2.417000e+03 -3.016540e+00
2.418000e+03 -2.202018e+00
2.419000e+03 -1.066568e+00
2.420000e+03 1.960869e-01
2.421000e+03 1.514091e+00
2.422000e+03 2.639137e+00
2.423000e+03 3.512301e+00
2.424000e+03 3.985961e+00
2.425000e+03 4.168492e+00
2.426000e+03 4.088836e+00
2.427000e+03 3.952291e+00
2.428000e+03 3.813584e+00
2.429000e+03 3.809595e+00
2.430000e+03 3.850372e+00
2.431000e+03 3.886196e+00
2.432000e+03 3.721198e+00
2.433000e+03 3.292638e+00
2.434000e+03 2.469885e+00
2.435000e+03 1.347176e+00
2.436000e+03 8.629322e-03
2.437000e+03 -1.313091e+00
2.438000e+03 -2.475561e+00
2.439000e+03 -3.300403e+00
2.440000e+03 -3.788211e+00
2.441000e+03 -3.942433e+00
2.442000e+03 -3.920121e+00
2.443000e+03 -3.814331e+00
2.444000e+03 -3.768430e+00
2.445000e+03 -3.794326e+00
2.446000e+03 -3.906729e+00
2.447000e+03 -4.028577e+00
2.448000e+03 -4.138524e+00
2.449000e+03 -4.161547e+00
2.450000e+03 -4.130761e+00
2.451000e+03 -4.064015e+00
2.452000e+03 -4.024147e+00
2.453000e+03 -4.021577e+00
2.454000e+03 -4.081861e+00
2.455000e+03 -4.153686e+00
2.456000e+03 -4.232646e+00
2.457000e+03 -4.277793e+00
2.458000e+03 -4.299465e+00
2.459000e+03 -4.307817e+00
2.460000e+03 -4.348831e+00
2.461000e+03 -4.404469e+00
2.462000e+03 -4.457851e+00
2.463000e+03 -4.414882e+00
2.464000e+03 -4.165608e+00
2.465000e+03 -3.591398e+00
2.466000e+03 -2.658471e+00
2.467000e+03 -1.371816e+00
2.468000e+03 1.351676e-01
2.469000e+03 1.675876e+00
2.470000e+03 3.000009e+00
2.471000e+03 3.884909e+00
2.472000e+03 4.163566e+00
2.473000e+03 3.793426e+00
2.474000e+03 2.801468e+00
2.475000e+03 1.359883e+00
2.476000e+03 -3.074135e-01
2.477000e+03 -1.927885e+00
2.478000e+03 -3.259243e+00
2.479000e+03 -4.076200e+00
2.480000e+03 -4.276004e+00
2.481000e+03 -3.817565e+00
2.482000e+03 -2.777772e+00
2.483000e+03 -1.304500e+00
2.484000e+03 3.579496e-01
2.485000e+03 1.981588e+00
2.486000e+03 3.297500e+00
2.487000e+03 4.131418e+00
2.488000e+03 4.352618e+00
2.489000e+03 3.954730e+00
2.490000e+03 2.980223e+00
2.491000e+03 1.621330e+00
2.492000e+03 6.456137e-02
2.493000e+03 -1.430730e+00
2.494000e+03 -2.661186e+00
2.495000e+03 -3.424611e+00
2.496000e+03 -3.665688e+00
2.497000e+03 -3.330619e+00
2.498000e+03 -2.527169e+00
2.499000e+03 -1.376373e+00
2.500000e+03 -1.000693e-01
2.501000e+03 1.159043e+00
2.502000e+03 2.199088e+00
2.503000e+03 2.978296e+00
2.504000e+03 3.439835e+00
2.505000e+03 3.678574e+00
2.506000e+03 3.738711e+00
2.507000e+03 3.779584e+00
2.508000e+03 3.818002e+00
2.509000e+03 3.922604e+00
2.510000e+03 3.994759e+00
2.511000e+03 4.006842e+00
2.512000e+03 3.777562e+00
2.513000e+03 3.286554e+00
2.514000e+03 2.441346e+00
2.515000e+03 1.343427e+00
2.516000e+03 3.342938e-02
2.517000e+03 -1.251906e+00
2.518000e+03 -2.424219e+00
2.519000e+03 -3.272536e+00
2.520000e+03 -3.821985e+00
2.521000e+03 -4.013751e+00
2.522000e+03 -4.033376e+00
2.523000e+03 -3.922168e+00
2.524000e+03 -3.892426e+00
2.525000e+03 -3.912258e+00
2.526000e+03 -4.052044e+00
2.527000e+03 -4.105710e+00
2.528000e+03 -4.037793e+00
2.529000e+03 -3.599256e+00
2.530000e+03 -2.816059e+00
2.531000e+03 -1.605255e+00
2.532000e+03 -2.022523e-01
2.533000e+03 1.317329e+00
2.534000e+03 2.610416e+00
2.535000e+03 3.627253e+00
2.536000e+03 4.172766e+00
2.537000e+03 4.395266e+00
2.538000e+03 4.280762e+00
2.539000e+03 4.137288e+00
2.540000e+03 3.977018e+00
2.541000e+03 4.006878e+00
2.542000e+03 4.064093e+00
2.543000e+03 4.182861e+00
2.544000e+03 4.049176e+00
2.545000e+03 3.654009e+00
2.546000e+03 2.762534e+00
2.547000e+03 1.547203e+00
2.548000e+03 -2.326369e-02
2.549000e+03 -1.566456e+00
2.550000e+03 -2.983029e+00
2.551000e+03 -3.880501e+00
2.552000e+03 -4.264539e+00
2.553000e+03 -3.902986e+00
2.554000e+03 -3.041174e+00
2.555000e+03 -1.678160e+00
2.556000e+03 -2.158175e-01
2.557000e+03 1.284616e+00
2.558000e+03 2.440661e+00
2.559000e+03 3.322020e+00
2.560000e+03 3.724329e+00
2.561000e+03 3.908201e+00
2.562000e+03 3.817608e+00
2.563000e+03 3.788841e+00
2.564000e+03 3.736706e+00
2.565000e+03 3.883269e+00
2.566000e+03 3.980859e+00
2.567000e+03 4.108737e+00
2.568000e+03 3.911340e+00
2.569000e+03 3.462054e+00
2.570000e+03 2.521676e+00
2.571000e+03 1.336438e+00
2.572000e+03 -1.559355e-01
2.573000e+03 -1.548436e+00
2.574000e+03 -2.836351e+00
2.575000e+03 -3.673279e+00
2.576000e+03 -4.209195e+00
2.577000e+03 -4.278027e+00
2.578000e+03 -4.211137e+00
2.579000e+03 -3.969057e+00
2.580000e+03 -3.886555e+00
2.581000e+03 -3.844047e+00
2.582000e+03 -4.052586e+00
2.583000e+03 -4.250580e+00
2.584000e+03 -4.547821e+00
2.585000e+03 -4.655199e+00
2.586000e+03 -4.717246e+00
2.587000e+03 -4.532011e+00
2.588000e+03 -4.339457e+00
2.589000e+03 -4.011398e+00
2.590000e+03 -3.816499e+00
2.591000e+03 -3.613955e+00
2.592000e+03 -3.618234e+00
2.593000e+03 -3.624809e+00
2.594000e+03 -3.792334e+00
2.595000e+03 -3.880535e+00
2.596000e+03 -4.033547e+00
2.597000e+03 -4.028835e+00
2.598000e+03 -4.030361e+00
2.599000e+03 -3.871720e+00
2.600000e+03 -3.756347e+00
2.601000e+03 -3.533348e+00
2.602000e+03 -3.430604e+00
2.603000e+03 -3.309066e+00
2.604000e+03 -3.349280e+00
2.605000e+03 -3.372159e+00
2.606000e+03 -3.512944e+00
2.607000e+03 -3.565461e+00
2.608000e+03 -3.659329e+00
2.609000e+03 -3.616770e+00
2.610000e+03 -3.608700e+00
2.611000e+03 -3.513286e+00
2.612000e+03 -3.517882e+00
2.613000e+03 -3.491458e+00
2.614000e+03 -3.557094e+00
2.615000e+03 -3.489649e+00
2.616000e+03 -3.332705e+00
2.617000e+03 -2.859177e+00
2.618000e+03 -2.137634e+00
2.619000e+03 -1.056472e+00
2.620000e+03 1.513796e-01
2.621000e+03 1.446582e+00
2.622000e+03 2.527725e+00
2.623000e+03 3.372104e+00
2.624000e+03 3.799517e+00
2.625000e+03 3.950025e+00
2.626000e+03 3.841038e+00
2.627000e+03 3.729797e+00
2.628000e+03 3.643981e+00
2.629000e+03 3.740716e+00
2.630000e+03 3.885597e+00
2.631000e+03 4.041955e+00
2.632000e+03 3.951272e+00
2.633000e+03 3.536310e+00
2.634000e+03 2.644147e+00
2.635000e+03 1.375789e+00
2.636000e+03 -1.933767e-01
2.637000e+03 -1.761537e+00
2.638000e+03 -3.134893e+00
2.639000e+03 -4.023373e+00
2.640000e+03 -4.315906e+00
2.641000e+03 -3.927522e+00
2.642000e+03 -2.984341e+00
2.643000e+03 -1.600188e+00
2.644000e+03 -3.983195e-02
2.645000e+03 1.489964e+00
2.646000e+03 2.732118e+00
2.647000e+03 3.540269e+00
2.648000e+03 3.793066e+00
2.649000e+03 3.473000e+00
2.650000e+03 2.605918e+00
2.651000e+03 1.331284e+00
2.652000e+03 -1.800346e-01
2.653000e+03 -1.709730e+00
2.654000e+03 -3.029223e+00
2.655000e+03 -3.934664e+00
2.656000e+03 -4.273098e+00
2.657000e+03 -3.989639e+00
2.658000e+03 -3.103781e+00
2.659000e+03 -1.761849e+00
2.660000e+03 -1.503454e-01
2.661000e+03 1.458729e+00
2.662000e+03 2.844104e+00
2.663000e+03 3.763431e+00
2.664000e+03 4.112375e+00
2.665000e+03 3.809057e+00
2.666000e+03 2.947315e+00
2.667000e+03 1.621502e+00
2.668000e+03 8.486140e-02
2.669000e+03 -1.478220e+00
2.670000e+03 -2.782045e+00
2.671000e+03 -3.680699e+00
2.672000e+03 -3.980720e+00
2.673000e+03 -3.701204e+00
2.674000e+03 -2.817772e+00
2.675000e+03 -1.525204e+00
2.676000e+03 4.358423e-02
2.677000e+03 1.575544e+00
2.678000e+03 2.917632e+00
2.679000e+03 3.790802e+00
2.680000e+03 4.131467e+00
2.681000e+03 3.814783e+00
2.682000e+03 2.979796e+00
2.683000e+03 1.661187e+00
2.684000e+03 1.431633e-01
2.685000e+03 -1.429581e+00
2.686000e+03 -2.741321e+00
2.687000e+03 -3.690051e+00
2.688000e+03 -4.033703e+00
2.689000e+03 -3.821169e+00
2.690000e+03 -2.989061e+00
2.691000e+03 -1.752334e+00
2.692000e+03 -1.983010e-01
2.693000e+03 1.331054e+00
2.694000e+03 2.696077e+00
2.695000e+03 3.589245e+00
2.696000e+03 3.983906e+00
2.697000e+03 3.718011e+00
2.698000e+03 2.961277e+00
2.699000e+03 1.754681e+00
2.700000e+03 4.048696e-01
2.701000e+03 -9.872160e-01
2.702000e+03 -2.127586e+00
2.703000e+03 -3.020057e+00
2.704000e+03 -3.524616e+00
2.705000e+03 -3.806420e+00
2.706000e+03 -3.856995e+00
2.707000e+03 -3.902138e+00
2.708000e+03 -3.909732e+00
2.709000e+03 -4.012255e+00
2.710000e+03 -4.052855e+00
2.711000e+03 -4.044676e+00
2.712000e+03 -3.764315e+00
2.713000e+03 -3.235343e+00
2.714000e+03 -2.319990e+00
2.715000e+03 -1.182241e+00
2.716000e+03 1.648512e-01
2.717000e+03 1.456513e+00
2.718000e+03 2.633306e+00
2.719000e+03 3.473096e+00
2.720000e+03 4.016388e+00
2.721000e+03 4.305132e+00
2.722000e+03 4.300168e+00
2.723000e+03 4.261055e+00
2.724000e+03 4.127037e+00
2.725000e+03 4.092347e+00
2.726000e+03 4.021133e+00
2.727000e+03 4.034397e+00
2.728000e+03 3.943598e+00
2.729000e+03 3.906898e+00
2.730000e+03 3.780024e+00
2.731000e+03 3.756024e+00
2.732000e+03 3.722199e+00
2.733000e+03 3.851434e+00
2.734000e+03 3.949389e+00
2.735000e+03 4.087948e+00
2.736000e+03 3.961078e+00
2.737000e+03 3.622374e+00
2.738000e+03 2.832757e+00
2.739000e+03 1.761566e+00
2.740000e+03 3.435708e-01
2.741000e+03 -1.071120e+00
2.742000e+03 -2.448380e+00
2.743000e+03 -3.438727e+00
2.744000e+03 -4.128671e+00
2.745000e+03 -4.340183e+00
2.746000e+03 -4.351308e+00
2.747000e+03 -4.139918e+00
2.748000e+03 -4.035543e+00
2.749000e+03 -3.943576e+00
2.750000e+03 -4.044877e+00
2.751000e+03 -4.067898e+00
2.752000e+03 -4.048027e+00
2.753000e+03 -3.634449e+00
2.754000e+03 -2.915273e+00
2.755000e+03 -1.697984e+00
2.756000e+03 -2.756171e-01
2.757000e+03 1.338552e+00
2.758000e+03 2.695222e+00
2.759000e+03 3.734427e+00
2.760000e+03 4.073453e+00
2.761000e+03 3.834047e+00
2.762000e+03 2.866430e+00
2.763000e+03 1.530308e+00
2.764000e+03 -1.316939e-01
2.765000e+03 -1.658415e+00
2.766000e+03 -3.021537e+00
2.767000e+03 -3.888287e+00
2.768000e+03 -4.418726e+00
2.769000e+03 -4.472125e+00
2.770000e+03 -4.395212e+00
2.771000e+03 -4.148280e+00
2.772000e+03 -4.057807e+00
2.773000e+03 -3.976550e+00
2.774000e+03 -4.080667e+00
2.775000e+03 -4.064367e+00
2.776000e+03 -3.980688e+00
2.777000e+03 -3.496101e+00
2.778000e+03 -2.756894e+00
2.779000e+03 -1.577867e+00
2.780000e+03 -2.784791e-01
2.781000e+03 1.164755e+00
2.782000e+03 2.359233e+00
2.783000e+03 3.373947e+00
2.784000e+03 3.933149e+00
2.785000e+03 4.262098e+00
2.786000e+03 4.261301e+00
2.787000e+03 4.264384e+00
2.788000e+03 4.172665e+00
2.789000e+03 4.244323e+00
2.790000e+03 4.256331e+00
2.791000e+03 4.325939e+00
2.792000e+03 4.112440e+00
2.793000e+03 3.707778e+00
2.794000e+03 2.851208e+00
2.795000e+03 1.753926e+00
2.796000e+03 3.142188e-01
2.797000e+03 -1.088973e+00
2.798000e+03 -2.449359e+00
2.799000e+03 -3.357754e+00
2.800000e+03 -3.853020e+00
2.801000e+03 -3.642317e+00
2.802000e+03 -2.932966e+00
2.803000e+03 -1.626875e+00
2.804000e+03 -1.079250e-01
2.805000e+03 1.578470e+00
2.806000e+03 2.976865e+00
2.807000e+03 4.049477e+00
2.808000e+03 4.436700e+00
2.809000e+03 4.273119e+00
2.810000e+03 3.411258e+00
2.811000e+03 2.199520e+00
2.812000e+03 6.663603e-01
2.813000e+03 -7.559063e-01
2.814000e+03 -2.053372e+00
2.815000e+03 -2.906152e+00
2.816000e+03 -3.473516e+00
2.817000e+03 -3.624440e+00
2.818000e+03 -3.659506e+00
2.819000e+03 -3.520998e+00
2.820000e+03 -3.495423e+00
2.821000e+03 -3.446546e+00
2.822000e+03 -3.559109e+00
2.823000e+03 -3.604065e+00
2.824000e+03 -3.717159e+00
2.825000e+03 -3.710278e+00
2.826000e+03 -3.767018e+00
2.827000e+03 -3.739991e+00
2.828000e+03 -3.844231e+00
2.829000e+03 -3.905374e+00
2.830000e+03 -4.045001e+00
2.831000e+03 -3.994684e+00
2.832000e+03 -3.801165e+00
2.833000e+03 -3.195967e+00
2.834000e+03 -2.310426e+00
2.835000e+03 -1.034924e+00
2.836000e+03 3.247645e-01
2.837000e+03 1.730496e+00
2.838000e+03 2.821099e+00
2.839000e+03 3.633952e+00
2.840000e+03 3.975042e+00
2.841000e+03 4.065502e+00
2.842000e+03 3.906102e+00
2.843000e+03 3.819316e+00
2.844000e+03 3.764871e+00
2.845000e+03 3.924447e+00
2.846000e+03 4.076137e+00
2.847000e+03 4.231387e+00
2.848000e+03 4.078720e+00
2.849000e+03 3.630023e+00
2.850000e+03 2.714952e+00
2.851000e+03 1.544989e+00
2.852000e+03 1.290352e-01
2.853000e+03 -1.191301e+00
2.854000e+03 -2.381674e+00
2.855000e+03 -3.187138e+00
2.856000e+03 -3.699830e+00
2.857000e+03 -3.849370e+00
2.858000e+03 -3.874798e+00
2.859000e+03 -3.755191e+00
2.860000e+03 -3.716621e+00
2.861000e+03 -3.685946e+00
2.862000e+03 -3.794941e+00
2.863000e+03 -3.875424e+00
2.864000e+03 -4.004503e+00
2.865000e+03 -4.035760e+00
2.866000e+03 -4.067190e+00
2.867000e+03 -3.979142e+00
2.868000e+03 -3.919117e+00
2.869000e+03 -3.793159e+00
2.870000e+03 -3.735417e+00
2.871000e+03 -3.645081e+00
2.872000e+03 -3.635995e+00
2.873000e+03 -3.599552e+00
2.874000e+03 -3.646217e+00
2.875000e+03 -3.665516e+00
2.876000e+03 -3.763454e+00
2.877000e+03 -3.821299e+00
2.878000e+03 -3.929160e+00
2.879000e+03 -3.967712e+00
2.880000e+03 -4.008842e+00
2.881000e+03 -3.982997e+00
2.882000e+03 -3.945129e+00
2.883000e+03 -3.904814e+00
2.884000e+03 -3.899297e+00
2.885000e+03 -3.933418e+00
2.886000e+03 -3.979476e+00
2.887000e+03 -3.974741e+00
2.888000e+03 -3.786515e+00
2.889000e+03 -3.330898e+00
2.890000e+03 -2.508425e+00
2.891000e+03 -1.347681e+00
2.892000e+03 9.495354e-02
2.893000e+03 1.585049e+00
2.894000e+03 2.932122e+00
2.895000e+03 3.822777e+00
2.896000e+03 4.155052e+00
2.897000e+03 3.787329e+00
2.898000e+03 2.857331e+00
2.899000e+03 1.464973e+00
2.900000e+03 -4.310882e-02
2.901000e+03 -1.518664e+00
2.902000e+03 -2.668712e+00
2.903000e+03 -3.510495e+00
2.904000e+03 -3.931061e+00
2.905000e+03 -4.146119e+00
2.906000e+03 -4.152960e+00
2.907000e+03 -4.191354e+00
2.908000e+03 -4.195452e+00
2.909000e+03 -4.329737e+00
2.910000e+03 -4.410903e+00
2.911000e+03 -4.558661e+00
2.912000e+03 -4.588525e+00
2.913000e+03 -4.645424e+00
2.914000e+03 -4.576918e+00
2.915000e+03 -4.592380e+00
2.916000e+03 -4.532394e+00
2.917000e+03 -4.579555e+00
2.918000e+03 -4.527657e+00
2.919000e+03 -4.552911e+00
2.920000e+03 -4.442191e+00
2.921000e+03 -4.387806e+00
2.922000e+03 -4.222369e+00
2.923000e+03 -4.196919e+00
2.924000e+03 -4.129900e+00
2.925000e+03 -4.239072e+00
2.926000e+03 -4.263882e+00
2.927000e+03 -4.329597e+00
2.928000e+03 -4.091840e+00
2.929000e+03 -3.661332e+00
2.930000e+03 -2.749819e+00
2.931000e+03 -1.602314e+00
2.932000e+03 -1.006770e-01
2.933000e+03 1.326116e+00
2.934000e+03 2.683617e+00
2.935000e+03 3.502458e+00
2.936000e+03 3.859025e+00
2.937000e+03 3.467600e+00
2.938000e+03 2.631467e+00
2.939000e+03 1.266243e+00
2.940000e+03 -1.511497e-01
2.941000e+03 -1.636086e+00
2.942000e+03 -2.750134e+00
2.943000e+03 -3.633447e+00
2.944000e+03 -4.033092e+00
2.945000e+03 -4.242194e+00
2.946000e+03 -4.115922e+00
2.947000e+03 -4.021899e+00
2.948000e+03 -3.800138e+00
2.949000e+03 -3.755669e+00
2.950000e+03 -3.658162e+00
2.951000e+03 -3.743996e+00
2.952000e+03 -3.765460e+00
2.953000e+03 -3.952875e+00
2.954000e+03 -4.053822e+00
2.955000e+03 -4.312129e+00
2.956000e+03 -4.472579e+00
2.957000e+03 -4.723696e+00
2.958000e+03 -4.761840e+00
2.959000e+03 -4.736237e+00
2.960000e+03 -4.323088e+00
2.961000e+03 -3.687475e+00
2.962000e+03 -2.605027e+00
2.963000e+03 -1.358187e+00
2.964000e+03 1.504165e-01
2.965000e+03 1.524698e+00
2.966000e+03 2.780103e+00
2.967000e+03 3.541788e+00
2.968000e+03 3.886570e+00
2.969000e+03 3.554359e+00
2.970000e+03 2.789984e+00
2.971000e+03 1.519938e+00
2.972000e+03 1.182108e-01
2.973000e+03 -1.378612e+00
2.974000e+03 -2.554348e+00
2.975000e+03 -3.384431e+00
2.976000e+03 -3.568497e+00
2.977000e+03 -3.227047e+00
2.978000e+03 -2.232254e+00
2.979000e+03 -8.840296e-01
2.980000e+03 7.654046e-01
2.981000e+03 2.330093e+00
2.982000e+03 3.707784e+00
2.983000e+03 4.548977e+00
2.984000e+03 4.851836e+00
2.985000e+03 4.449936e+00
2.986000e+03 3.515315e+00
2.987000e+03 2.079399e+00
2.988000e+03 4.699239e-01
2.989000e+03 -1.178636e+00
2.990000e+03 -2.524851e+00
2.991000e+03 -3.458927e+00
2.992000e+03 -3.773551e+00
2.993000e+03 -3.508128e+00
2.994000e+03 -2.634182e+00
2.995000e+03 -1.359718e+00
2.996000e+03 1.737951e-01
2.997000e+03 1.685192e+00
2.998000e+03 2.996054e+00
2.999000e+03 3.858852e+00
3.000000e+03 4.177960e+00
3.001000e+03 3.885917e+00
3.002000e+03 3.038660e+00
3.003000e+03 1.742915e+00
3.004000e+03 2.077352e-01
3.005000e+03 -1.337704e+00
3.006000e+03 -2.663956e+00
3.007000e+03 -3.556328e+00
3.008000e+03 -3.895843e+00
3.009000e+03 -3.609309e+00
3.010000e+03 -2.778889e+00
3.011000e+03 -1.507216e+00
3.012000e+03 -4.042733e-02
3.013000e+03 1.442338e+00
3.014000e+03 2.680718e+00
3.015000e+03 3.613201e+00
3.016000e+03 4.115979e+00
3.017000e+03 4.298743e+00
3.018000e+03 4.193736e+00
3.019000e+03 4.024855e+00
3.020000e+03 3.805305e+00
3.021000e+03 3.718558e+00
3.022000e+03 3.662490e+00
3.023000e+03 3.724753e+00
3.024000e+03 3.741542e+00
3.025000e+03 3.793049e+00
3.026000e+03 3.734966e+00
3.027000e+03 3.737420e+00
3.028000e+03 3.688275e+00
3.029000e+03 3.763942e+00
3.030000e+03 3.777880e+00
3.031000e+03 3.828386e+00
3.032000e+03 3.646701e+00
3.033000e+03 3.286779e+00
3.034000e+03 2.495265e+00
3.035000e+03 1.477213e+00
3.036000e+03 1.320908e-01
3.037000e+03 -1.167436e+00
3.038000e+03 -2.404377e+00
3.039000e+03 -3.165837e+00
3.040000e+03 -3.496465e+00
3.041000e+03 -3.204916e+00
3.042000e+03 -2.420963e+00
3.043000e+03 -1.214595e+00
3.044000e+03 1.567671e-01
3.045000e+03 1.552747e+00
3.046000e+03 2.698493e+00
3.047000e+03 3.488422e+00
3.048000e+03 3.743454e+00
3.049000e+03 3.489425e+00
3.050000e+03 2.660988e+00
3.051000e+03 1.444470e+00
3.052000e+03 -6.414396e-02
3.053000e+03 -1.561270e+00
3.054000e+03 -2.878571e+00
3.055000e+03 -3.715751e+00
3.056000e+03 -4.004760e+00
3.057000e+03 -3.603406e+00
3.058000e+03 -2.663429e+00
3.059000e+03 -1.266872e+00
3.060000e+03 2.788389e-01
3.061000e+03 1.822372e+00
3.062000e+03 3.082891e+00
3.063000e+03 4.032833e+00
3.064000e+03 4.556620e+00
3.065000e+03 4.795055e+00
3.066000e+03 4.753939e+00
3.067000e+03 4.627288e+00
3.068000e+03 4.409632e+00
3.069000e+03 4.249969e+00
3.070000e+03 4.082552e+00
3.071000e+03 3.990876e+00
3.072000e+03 3.891856e+00
3.073000e+03 3.880864e+00
3.074000e+03 3.860063e+00
3.075000e+03 3.920951e+00
3.076000e+03 3.969936e+00
3.077000e+03 4.066108e+00
3.078000e+03 4.106102e+00
3.079000e+03 4.156442e+00
3.080000e+03 4.114143e+00
3.081000e+03 4.080779e+00
3.082000e+03 4.005794e+00
3.083000e+03 3.986518e+00
3.084000e+03 3.960451e+00
3.085000e+03 4.011034e+00
3.086000e+03 4.034202e+00
3.087000e+03 4.090055e+00
3.088000e+03 4.092624e+00
3.089000e+03 4.106388e+00
3.090000e+03 4.084765e+00
3.091000e+03 4.138105e+00
3.092000e+03 4.211407e+00
3.093000e+03 4.355101e+00
3.094000e+03 4.440366e+00
3.095000e+03 4.436979e+00
3.096000e+03 4.175073e+00
3.097000e+03 3.614108e+00
3.098000e+03 2.666805e+00
3.099000e+03 1.438495e+00
3.100000e+03 -6.672919e-03
3.101000e+03 -1.448547e+00
3.102000e+03 -2.766351e+00
3.103000e+03 -3.776442e+00
3.104000e+03 -4.445824e+00
3.105000e+03 -4.753759e+00
3.106000e+03 -4.813776e+00
3.107000e+03 -4.686596e+00
3.108000e+03 -4.510476e+00
3.109000e+03 -4.325257e+00
3.110000e+03 -4.191000e+00
3.111000e+03 -4.096574e+00
3.112000e+03 -4.042355e+00
3.113000e+03 -3.996365e+00
3.114000e+03 -3.988269e+00
3.115000e+03 -4.012616e+00
3.116000e+03 -4.071492e+00
3.117000e+03 -4.141354e+00
3.118000e+03 -4.166185e+00
3.119000e+03 -4.051126e+00
3.120000e+03 -3.706383e+00
3.121000e+03 -3.071132e+00
3.122000e+03 -2.112821e+00
3.123000e+03 -9.062063e-01
3.124000e+03 4.328854e-01
3.125000e+03 1.718254e+00
3.126000e+03 2.803118e+00
3.127000e+03 3.540813e+00
3.128000e+03 3.917454e+00
3.129000e+03 3.951645e+00
3.130000e+03 3.805358e+00
3.131000e+03 3.593147e+00
3.132000e+03 3.491270e+00
3.133000e+03 3.523238e+00
3.134000e+03 3.698835e+00
3.135000e+03 3.850868e+00
3.136000e+03 3.881187e+00
3.137000e+03 3.562931e+00
3.138000e+03 2.856666e+00
3.139000e+03 1.709625e+00
3.140000e+03 3.014647e-01
3.141000e+03 -1.245545e+00
3.142000e+03 -2.601122e+00
3.143000e+03 -3.600650e+00
3.144000e+03 -4.000584e+00
3.145000e+03 -3.806407e+00
3.146000e+03 -2.956166e+00
3.147000e+03 -1.686489e+00
3.148000e+03 -1.155065e-01
3.149000e+03 1.417939e+00
3.150000e+03 2.772441e+00
3.151000e+03 3.645992e+00
3.152000e+03 4.019723e+00
3.153000e+03 3.746587e+00
3.154000e+03 2.995337e+00
3.155000e+03 1.789494e+00
3.156000e+03 4.344434e-01
3.157000e+03 -9.870193e-01
3.158000e+03 -2.169692e+00
3.159000e+03 -3.129817e+00
3.160000e+03 -3.710918e+00
3.161000e+03 -4.078171e+00
3.162000e+03 -4.191425e+00
3.163000e+03 -4.300668e+00
3.164000e+03 -4.341015e+00
3.165000e+03 -4.476213e+00
3.166000e+03 -4.522708e+00
3.167000e+03 -4.519598e+00
3.168000e+03 -4.207569e+00
3.169000e+03 -3.650446e+00
3.170000e+03 -2.654269e+00
3.171000e+03 -1.422617e+00
3.172000e+03 6.583381e-02
3.173000e+03 1.460731e+00
3.174000e+03 2.702652e+00
3.175000e+03 3.441148e+00
3.176000e+03 3.715533e+00
3.177000e+03 3.316809e+00
3.178000e+03 2.478827e+00
3.179000e+03 1.185449e+00
3.180000e+03 -1.998333e-01
3.181000e+03 -1.639395e+00
3.182000e+03 -2.788895e+00
3.183000e+03 -3.713904e+00
3.184000e+03 -4.213208e+00
3.185000e+03 -4.502495e+00
3.186000e+03 -4.490340e+00
3.187000e+03 -4.457513e+00
3.188000e+03 -4.308879e+00
3.189000e+03 -4.270359e+00
3.190000e+03 -4.175264e+00
3.191000e+03 -4.198660e+00
3.192000e+03 -4.147377e+00
3.193000e+03 -4.190856e+00
3.194000e+03 -4.163054e+00
3.195000e+03 -4.262961e+00
3.196000e+03 -4.308088e+00
3.197000e+03 -4.457634e+00
3.198000e+03 -4.461122e+00
3.199000e+03 -4.406026e+00
3.200000e+03 -4.039808e+00
3.201000e+03 -3.436224e+00
3.202000e+03 -2.464668e+00
3.203000e+03 -1.301219e+00
3.204000e+03 3.127718e-02
3.205000e+03 1.286164e+00
3.206000e+03 2.402893e+00
3.207000e+03 3.207661e+00
3.208000e+03 3.744176e+00
3.209000e+03 3.966593e+00
3.210000e+03 4.034498e+00
3.211000e+03 3.980805e+00
3.212000e+03 3.935079e+00
3.213000e+03 3.882820e+00
3.214000e+03 3.883042e+00
3.215000e+03 3.861883e+00
3.216000e+03 3.837533e+00
3.217000e+03 3.787066e+00
3.218000e+03 3.763085e+00
3.219000e+03 3.775903e+00
3.220000e+03 3.879930e+00
3.221000e+03 4.048117e+00
3.222000e+03 4.228297e+00
3.223000e+03 4.304867e+00
3.224000e+03 4.144668e+00
3.225000e+03 3.640831e+00
3.226000e+03 2.736329e+00
3.227000e+03 1.486239e+00
3.228000e+03 6.770611e-03
3.229000e+03 -1.481643e+00
3.230000e+03 -2.791436e+00
3.231000e+03 -3.721276e+00
3.232000e+03 -4.246222e+00
3.233000e+03 -4.356778e+00
3.234000e+03 -4.223172e+00
3.235000e+03 -3.971344e+00
3.236000e+03 -3.810956e+00
3.237000e+03 -3.755373e+00
3.238000e+03 -3.849461e+00
3.239000e+03 -3.910866e+00
3.240000e+03 -3.851125e+00
3.241000e+03 -3.444683e+00
3.242000e+03 -2.698987e+00
3.243000e+03 -1.554566e+00
3.244000e+03 -2.316204e-01
3.245000e+03 1.164494e+00
3.246000e+03 2.334098e+00
3.247000e+03 3.231687e+00
3.248000e+03 3.681791e+00
3.249000e+03 3.841432e+00
3.250000e+03 3.714689e+00
3.251000e+03 3.559283e+00
3.252000e+03 3.377146e+00
3.253000e+03 3.365289e+00
3.254000e+03 3.398234e+00
3.255000e+03 3.560524e+00
3.256000e+03 3.651019e+00
3.257000e+03 3.763654e+00
3.258000e+03 3.741373e+00
3.259000e+03 3.756124e+00
3.260000e+03 3.702577e+00
3.261000e+03 3.757735e+00
3.262000e+03 3.762361e+00
3.263000e+03 3.808809e+00
3.264000e+03 3.627928e+00
3.265000e+03 3.277381e+00
3.266000e+03 2.516307e+00
3.267000e+03 1.492685e+00
3.268000e+03 1.216767e-01
3.269000e+03 -1.256359e+00
3.270000e+03 -2.599802e+00
3.271000e+03 -3.511129e+00
3.272000e+03 -3.983177e+00
3.273000e+03 -3.756664e+00
3.274000e+03 -3.044314e+00
3.275000e+03 -1.794739e+00
3.276000e+03 -3.967898e-01
3.277000e+03 1.093242e+00
3.278000e+03 2.284107e+00
3.279000e+03 3.215308e+00
3.280000e+03 3.667101e+00
3.281000e+03 3.877220e+00
3.282000e+03 3.768303e+00
3.283000e+03 3.669171e+00
3.284000e+03 3.509667e+00
3.285000e+03 3.523475e+00
3.286000e+03 3.505229e+00
3.287000e+03 3.546382e+00
3.288000e+03 3.325622e+00
3.289000e+03 2.910817e+00
3.290000e+03 2.058403e+00
3.291000e+03 9.642385e-01
3.292000e+03 -4.368565e-01
3.293000e+03 -1.771677e+00
3.294000e+03 -2.998026e+00
3.295000e+03 -3.719078e+00
3.296000e+03 -3.961954e+00
3.297000e+03 -3.507568e+00
3.298000e+03 -2.585140e+00
3.299000e+03 -1.167905e+00
3.300000e+03 3.520573e-01
3.301000e+03 1.902674e+00
3.302000e+03 3.099720e+00
3.303000e+03 3.932792e+00
3.304000e+03 4.125424e+00
3.305000e+03 3.821582e+00
3.306000e+03 2.914769e+00
3.307000e+03 1.672777e+00
3.308000e+03 1.201646e-01
3.309000e+03 -1.377609e+00
3.310000e+03 -2.746524e+00
3.311000e+03 -3.636253e+00
3.312000e+03 -4.036013e+00
3.313000e+03 -3.732892e+00
3.314000e+03 -2.889054e+00
3.315000e+03 -1.498090e+00
3.316000e+03 9.830284e-02
3.317000e+03 1.761021e+00
3.318000e+03 3.107004e+00
3.319000e+03 4.025087e+00
3.320000e+03 4.253372e+00
3.321000e+03 3.881144e+00
3.322000e+03 2.879002e+00
3.323000e+03 1.517089e+00
3.324000e+03 -7.435060e-02
3.325000e+03 -1.567310e+00
3.326000e+03 -2.859648e+00
3.327000e+03 -3.748676e+00
3.328000e+03 -4.293136e+00
3.329000e+03 -4.475111e+00
3.330000e+03 -4.486525e+00
3.331000e+03 -4.392440e+00
3.332000e+03 -4.362162e+00
3.333000e+03 -4.370219e+00
3.334000e+03 -4.435102e+00
3.335000e+03 -4.407544e+00
3.336000e+03 -4.187644e+00
3.337000e+03 -3.614244e+00
3.338000e+03 -2.677685e+00
3.339000e+03 -1.379178e+00
3.340000e+03 1.189393e-01
3.341000e+03 1.626341e+00
3.342000e+03 2.879309e+00
3.343000e+03 3.676490e+00
3.344000e+03 3.881894e+00
3.345000e+03 3.461023e+00
3.346000e+03 2.498399e+00
3.347000e+03 1.168040e+00
3.348000e+03 -2.973135e-01
3.349000e+03 -1.695687e+00
3.350000e+03 -2.835859e+00
3.351000e+03 -3.640362e+00
3.352000e+03 -4.064516e+00
3.353000e+03 -4.215658e+00
3.354000e+03 -4.153867e+00
3.355000e+03 -4.040324e+00
3.356000e+03 -3.919418e+00
3.357000e+03 -3.885408e+00
3.358000e+03 -3.854393e+00
3.359000e+03 -3.813099e+00
3.360000e+03 -3.557278e+00
3.361000e+03 -3.137398e+00
3.362000e+03 -2.257861e+00
3.363000e+03 -1.184607e+00
3.364000e+03 2.509525e-01
3.365000e+03 1.592272e+00
3.366000e+03 2.897676e+00
3.367000e+03 3.655344e+00
3.368000e+03 3.979153e+00
3.369000e+03 3.510455e+00
3.370000e+03 2.613911e+00
3.371000e+03 1.143574e+00
3.372000e+03 -3.364244e-01
3.373000e+03 -1.885608e+00
3.374000e+03 -2.963055e+00
3.375000e+03 -3.776554e+00
3.376000e+03 -4.005260e+00
3.377000e+03 -4.097163e+00
3.378000e+03 -3.871224e+00
3.379000e+03 -3.852368e+00
3.380000e+03 -3.801554e+00
3.381000e+03 -4.088178e+00
3.382000e+03 -4.268314e+00
3.383000e+03 -4.538969e+00
3.384000e+03 -4.364642e+00
3.385000e+03 -3.985075e+00
3.386000e+03 -2.980707e+00
3.387000e+03 -1.791365e+00
3.388000e+03 -2.061950e-01
3.389000e+03 1.189109e+00
3.390000e+03 2.575805e+00
3.391000e+03 3.435857e+00
3.392000e+03 4.105454e+00
3.393000e+03 4.249619e+00
3.394000e+03 4.361292e+00
3.395000e+03 4.180218e+00
3.396000e+03 4.193670e+00
3.397000e+03 4.068920e+00
3.398000e+03 4.177556e+00
3.399000e+03 4.089489e+00
3.400000e+03 4.156544e+00
3.401000e+03 3.965447e+00
3.402000e+03 3.906481e+00
3.403000e+03 3.650757e+00
3.404000e+03 3.626718e+00
3.405000e+03 3.469656e+00
3.406000e+03 3.527745e+00
3.407000e+03 3.352751e+00
3.408000e+03 3.207188e+00
3.409000e+03 2.610987e+00
3.410000e+03 1.880737e+00
3.411000e+03 6.727275e-01
3.412000e+03 -5.484177e-01
3.413000e+03 -1.957237e+00
3.414000e+03 -2.993747e+00
3.415000e+03 -3.807826e+00
3.416000e+03 -3.895869e+00
3.417000e+03 -3.556206e+00
3.418000e+03 -2.503881e+00
3.419000e+03 -1.207147e+00
3.420000e+03 4.468334e-01
3.421000e+03 1.888657e+00
3.422000e+03 3.193887e+00
3.423000e+03 3.849099e+00
3.424000e+03 4.056509e+00
3.425000e+03 3.489211e+00
3.426000e+03 2.512187e+00
3.427000e+03 1.005396e+00
3.428000e+03 -5.195959e-01
3.429000e+03 -2.105449e+00
3.430000e+03 -3.252214e+00
3.431000e+03 -4.041227e+00
3.432000e+03 -4.125767e+00
3.433000e+03 -3.754746e+00
3.434000e+03 -2.752835e+00
3.435000e+03 -1.506739e+00
3.436000e+03 1.260358e-02
3.437000e+03 1.373685e+00
3.438000e+03 2.593571e+00
3.439000e+03 3.296497e+00
3.440000e+03 3.571479e+00
3.441000e+03 3.203532e+00
3.442000e+03 2.433323e+00
3.443000e+03 1.210342e+00
3.444000e+03 -1.112592e-01
3.445000e+03 -1.487771e+00
3.446000e+03 -2.596097e+00
3.447000e+03 -3.461943e+00
3.448000e+03 -3.904786e+00
3.449000e+03 -4.092982e+00
3.450000e+03 -4.011297e+00
3.451000e+03 -3.874992e+00
3.452000e+03 -3.688000e+00
3.453000e+03 -3.604644e+00
3.454000e+03 -3.558123e+00
3.455000e+03 -3.606528e+00
3.456000e+03 -3.658081e+00
3.457000e+03 -3.751162e+00
3.458000e+03 -3.844183e+00
3.459000e+03 -3.988137e+00
3.460000e+03 -4.163095e+00
3.461000e+03 -4.360334e+00
3.462000e+03 -4.506387e+00
3.463000e+03 -4.501918e+00
3.464000e+03 -4.248784e+00
3.465000e+03 -3.648892e+00
3.466000e+03 -2.716358e+00
3.467000e+03 -1.482123e+00
3.468000e+03 -1.253921e-01
3.469000e+03 1.238223e+00
3.470000e+03 2.378696e+00
3.471000e+03 3.253033e+00
3.472000e+03 3.753532e+00
3.473000e+03 4.008223e+00
3.474000e+03 4.008373e+00
3.475000e+03 3.979361e+00
3.476000e+03 3.898664e+00
3.477000e+03 3.945872e+00
3.478000e+03 3.988074e+00
3.479000e+03 4.138151e+00
3.480000e+03 4.221208e+00
3.481000e+03 4.357821e+00
3.482000e+03 4.356404e+00
3.483000e+03 4.398491e+00
3.484000e+03 4.308804e+00
3.485000e+03 4.283820e+00
3.486000e+03 4.129316e+00
3.487000e+03 4.056580e+00
3.488000e+03 3.876775e+00
3.489000e+03 3.828341e+00
3.490000e+03 3.710973e+00
3.491000e+03 3.788437e+00
3.492000e+03 3.827396e+00
3.493000e+03 4.056751e+00
3.494000e+03 4.183816e+00
3.495000e+03 4.416386e+00
3.496000e+03 4.441812e+00
3.497000e+03 4.508380e+00
3.498000e+03 4.355150e+00
3.499000e+03 4.306337e+00
3.500000e+03 4.123211e+00
3.501000e+03 4.137266e+00
3.502000e+03 4.036001e+00
3.503000e+03 4.055200e+00
3.504000e+03 3.797378e+00
3.505000e+03 3.462272e+00
3.506000e+03 2.641972e+00
3.507000e+03 1.653708e+00
3.508000e+03 2.537378e-01
3.509000e+03 -1.073690e+00
3.510000e+03 -2.437124e+00
3.511000e+03 -3.272155e+00
3.512000e+03 -3.749225e+00
3.513000e+03 -3.435968e+00
3.514000e+03 -2.693151e+00
3.515000e+03 -1.313454e+00
3.516000e+03 1.432315e-01
3.517000e+03 1.779344e+00
3.518000e+03 2.999807e+00
3.519000e+03 3.963126e+00
3.520000e+03 4.216958e+00
3.521000e+03 3.981346e+00
3.522000e+03 3.117826e+00
3.523000e+03 1.912444e+00
3.524000e+03 3.788872e-01
3.525000e+03 -1.101531e+00
3.526000e+03 -2.470708e+00
3.527000e+03 -3.379284e+00
3.528000e+03 -3.830403e+00
3.529000e+03 -3.596774e+00
3.530000e+03 -2.869237e+00
3.531000e+03 -1.602711e+00
3.532000e+03 -1.394881e-01
3.533000e+03 1.430465e+00
3.534000e+03 2.712890e+00
3.535000e+03 3.644794e+00
3.536000e+03 3.940679e+00
3.537000e+03 3.691649e+00
3.538000e+03 2.800336e+00
3.539000e+03 1.540920e+00
3.540000e+03 -1.921821e-02
3.541000e+03 -1.507996e+00
3.542000e+03 -2.809195e+00
3.543000e+03 -3.592968e+00
3.544000e+03 -3.848063e+00
3.545000e+03 -3.420325e+00
3.546000e+03 -2.486898e+00
3.547000e+03 -1.100892e+00
3.548000e+03 4.138176e-01
3.549000e+03 1.929439e+00
3.550000e+03 3.149851e+00
3.551000e+03 4.041847e+00
3.552000e+03 4.502296e+00
3.553000e+03 4.673137e+00
3.554000e+03 4.592573e+00
3.555000e+03 4.473162e+00
3.556000e+03 4.351279e+00
3.557000e+03 4.324558e+00
3.558000e+03 4.296310e+00
3.559000e+03 4.219831e+00
3.560000e+03 3.944865e+00
3.561000e+03 3.407158e+00
3.562000e+03 2.522255e+00
3.563000e+03 1.359011e+00
3.564000e+03 -2.640247e-03
3.565000e+03 -1.396090e+00
3.566000e+03 -2.641015e+00
3.567000e+03 -3.560143e+00
3.568000e+03 -4.024468e+00
3.569000e+03 -3.961398e+00
3.570000e+03 -3.349823e+00
3.571000e+03 -2.297914e+00
3.572000e+03 -9.233563e-01
3.573000e+03 5.308254e-01
3.574000e+03 1.882092e+00
3.575000e+03 2.857905e+00
3.576000e+03 3.333985e+00
3.577000e+03 3.174699e+00
3.578000e+03 2.484085e+00
3.579000e+03 1.308262e+00
3.580000e+03 -5.689362e-02
3.581000e+03 -1.464263e+00
3.582000e+03 -2.610616e+00
3.583000e+03 -3.465801e+00
3.584000e+03 -3.885982e+00
3.585000e+03 -4.042399e+00
3.586000e+03 -3.926092e+00
3.587000e+03 -3.805209e+00
3.588000e+03 -3.652349e+00
3.589000e+03 -3.683264e+00
3.590000e+03 -3.748401e+00
3.591000e+03 -3.966267e+00
3.592000e+03 -4.118733e+00
3.593000e+03 -4.316650e+00
3.594000e+03 -4.333368e+00
3.595000e+03 -4.351283e+00
3.596000e+03 -4.188623e+00
3.597000e+03 -4.074139e+00
3.598000e+03 -3.830816e+00
3.599000e+03 -3.709897e+00
3.600000e+03 -3.522911e+00
3.601000e+03 -3.511590e+00
3.602000e+03 -3.449633e+00
3.603000e+03 -3.580734e+00
3.604000e+03 -3.638410e+00
3.605000e+03 -3.847047e+00
3.606000e+03 -3.920204e+00
3.607000e+03 -4.099202e+00
3.608000e+03 -4.093580e+00
3.609000e+03 -4.194031e+00
3.610000e+03 -4.145039e+00
3.611000e+03 -4.260705e+00
3.612000e+03 -4.261999e+00
3.613000e+03 -4.439409e+00
3.614000e+03 -4.428872e+00
3.615000e+03 -4.444713e+00
3.616000e+03 -4.074232e+00
3.617000e+03 -3.549674e+00
3.618000e+03 -2.498682e+00
3.619000e+03 -1.299114e+00
3.620000e+03 2.626650e-01
3.621000e+03 1.658399e+00
3.622000e+03 3.004407e+00
3.623000e+03 3.740982e+00
3.624000e+03 4.065102e+00
3.625000e+03 3.557178e+00
3.626000e+03 2.635181e+00
3.627000e+03 1.089778e+00
3.628000e+03 -4.699286e-01
3.629000e+03 -2.148065e+00
3.630000e+03 -3.309965e+00
3.631000e+03 -4.124566e+00
3.632000e+03 -4.114594e+00
3.633000e+03 -3.676452e+00
3.634000e+03 -2.517824e+00
3.635000e+03 -1.216320e+00
3.636000e+03 3.962279e-01
3.637000e+03 1.717544e+00
3.638000e+03 2.987612e+00
3.639000e+03 3.711869e+00
3.640000e+03 4.269739e+00
3.641000e+03 4.320811e+00
3.642000e+03 4.356663e+00
3.643000e+03 4.068318e+00
3.644000e+03 3.955860e+00
3.645000e+03 3.676678e+00
3.646000e+03 3.665497e+00
3.647000e+03 3.524336e+00
3.648000e+03 3.650310e+00
3.649000e+03 3.618997e+00
3.650000e+03 3.819313e+00
3.651000e+03 3.829169e+00
3.652000e+03 4.036597e+00
3.653000e+03 4.014233e+00
3.654000e+03 4.160010e+00
3.655000e+03 4.057861e+00
3.656000e+03 4.103808e+00
3.657000e+03 3.916132e+00
3.658000e+03 3.923984e+00
3.659000e+03 3.742235e+00
3.660000e+03 3.792824e+00
3.661000e+03 3.693089e+00
3.662000e+03 3.823957e+00
3.663000e+03 3.775803e+00
3.664000e+03 3.919998e+00
3.665000e+03 3.841342e+00
3.666000e+03 3.913090e+00
3.667000e+03 3.762322e+00
3.668000e+03 3.780735e+00
3.669000e+03 3.615657e+00
3.670000e+03 3.652519e+00
3.671000e+03 3.541662e+00
3.672000e+03 3.661755e+00
3.673000e+03 3.633066e+00
3.674000e+03 3.794553e+00
3.675000e+03 3.784479e+00
3.676000e+03 3.928787e+00
3.677000e+03 3.870732e+00
3.678000e+03 3.951720e+00
3.679000e+03 3.841937e+00
3.680000e+03 3.855412e+00
3.681000e+03 3.804169e+00
3.682000e+03 3.804668e+00
3.683000e+03 3.790587e+00
3.684000e+03 3.821007e+00
3.685000e+03 3.827485e+00
3.686000e+03 3.854748e+00
3.687000e+03 3.847558e+00
3.688000e+03 3.855244e+00
3.689000e+03 3.854276e+00
3.690000e+03 3.893476e+00
3.691000e+03 3.951728e+00
3.692000e+03 4.047090e+00
3.693000e+03 4.132981e+00
3.694000e+03 4.189899e+00
3.695000e+03 4.179167e+00
3.696000e+03 4.083471e+00
3.697000e+03 3.918321e+00
3.698000e+03 3.730046e+00
3.699000e+03 3.586728e+00
3.700000e+03 3.522751e+00
3.701000e+03 3.577267e+00
3.702000e+03 3.684510e+00
3.703000e+03 3.780082e+00
3.704000e+03 3.696450e+00
3.705000e+03 3.346735e+00
3.706000e+03 2.608262e+00
3.707000e+03 1.533285e+00
3.708000e+03 1.668726e-01
3.709000e+03 -1.245593e+00
3.710000e+03 -2.542502e+00
3.711000e+03 -3.431352e+00
3.712000e+03 -3.809411e+00
3.713000e+03 -3.525313e+00
3.714000e+03 -2.702791e+00
3.715000e+03 -1.385813e+00
3.716000e+03 1.191771e-01
3.717000e+03 1.653919e+00
3.718000e+03 2.879371e+00
3.719000e+03 3.698181e+00
3.720000e+03 3.876112e+00
3.721000e+03 3.504711e+00
3.722000e+03 2.532568e+00
3.723000e+03 1.226717e+00
3.724000e+03 -3.324487e-01
3.725000e+03 -1.792851e+00
3.726000e+03 -3.092591e+00
3.727000e+03 -3.975277e+00
3.728000e+03 -4.535069e+00
3.729000e+03 -4.661794e+00
3.730000e+03 -4.615712e+00
3.731000e+03 -4.380410e+00
3.732000e+03 -4.216230e+00
3.733000e+03 -4.029557e+00
3.734000e+03 -3.975984e+00
3.735000e+03 -3.813559e+00
3.736000e+03 -3.595910e+00
3.737000e+03 -3.056747e+00
3.738000e+03 -2.301983e+00
3.739000e+03 -1.165124e+00
3.740000e+03 8.420205e-02
3.741000e+03 1.459528e+00
3.742000e+03 2.590051e+00
3.743000e+03 3.468461e+00
3.744000e+03 3.749030e+00
3.745000e+03 3.544138e+00
3.746000e+03 2.694919e+00
3.747000e+03 1.490844e+00
3.748000e+03 -6.860816e-02
3.749000e+03 -1.550961e+00
3.750000e+03 -2.907460e+00
3.751000e+03 -3.723134e+00
3.752000e+03 -4.049496e+00
3.753000e+03 -3.651903e+00
3.754000e+03 -2.786640e+00
3.755000e+03 -1.408769e+00
3.756000e+03 5.732703e-02
3.757000e+03 1.579008e+00
3.758000e+03 2.765644e+00
3.759000e+03 3.682948e+00
3.760000e+03 4.107224e+00
3.761000e+03 4.314410e+00
3.762000e+03 4.223075e+00
3.763000e+03 4.169479e+00
3.764000e+03 4.072161e+00
3.765000e+03 4.166199e+00
3.766000e+03 4.211176e+00
3.767000e+03 4.292243e+00
3.768000e+03 4.068991e+00
3.769000e+03 3.610445e+00
3.770000e+03 2.665322e+00
3.771000e+03 1.456115e+00
3.772000e+03 -8.054876e-02
3.773000e+03 -1.551359e+00
3.774000e+03 -2.912776e+00
3.775000e+03 -3.771235e+00
3.776000e+03 -4.153805e+00
3.777000e+03 -3.825531e+00
3.778000e+03 -3.017141e+00
3.779000e+03 -1.683639e+00
3.780000e+03 -1.958666e-01
3.781000e+03 1.386263e+00
3.782000e+03 2.660154e+00
3.783000e+03 3.595667e+00
3.784000e+03 3.894727e+00
3.785000e+03 3.649224e+00
3.786000e+03 2.727201e+00
3.787000e+03 1.410557e+00
3.788000e+03 -2.498338e-01
3.789000e+03 -1.850596e+00
3.790000e+03 -3.271391e+00
3.791000e+03 -4.134673e+00
3.792000e+03 -4.432092e+00
3.793000e+03 -4.002149e+00
3.794000e+03 -3.056508e+00
3.795000e+03 -1.645863e+00
3.796000e+03 -1.306419e-01
3.797000e+03 1.380183e+00
3.798000e+03 2.596564e+00
3.799000e+03 3.536727e+00
3.800000e+03 4.085367e+00
3.801000e+03 4.407483e+00
3.802000e+03 4.496589e+00
3.803000e+03 4.534633e+00
3.804000e+03 4.491719e+00
3.805000e+03 4.479262e+00
3.806000e+03 4.415469e+00
3.807000e+03 4.360088e+00
3.808000e+03 4.248780e+00
3.809000e+03 4.180916e+00
3.810000e+03 4.128592e+00
3.811000e+03 4.183504e+00
3.812000e+03 4.303953e+00
3.813000e+03 4.495406e+00
3.814000e+03 4.618331e+00
3.815000e+03 4.600139e+00
3.816000e+03 4.294142e+00
3.817000e+03 3.645653e+00
3.818000e+03 2.632386e+00
3.819000e+03 1.355508e+00
3.820000e+03 -5.745125e-02
3.821000e+03 -1.422404e+00
3.822000e+03 -2.579163e+00
3.823000e+03 -3.413446e+00
3.824000e+03 -3.891428e+00
3.825000e+03 -4.078078e+00
3.826000e+03 -4.057388e+00
3.827000e+03 -3.970367e+00
3.828000e+03 -3.894989e+00
3.829000e+03 -3.898693e+00
3.830000e+03 -3.909986e+00
3.831000e+03 -3.890260e+00
3.832000e+03 -3.676575e+00
3.833000e+03 -3.204748e+00
3.834000e+03 -2.368156e+00
3.835000e+03 -1.249665e+00
3.836000e+03 1.197696e-01
3.837000e+03 1.498172e+00
3.838000e+03 2.745739e+00
3.839000e+03 3.581823e+00
3.840000e+03 3.937230e+00
3.841000e+03 3.636691e+00
3.842000e+03 2.797777e+00
3.843000e+03 1.440054e+00
3.844000e+03 -1.260357e-01
3.845000e+03 -1.773479e+00
3.846000e+03 -3.113262e+00
3.847000e+03 -4.073339e+00
3.848000e+03 -4.340499e+00
3.849000e+03 -4.016244e+00
3.850000e+03 -2.990473e+00
3.851000e+03 -1.582451e+00
3.852000e+03 1.753685e-01
3.853000e+03 1.817130e+00
3.854000e+03 3.276291e+00
3.855000e+03 4.138227e+00
3.856000e+03 4.480298e+00
3.857000e+03 4.045669e+00
3.858000e+03 3.158643e+00
3.859000e+03 1.756783e+00
3.860000e+03 3.005058e-01
3.861000e+03 -1.233392e+00
3.862000e+03 -2.396888e+00
3.863000e+03 -3.346956e+00
3.864000e+03 -3.805342e+00
3.865000e+03 -4.094867e+00
3.866000e+03 -4.040396e+00
3.867000e+03 -4.051826e+00
3.868000e+03 -3.927629e+00
3.869000e+03 -4.008234e+00
3.870000e+03 -3.993292e+00
3.871000e+03 -4.162758e+00
3.872000e+03 -4.168158e+00
3.873000e+03 -4.279406e+00
3.874000e+03 -4.176774e+00
3.875000e+03 -4.192474e+00
3.876000e+03 -4.022157e+00
3.877000e+03 -4.013285e+00
3.878000e+03 -3.854182e+00
3.879000e+03 -3.881759e+00
3.880000e+03 -3.770902e+00
3.881000e+03 -3.865397e+00
3.882000e+03 -3.842006e+00
3.883000e+03 -4.053310e+00
3.884000e+03 -4.154353e+00
3.885000e+03 -4.443564e+00
3.886000e+03 -4.505691e+00
3.887000e+03 -4.574450e+00
3.888000e+03 -4.189678e+00
3.889000e+03 -3.620275e+00
3.890000e+03 -2.518988e+00
3.891000e+03 -1.295336e+00
3.892000e+03 2.373284e-01
3.893000e+03 1.544621e+00
3.894000e+03 2.788989e+00
3.895000e+03 3.506761e+00
3.896000e+03 4.004663e+00
3.897000e+03 4.033054e+00
3.898000e+03 4.056283e+00
3.899000e+03 3.892384e+00
3.900000e+03 3.978526e+00
3.901000e+03 4.013398e+00
3.902000e+03 4.245905e+00
3.903000e+03 4.233855e+00
3.904000e+03 4.129305e+00
3.905000e+03 3.511880e+00
3.906000e+03 2.673209e+00
3.907000e+03 1.391631e+00
3.908000e+03 1.133448e-01
3.909000e+03 -1.261759e+00
3.910000e+03 -2.277548e+00
3.911000e+03 -3.128436e+00
3.912000e+03 -3.546316e+00
3.913000e+03 -3.862721e+00
3.914000e+03 -3.929227e+00
3.915000e+03 -4.116375e+00
3.916000e+03 -4.230476e+00
3.917000e+03 -4.508231e+00
3.918000e+03 -4.667047e+00
3.919000e+03 -4.880215e+00
3.920000e+03 -4.873905e+00
3.921000e+03 -4.861097e+00
3.922000e+03 -4.688716e+00
3.923000e+03 -4.623116e+00
3.924000e+03 -4.522527e+00
3.925000e+03 -4.582149e+00
3.926000e+03 -4.578343e+00
3.927000e+03 -4.573176e+00
3.928000e+03 -4.268779e+00
3.929000e+03 -3.718721e+00
3.930000e+03 -2.744909e+00
3.931000e+03 -1.523654e+00
3.932000e+03 -6.067967e-02
3.933000e+03 1.343189e+00
3.934000e+03 2.617158e+00
3.935000e+03 3.524269e+00
3.936000e+03 4.096982e+00
3.937000e+03 4.289018e+00
3.938000e+03 4.270417e+00
3.939000e+03 4.111539e+00
3.940000e+03 3.976252e+00
3.941000e+03 3.881657e+00
3.942000e+03 3.848101e+00
3.943000e+03 3.772598e+00
3.944000e+03 3.542827e+00
3.945000e+03 3.059883e+00
3.946000e+03 2.266093e+00
3.947000e+03 1.203206e+00
3.948000e+03 -5.046856e-02
3.949000e+03 -1.292751e+00
3.950000e+03 -2.417030e+00
3.951000e+03 -3.247250e+00
3.952000e+03 -3.805637e+00
3.953000e+03 -4.058136e+00
3.954000e+03 -4.207210e+00
3.955000e+03 -4.268718e+00
3.956000e+03 -4.441260e+00
3.957000e+03 -4.613595e+00
3.958000e+03 -4.846535e+00
3.959000e+03 -4.871067e+00
3.960000e+03 -4.680121e+00
3.961000e+03 -4.002960e+00
3.962000e+03 -2.997904e+00
3.963000e+03 -1.559070e+00
3.964000e+03 -4.064433e-02
3.965000e+03 1.543521e+00
3.966000e+03 2.783370e+00
3.967000e+03 3.778336e+00
3.968000e+03 4.253537e+00
3.969000e+03 4.491300e+00
3.970000e+03 4.361971e+00
3.971000e+03 4.256717e+00
3.972000e+03 4.011716e+00
3.973000e+03 3.974160e+00
3.974000e+03 3.870503e+00
3.975000e+03 3.967375e+00
3.976000e+03 3.927085e+00
3.977000e+03 4.027821e+00
3.978000e+03 3.925117e+00
3.979000e+03 3.957390e+00
3.980000e+03 3.807892e+00
3.981000e+03 3.838079e+00
3.982000e+03 3.716433e+00
3.983000e+03 3.804093e+00
3.984000e+03 3.717344e+00
3.985000e+03 3.826269e+00
3.986000e+03 3.736613e+00
3.987000e+03 3.819317e+00
3.988000e+03 3.678892e+00
3.989000e+03 3.721548e+00
3.990000e+03 3.544930e+00
3.991000e+03 3.583268e+00
3.992000e+03 3.434559e+00
3.993000e+03 3.532472e+00
3.994000e+03 3.461442e+00
3.995000e+03 3.658607e+00
3.996000e+03 3.661393e+00
3.997000e+03 3.892901e+00
3.998000e+03 3.878240e+00
3.999000e+03 4.040427e+00
4.000000e+03 3.972097e+00
4.001000e+03 3.928134e+00
4.002000e+03 3.860364e+00
4.003000e+03 3.797698e+00
4.004000e+03 3.766920e+00
4.005000e+03 3.773298e+00
4.006000e+03 3.799303e+00
4.007000e+03 3.814236e+00
4.008000e+03 3.809602e+00
4.009000e+03 3.762528e+00
4.010000e+03 3.696675e+00
4.011000e+03 3.634654e+00
4.012000e+03 3.620764e+00
4.013000e+03 3.634177e+00
4.014000e+03 3.666805e+00
4.015000e+03 3.623961e+00
4.016000e+03 3.426600e+00
4.017000e+03 2.954012e+00
4.018000e+03 2.197384e+00
4.019000e+03 1.143481e+00
4.020000e+03 -7.234144e-02
4.021000e+03 -1.331458e+00
4.022000e+03 -2.418435e+00
4.023000e+03 -3.233487e+00
4.024000e+03 -3.688276e+00
4.025000e+03 -3.861426e+00
4.026000e+03 -3.810060e+00
4.027000e+03 -3.736181e+00
4.028000e+03 -3.719228e+00
4.029000e+03 -3.854556e+00
4.030000e+03 -4.049111e+00
4.031000e+03 -4.241281e+00
4.032000e+03 -4.203039e+00
4.033000e+03 -3.846259e+00
4.034000e+03 -3.053933e+00
4.035000e+03 -1.922432e+00
4.036000e+03 -5.189223e-01
4.037000e+03 8.919401e-01
4.038000e+03 2.170876e+00
4.039000e+03 3.109104e+00
4.040000e+03 3.724831e+00
4.041000e+03 3.975774e+00
4.042000e+03 4.035582e+00
4.043000e+03 3.968656e+00
4.044000e+03 3.952219e+00
4.045000e+03 3.967461e+00
4.046000e+03 4.097069e+00
4.047000e+03 4.225709e+00
4.048000e+03 4.362011e+00
4.049000e+03 4.392844e+00
4.050000e+03 4.385770e+00
4.051000e+03 4.272448e+00
4.052000e+03 4.167181e+00
4.053000e+03 4.024712e+00
4.054000e+03 3.942161e+00
4.055000e+03 3.858031e+00
4.056000e+03 3.842606e+00
4.057000e+03 3.810809e+00
4.058000e+03 3.861700e+00
4.059000e+03 3.928395e+00
4.060000e+03 4.085495e+00
4.061000e+03 4.236284e+00
4.062000e+03 4.400896e+00
4.063000e+03 4.409524e+00
4.064000e+03 4.235638e+00
4.065000e+03 3.713752e+00
4.066000e+03 2.887112e+00
4.067000e+03 1.711740e+00
4.068000e+03 3.694966e-01
4.069000e+03 -1.060961e+00
4.070000e+03 -2.334930e+00
4.071000e+03 -3.400651e+00
4.072000e+03 -4.108452e+00
4.073000e+03 -4.520008e+00
4.074000e+03 -4.617671e+00
4.075000e+03 -4.561872e+00
4.076000e+03 -4.366258e+00
4.077000e+03 -4.169311e+00
4.078000e+03 -3.946828e+00
4.079000e+03 -3.791001e+00
4.080000e+03 -3.633201e+00
4.081000e+03 -3.538717e+00
4.082000e+03 -3.458967e+00
4.083000e+03 -3.455797e+00
4.084000e+03 -3.461697e+00
4.085000e+03 -3.521853e+00
4.086000e+03 -3.551587e+00
4.087000e+03 -3.590891e+00
4.088000e+03 -3.576673e+00
4.089000e+03 -3.565292e+00
4.090000e+03 -3.550242e+00
4.091000e+03 -3.622543e+00
4.092000e+03 -3.752283e+00
4.093000e+03 -3.974689e+00
4.094000e+03 -4.182425e+00
4.095000e+03 -4.290004e+00
4.096000e+03 -4.125716e+00
4.097000e+03 -3.616238e+00
4.098000e+03 -2.657939e+00
4.099000e+03 -1.319173e+00
4.100000e+03 2.871379e-01
4.101000e+03 1.912130e+00
4.102000e+03 3.331215e+00
4.103000e+03 4.278372e+00
4.104000e+03 4.607114e+00
4.105000e+03 4.247388e+00
4.106000e+03 3.290194e+00
4.107000e+03 1.887957e+00
4.108000e+03 2.977339e-01
4.109000e+03 -1.241753e+00
4.110000e+03 -2.527632e+00
4.111000e+03 -3.446639e+00
4.112000e+03 -3.968940e+00
4.113000e+03 -4.178813e+00
4.114000e+03 -4.203686e+00
4.115000e+03 -4.164991e+00
4.116000e+03 -4.169813e+00
4.117000e+03 -4.239628e+00
4.118000e+03 -4.345863e+00
4.119000e+03 -4.374470e+00
4.120000e+03 -4.195952e+00
4.121000e+03 -3.686733e+00
4.122000e+03 -2.820575e+00
4.123000e+03 -1.594412e+00
4.124000e+03 -1.492559e-01
4.125000e+03 1.353734e+00
4.126000e+03 2.661131e+00
4.127000e+03 3.588803e+00
4.128000e+03 3.935777e+00
4.129000e+03 3.658664e+00
4.130000e+03 2.739181e+00
4.131000e+03 1.349008e+00
4.132000e+03 -3.436000e-01
4.133000e+03 -2.026262e+00
4.134000e+03 -3.474162e+00
4.135000e+03 -4.397336e+00
4.136000e+03 -4.713564e+00
4.137000e+03 -4.329242e+00
4.138000e+03 -3.378548e+00
4.139000e+03 -1.982068e+00
4.140000e+03 -4.405546e-01
4.141000e+03 1.081985e+00
4.142000e+03 2.324539e+00
4.143000e+03 3.254295e+00
4.144000e+03 3.792185e+00
4.145000e+03 4.069550e+00
4.146000e+03 4.109861e+00
4.147000e+03 4.107272e+00
4.148000e+03 4.055162e+00
4.149000e+03 4.074354e+00
4.150000e+03 4.079463e+00
4.151000e+03 4.129058e+00
4.152000e+03 4.112050e+00
4.153000e+03 4.126292e+00
4.154000e+03 4.084266e+00
4.155000e+03 4.103998e+00
4.156000e+03 4.104447e+00
4.157000e+03 4.168617e+00
4.158000e+03 4.146262e+00
4.159000e+03 4.048500e+00
4.160000e+03 3.712113e+00
4.161000e+03 3.065074e+00
4.162000e+03 2.193761e+00
4.163000e+03 9.999170e-01
4.164000e+03 -2.388703e-01
4.165000e+03 -1.518397e+00
4.166000e+03 -2.487933e+00
4.167000e+03 -3.153512e+00
4.168000e+03 -3.242109e+00
4.169000e+03 -2.903349e+00
4.170000e+03 -2.011240e+00
4.171000e+03 -8.993311e-01
4.172000e+03 4.444178e-01
4.173000e+03 1.626540e+00
4.174000e+03 2.683316e+00
4.175000e+03 3.310966e+00
4.176000e+03 3.712777e+00
4.177000e+03 3.720386e+00
4.178000e+03 3.681452e+00
4.179000e+03 3.503003e+00
4.180000e+03 3.515189e+00
4.181000e+03 3.515277e+00
4.182000e+03 3.703610e+00
4.183000e+03 3.719856e+00
4.184000e+03 3.678724e+00
4.185000e+03 3.199371e+00
4.186000e+03 2.486382e+00
4.187000e+03 1.314508e+00
4.188000e+03 7.623363e-02
4.189000e+03 -1.310518e+00
4.190000e+03 -2.380471e+00
4.191000e+03 -3.284620e+00
4.192000e+03 -3.682164e+00
4.193000e+03 -3.900127e+00
4.194000e+03 -3.782922e+00
4.195000e+03 -3.767116e+00
4.196000e+03 -3.672577e+00
4.197000e+03 -3.845696e+00
4.198000e+03 -3.945764e+00
4.199000e+03 -4.154181e+00
4.200000e+03 -4.012766e+00
4.201000e+03 -3.689203e+00
4.202000e+03 -2.808382e+00
4.203000e+03 -1.704909e+00
4.204000e+03 -1.994058e-01
4.205000e+03 1.190138e+00
4.206000e+03 2.548500e+00
4.207000e+03 3.339317e+00
4.208000e+03 3.726789e+00
4.209000e+03 3.357431e+00
4.210000e+03 2.603433e+00
4.211000e+03 1.288688e+00
4.212000e+03 -5.995268e-02
4.213000e+03 -1.545610e+00
4.214000e+03 -2.664050e+00
4.215000e+03 -3.626005e+00
4.216000e+03 -4.085301e+00
4.217000e+03 -4.402654e+00
4.218000e+03 -4.361914e+00
4.219000e+03 -4.403025e+00
4.220000e+03 -4.293494e+00
4.221000e+03 -4.389365e+00
4.222000e+03 -4.340728e+00
4.223000e+03 -4.370884e+00
4.224000e+03 -4.049907e+00
4.225000e+03 -3.592164e+00
4.226000e+03 -2.636492e+00
4.227000e+03 -1.528565e+00
4.228000e+03 -8.151288e-02
4.229000e+03 1.209797e+00
4.230000e+03 2.439945e+00
4.231000e+03 3.112496e+00
4.232000e+03 3.399203e+00
4.233000e+03 2.963588e+00
4.234000e+03 2.163524e+00
4.235000e+03 8.446690e-01
4.236000e+03 -5.033475e-01
4.237000e+03 -1.950134e+00
4.238000e+03 -3.006751e+00
4.239000e+03 -3.788825e+00
4.240000e+03 -3.915089e+00
4.241000e+03 -3.626504e+00
4.242000e+03 -2.690695e+00
4.243000e+03 -1.495197e+00
4.244000e+03 4.692411e-02
4.245000e+03 1.454165e+00
4.246000e+03 2.746964e+00
4.247000e+03 3.477786e+00
4.248000e+03 3.769054e+00
4.249000e+03 3.327420e+00
4.250000e+03 2.471517e+00
4.251000e+03 1.136445e+00
4.252000e+03 -2.279851e-01
4.253000e+03 -1.627668e+00
4.254000e+03 -2.661842e+00
4.255000e+03 -3.444617e+00
4.256000e+03 -3.772506e+00
4.257000e+03 -3.953983e+00
4.258000e+03 -3.909217e+00
4.259000e+03 -3.967548e+00
4.260000e+03 -4.021363e+00
4.261000e+03 -4.253954e+00
4.262000e+03 -4.404010e+00
4.263000e+03 -4.519356e+00
4.264000e+03 -4.288237e+00
4.265000e+03 -3.782751e+00
4.266000e+03 -2.824264e+00
4.267000e+03 -1.640121e+00
4.268000e+03 -2.260120e-01
4.269000e+03 1.084265e+00
4.270000e+03 2.261892e+00
4.271000e+03 3.058630e+00
4.272000e+03 3.559513e+00
4.273000e+03 3.700008e+00
4.274000e+03 3.718482e+00
4.275000e+03 3.628717e+00
4.276000e+03 3.641804e+00
4.277000e+03 3.698398e+00
4.278000e+03 3.849322e+00
4.279000e+03 3.901890e+00
4.280000e+03 3.784760e+00
4.281000e+03 3.287447e+00
4.282000e+03 2.415210e+00
4.283000e+03 1.127506e+00
4.284000e+03 -3.908045e-01
4.285000e+03 -1.977634e+00
4.286000e+03 -3.328742e+00
4.287000e+03 -4.246818e+00
4.288000e+03 -4.545443e+00
4.289000e+03 -4.199122e+00
4.290000e+03 -3.251454e+00
4.291000e+03 -1.898219e+00
4.292000e+03 -3.549257e-01
4.293000e+03 1.141887e+00
4.294000e+03 2.413878e+00
4.295000e+03 3.369030e+00
4.296000e+03 3.976797e+00
4.297000e+03 4.304405e+00
4.298000e+03 4.426439e+00
4.299000e+03 4.452809e+00
4.300000e+03 4.416961e+00
4.301000e+03 4.389703e+00
4.302000e+03 4.328189e+00
4.303000e+03 4.273767e+00
4.304000e+03 4.182382e+00
4.305000e+03 4.113259e+00
4.306000e+03 4.030115e+00
4.307000e+03 4.028171e+00
4.308000e+03 4.052811e+00
4.309000e+03 4.171886e+00
4.310000e+03 4.284328e+00
4.311000e+03 4.434104e+00
4.312000e+03 4.497115e+00
4.313000e+03 4.533091e+00
4.314000e+03 4.438570e+00
4.315000e+03 4.323874e+00
4.316000e+03 4.110385e+00
4.317000e+03 3.930556e+00
4.318000e+03 3.711833e+00
4.319000e+03 3.596016e+00
4.320000e+03 3.492814e+00
4.321000e+03 3.493224e+00
4.322000e+03 3.584552e+00
4.323000e+03 3.772125e+00
4.324000e+03 4.008582e+00
4.325000e+03 4.272106e+00
4.326000e+03 4.447807e+00
4.327000e+03 4.450958e+00
4.328000e+03 4.156157e+00
4.329000e+03 3.519378e+00
4.330000e+03 2.466990e+00
4.331000e+03 1.094831e+00
4.332000e+03 -5.033333e-01
4.333000e+03 -2.088497e+00
4.334000e+03 -3.465650e+00
4.335000e+03 -4.382005e+00
4.336000e+03 -4.716449e+00
4.337000e+03 -4.354399e+00
4.338000e+03 -3.411994e+00
4.339000e+03 -2.006783e+00
4.340000e+03 -4.184982e-01
4.341000e+03 1.144359e+00
4.342000e+03 2.415116e+00
4.343000e+03 3.305167e+00
4.344000e+03 3.745112e+00
4.345000e+03 3.868994e+00
4.346000e+03 3.764670e+00
4.347000e+03 3.646647e+00
4.348000e+03 3.589713e+00
4.349000e+03 3.689160e+00
4.350000e+03 3.853214e+00
4.351000e+03 3.999089e+00
4.352000e+03 3.920443e+00
4.353000e+03 3.534128e+00
4.354000e+03 2.717328e+00
4.355000e+03 1.538561e+00
4.356000e+03 9.452915e-02
4.357000e+03 -1.368004e+00
4.358000e+03 -2.649933e+00
4.359000e+03 -3.479593e+00
4.360000e+03 -3.744972e+00
4.361000e+03 -3.373237e+00
4.362000e+03 -2.453273e+00
4.363000e+03 -1.111979e+00
4.364000e+03 3.949847e-01
4.365000e+03 1.871738e+00
4.366000e+03 3.101179e+00
4.367000e+03 3.981230e+00
4.368000e+03 4.477862e+00
4.369000e+03 4.667872e+00
4.370000e+03 4.639851e+00
4.371000e+03 4.541255e+00
4.372000e+03 4.467034e+00
4.373000e+03 4.453202e+00
4.374000e+03 4.456109e+00
4.375000e+03 4.377204e+00
4.376000e+03 4.096700e+00
4.377000e+03 3.489676e+00
4.378000e+03 2.522027e+00
4.379000e+03 1.220947e+00
4.380000e+03 -2.666895e-01
4.381000e+03 -1.766536e+00
4.382000e+03 -3.031912e+00
4.383000e+03 -3.889425e+00
4.384000e+03 -4.152526e+00
4.385000e+03 -3.823020e+00
4.386000e+03 -2.910504e+00
4.387000e+03 -1.599614e+00
4.388000e+03 -4.545236e-02
4.389000e+03 1.456746e+00
4.390000e+03 2.730994e+00
4.391000e+03 3.526691e+00
4.392000e+03 3.806006e+00
4.393000e+03 3.452329e+00
4.394000e+03 2.608128e+00
4.395000e+03 1.345281e+00
4.396000e+03 -5.042577e-02
4.397000e+03 -1.459355e+00
4.398000e+03 -2.590250e+00
4.399000e+03 -3.433277e+00
4.400000e+03 -3.852994e+00
4.401000e+03 -4.014741e+00
4.402000e+03 -3.914281e+00
4.403000e+03 -3.814162e+00
4.404000e+03 -3.681593e+00
4.405000e+03 -3.694261e+00
4.406000e+03 -3.673748e+00
4.407000e+03 -3.660521e+00
4.408000e+03 -3.401105e+00
4.409000e+03 -2.961035e+00
4.410000e+03 -2.138724e+00
4.411000e+03 -1.151662e+00
4.412000e+03 6.036109e-02
4.413000e+03 1.189249e+00
4.414000e+03 2.276399e+00
4.415000e+03 3.046367e+00
4.416000e+03 3.670352e+00
4.417000e+03 3.963878e+00
4.418000e+03 4.179492e+00
4.419000e+03 4.184658e+00
4.420000e+03 4.235267e+00
4.421000e+03 4.137767e+00
4.422000e+03 4.124633e+00
4.423000e+03 3.970515e+00
4.424000e+03 3.903489e+00
4.425000e+03 3.713088e+00
4.426000e+03 3.668409e+00
4.427000e+03 3.543333e+00
4.428000e+03 3.601154e+00
4.429000e+03 3.580777e+00
4.430000e+03 3.721301e+00
4.431000e+03 3.737730e+00
4.432000e+03 3.870238e+00
4.433000e+03 3.847713e+00
4.434000e+03 3.958571e+00
4.435000e+03 3.932480e+00
4.436000e+03 4.056470e+00
4.437000e+03 4.033626e+00
4.438000e+03 4.127988e+00
4.439000e+03 4.019066e+00
4.440000e+03 3.994076e+00
4.441000e+03 3.766162e+00
4.442000e+03 3.688934e+00
4.443000e+03 3.508672e+00
4.444000e+03 3.581892e+00
4.445000e+03 3.590122e+00
4.446000e+03 3.794937e+00
4.447000e+03 3.771079e+00
4.448000e+03 3.713856e+00
4.449000e+03 3.177178e+00
4.450000e+03 2.452247e+00
4.451000e+03 1.246501e+00
4.452000e+03 1.785803e-02
4.453000e+03 -1.388585e+00
4.454000e+03 -2.446199e+00
4.455000e+03 -3.376056e+00
4.456000e+03 -3.776914e+00
4.457000e+03 -4.033613e+00
4.458000e+03 -3.920099e+00
4.459000e+03 -3.924788e+00
4.460000e+03 -3.796781e+00
4.461000e+03 -3.934366e+00
4.462000e+03 -3.933096e+00
4.463000e+03 -4.041085e+00
4.464000e+03 -3.763062e+00
4.465000e+03 -3.337881e+00
4.466000e+03 -2.354919e+00
4.467000e+03 -1.234940e+00
4.468000e+03 2.428491e-01
4.469000e+03 1.504243e+00
4.470000e+03 2.683567e+00
4.471000e+03 3.222894e+00
4.472000e+03 3.374036e+00
4.473000e+03 2.769142e+00
4.474000e+03 1.874880e+00
4.475000e+03 5.074022e-01
4.476000e+03 -7.508290e-01
4.477000e+03 -2.066596e+00
4.478000e+03 -2.926492e+00
4.479000e+03 -3.629569e+00
4.480000e+03 -3.870230e+00
4.481000e+03 -3.978707e+00
4.482000e+03 -3.876670e+00
4.483000e+03 -3.815922e+00
4.484000e+03 -3.720665e+00
4.485000e+03 -3.747273e+00
4.486000e+03 -3.756589e+00
4.487000e+03 -3.845372e+00
4.488000e+03 -3.871691e+00
4.489000e+03 -3.936215e+00
4.490000e+03 -3.925892e+00
4.491000e+03 -3.953188e+00
4.492000e+03 -3.921453e+00
4.493000e+03 -3.921582e+00
4.494000e+03 -3.856090e+00
4.495000e+03 -3.790085e+00
4.496000e+03 -3.659603e+00
4.497000e+03 -3.572974e+00
4.498000e+03 -3.496869e+00
4.499000e+03 -3.531724e+00
4.500000e+03 -3.642798e+00
4.501000e+03 -3.841089e+00
4.502000e+03 -3.993327e+00
4.503000e+03 -4.027596e+00
4.504000e+03 -3.773974e+00
4.505000e+03 -3.169519e+00
4.506000e+03 -2.179269e+00
4.507000e+03 -8.961349e-01
4.508000e+03 5.510328e-01
4.509000e+03 1.954674e+00
4.510000e+03 3.150800e+00
4.511000e+03 4.009414e+00
4.512000e+03 4.483727e+00
4.513000e+03 4.639972e+00
4.514000e+03 4.576594e+00
4.515000e+03 4.426490e+00
4.516000e+03 4.280908e+00
4.517000e+03 4.220716e+00
4.518000e+03 4.219159e+00
4.519000e+03 4.269884e+00
4.520000e+03 4.289345e+00
4.521000e+03 4.276947e+00
4.522000e+03 4.177850e+00
4.523000e+03 4.059282e+00
4.524000e+03 3.907183e+00
4.525000e+03 3.814617e+00
4.526000e+03 3.741670e+00
4.527000e+03 3.748915e+00
4.528000e+03 3.767448e+00
4.529000e+03 3.833339e+00
4.530000e+03 3.852609e+00
4.531000e+03 3.892703e+00
4.532000e+03 3.876014e+00
4.533000e+03 3.879979e+00
4.534000e+03 3.838763e+00
4.535000e+03 3.848243e+00
4.536000e+03 3.819944e+00
4.537000e+03 3.843899e+00
4.538000e+03 3.838775e+00
4.539000e+03 3.887302e+00
4.540000e+03 3.887564e+00
4.541000e+03 3.927306e+00
4.542000e+03 3.891048e+00
4.543000e+03 3.869200e+00
4.544000e+03 3.771007e+00
4.545000e+03 3.709753e+00
4.546000e+03 3.612196e+00
4.547000e+03 3.623978e+00
4.548000e+03 3.661023e+00
4.549000e+03 3.818409e+00
4.550000e+03 3.939175e+00
4.551000e+03 4.034262e+00
4.552000e+03 3.880716e+00
4.553000e+03 3.471648e+00
4.554000e+03 2.638423e+00
4.555000e+03 1.500906e+00
4.556000e+03 5.861294e-02
4.557000e+03 -1.400298e+00
4.558000e+03 -2.753360e+00
4.559000e+03 -3.658723e+00
4.560000e+03 -4.056510e+00
4.561000e+03 -3.784382e+00
4.562000e+03 -2.983743e+00
4.563000e+03 -1.697561e+00
4.564000e+03 -2.455890e-01
4.565000e+03 1.246363e+00
4.566000e+03 2.493900e+00
4.567000e+03 3.477341e+00
4.568000e+03 4.068547e+00
4.569000e+03 4.400273e+00
4.570000e+03 4.464192e+00
4.571000e+03 4.437870e+00
4.572000e+03 4.308869e+00
4.573000e+03 4.206423e+00
4.574000e+03 4.067145e+00
4.575000e+03 3.975437e+00
4.576000e+03 3.864343e+00
4.577000e+03 3.829503e+00
4.578000e+03 3.825773e+00
4.579000e+03 3.943321e+00
4.580000e+03 4.110288e+00
4.581000e+03 4.344468e+00
4.582000e+03 4.498273e+00
4.583000e+03 4.507964e+00
4.584000e+03 4.219517e+00
4.585000e+03 3.620197e+00
4.586000e+03 2.658831e+00
4.587000e+03 1.455248e+00
4.588000e+03 1.111724e-01
4.589000e+03 -1.179746e+00
4.590000e+03 -2.299385e+00
4.591000e+03 -3.127161e+00
4.592000e+03 -3.661239e+00
4.593000e+03 -3.921735e+00
4.594000e+03 -4.003439e+00
4.595000e+03 -3.989865e+00
4.596000e+03 -3.955801e+00
4.597000e+03 -3.937157e+00
4.598000e+03 -3.940333e+00
4.599000e+03 -3.956043e+00
4.600000e+03 -3.952955e+00
4.601000e+03 -3.957364e+00
4.602000e+03 -3.957446e+00
4.603000e+03 -3.991593e+00
4.604000e+03 -4.038875e+00
4.605000e+03 -4.133426e+00
4.606000e+03 -4.210629e+00
4.607000e+03 -4.283614e+00
4.608000e+03 -4.284533e+00
4.609000e+03 -4.286037e+00
4.610000e+03 -4.249241e+00
4.611000e+03 -4.283322e+00
4.612000e+03 -4.345216e+00
4.613000e+03 -4.502306e+00
4.614000e+03 -4.613526e+00
4.615000e+03 -4.654525e+00
4.616000e+03 -4.404531e+00
4.617000e+03 -3.873223e+00
4.618000e+03 -2.915421e+00
4.619000e+03 -1.688334e+00
4.620000e+03 -2.151325e-01
4.621000e+03 1.190650e+00
4.622000e+03 2.471249e+00
4.623000e+03 3.359805e+00
4.624000e+03 3.922076e+00
4.625000e+03 4.056011e+00
4.626000e+03 4.023681e+00
4.627000e+03 3.801081e+00
4.628000e+03 3.661761e+00
4.629000e+03 3.520479e+00
4.630000e+03 3.559497e+00
4.631000e+03 3.568345e+00
4.632000e+03 3.679725e+00
4.633000e+03 3.691923e+00
4.634000e+03 3.787982e+00
4.635000e+03 3.798012e+00
4.636000e+03 3.949957e+00
4.637000e+03 4.037702e+00
4.638000e+03 4.215715e+00
4.639000e+03 4.178738e+00
4.640000e+03 4.004097e+00
4.641000e+03 3.450152e+00
4.642000e+03 2.580284e+00
4.643000e+03 1.353789e+00
4.644000e+03 -8.496612e-03
4.645000e+03 -1.432190e+00
4.646000e+03 -2.631451e+00
4.647000e+03 -3.570261e+00
4.648000e+03 -4.086799e+00
4.649000e+03 -4.326681e+00
4.650000e+03 -4.242922e+00
4.651000e+03 -4.090359e+00
4.652000e+03 -3.848129e+00
4.653000e+03 -3.724159e+00
4.654000e+03 -3.603452e+00
4.655000e+03 -3.630582e+00
4.656000e+03 -3.611833e+00
4.657000e+03 -3.680668e+00
4.658000e+03 -3.661224e+00
4.659000e+03 -3.720335e+00
4.660000e+03 -3.693920e+00
4.661000e+03 -3.766593e+00
4.662000e+03 -3.761007e+00
4.663000e+03 -3.860807e+00
4.664000e+03 -3.846510e+00
4.665000e+03 -3.899065e+00
4.666000e+03 -3.825097e+00
4.667000e+03 -3.824819e+00
4.668000e+03 -3.710010e+00
4.669000e+03 -3.715490e+00
4.670000e+03 -3.659858e+00
4.671000e+03 -3.764480e+00
4.672000e+03 -3.801146e+00
4.673000e+03 -3.981516e+00
4.674000e+03 -4.062538e+00
4.675000e+03 -4.232193e+00
4.676000e+03 -4.250475e+00
4.677000e+03 -4.336354e+00
4.678000e+03 -4.257158e+00
4.679000e+03 -4.262164e+00
4.680000e+03 -4.146394e+00
4.681000e+03 -4.159705e+00
4.682000e+03 -4.085948e+00
4.683000e+03 -4.174392e+00
4.684000e+03 -4.179877e+00
4.685000e+03 -4.318060e+00
4.686000e+03 -4.329157e+00
4.687000e+03 -4.439481e+00
4.688000e+03 -4.398728e+00
4.689000e+03 -4.437863e+00
4.690000e+03 -4.335370e+00
4.691000e+03 -4.341868e+00
4.692000e+03 -4.222636e+00
4.693000e+03 -4.222267e+00
4.694000e+03 -4.093863e+00
4.695000e+03 -4.071889e+00
4.696000e+03 -3.937802e+00
4.697000e+03 -3.936201e+00
4.698000e+03 -3.860112e+00
4.699000e+03 -3.974387e+00
4.700000e+03 -4.052629e+00
4.701000e+03 -4.280500e+00
4.702000e+03 -4.366126e+00
4.703000e+03 -4.431312e+00
4.704000e+03 -4.137839e+00
4.705000e+03 -3.624898e+00
4.706000e+03 -2.666141e+00
4.707000e+03 -1.521666e+00
4.708000e+03 -1.044464e-01
4.709000e+03 1.211949e+00
4.710000e+03 2.469455e+00
4.711000e+03 3.348023e+00
4.712000e+03 3.991226e+00
4.713000e+03 4.227355e+00
4.714000e+03 4.322741e+00
4.715000e+03 4.193950e+00
4.716000e+03 4.111843e+00
4.717000e+03 3.957330e+00
4.718000e+03 3.912720e+00
4.719000e+03 3.800600e+00
4.720000e+03 3.771920e+00
4.721000e+03 3.652025e+00
4.722000e+03 3.618204e+00
4.723000e+03 3.565869e+00
4.724000e+03 3.671556e+00
4.725000e+03 3.803279e+00
4.726000e+03 4.045165e+00
4.727000e+03 4.169895e+00
4.728000e+03 4.178950e+00
4.729000e+03 3.819191e+00
4.730000e+03 3.115540e+00
4.731000e+03 1.974384e+00
4.732000e+03 5.982208e-01
4.733000e+03 -9.185057e-01
4.734000e+03 -2.239661e+00
4.735000e+03 -3.223876e+00
4.736000e+03 -3.628457e+00
4.737000e+03 -3.451176e+00
4.738000e+03 -2.683136e+00
4.739000e+03 -1.540325e+00
4.740000e+03 -1.739886e-01
4.741000e+03 1.156520e+00
4.742000e+03 2.307978e+00
4.743000e+03 3.133621e+00
4.744000e+03 3.644769e+00
4.745000e+03 3.859387e+00
4.746000e+03 3.862016e+00
4.747000e+03 3.744430e+00
4.748000e+03 3.586931e+00
4.749000e+03 3.437136e+00
4.750000e+03 3.308121e+00
4.751000e+03 3.222218e+00
4.752000e+03 3.158474e+00
4.753000e+03 3.159137e+00
4.754000e+03 3.207171e+00
4.755000e+03 3.362980e+00
4.756000e+03 3.574291e+00
4.757000e+03 3.866699e+00
4.758000e+03 4.100705e+00
4.759000e+03 4.239666e+00
4.760000e+03 4.085869e+00
4.761000e+03 3.614425e+00
4.762000e+03 2.686261e+00
4.763000e+03 1.424676e+00
4.764000e+03 -1.556902e-01
4.765000e+03 -1.748886e+00
4.766000e+03 -3.219162e+00
4.767000e+03 -4.203481e+00
4.768000e+03 -4.656433e+00
4.769000e+03 -4.358277e+00
4.770000e+03 -3.484066e+00
4.771000e+03 -2.055274e+00
4.772000e+03 -4.551187e-01
4.773000e+03 1.212075e+00
4.774000e+03 2.560417e+00
4.775000e+03 3.628115e+00
4.776000e+03 4.198073e+00
4.777000e+03 4.497255e+00
4.778000e+03 4.464131e+00
4.779000e+03 4.415227e+00
4.780000e+03 4.248978e+00
4.781000e+03 4.216791e+00
4.782000e+03 4.117453e+00
4.783000e+03 4.140851e+00
4.784000e+03 4.042357e+00
4.785000e+03 4.025522e+00
4.786000e+03 3.886583e+00
4.787000e+03 3.883264e+00
4.788000e+03 3.806142e+00
4.789000e+03 3.903098e+00
4.790000e+03 3.910806e+00
4.791000e+03 4.043500e+00
4.792000e+03 4.014089e+00
4.793000e+03 4.050828e+00
4.794000e+03 3.914568e+00
4.795000e+03 3.908601e+00
4.796000e+03 3.809412e+00
4.797000e+03 3.900670e+00
4.798000e+03 3.892296e+00
4.799000e+03 3.974785e+00
4.800000e+03 3.767305e+00
4.801000e+03 3.340773e+00
4.802000e+03 2.519801e+00
4.803000e+03 1.406719e+00
4.804000e+03 1.425827e-02
4.805000e+03 -1.371952e+00
4.806000e+03 -2.658800e+00
4.807000e+03 -3.573130e+00
4.808000e+03 -4.156339e+00
4.809000e+03 -4.322019e+00
4.810000e+03 -4.309762e+00
4.811000e+03 -4.153835e+00
4.812000e+03 -4.120146e+00
4.813000e+03 -4.136713e+00
4.814000e+03 -4.295284e+00
4.815000e+03 -4.340486e+00
4.816000e+03 -4.253148e+00
4.817000e+03 -3.730431e+00
4.818000e+03 -2.856125e+00
4.819000e+03 -1.524940e+00
4.820000e+03 -2.984032e-02
4.821000e+03 1.562188e+00
4.822000e+03 2.844675e+00
4.823000e+03 3.775740e+00
4.824000e+03 4.045614e+00
4.825000e+03 3.775809e+00
4.826000e+03 2.865517e+00
4.827000e+03 1.629680e+00
4.828000e+03 8.964226e-02
4.829000e+03 -1.343176e+00
4.830000e+03 -2.629826e+00
4.831000e+03 -3.405591e+00
4.832000e+03 -3.718774e+00
4.833000e+03 -3.347445e+00
4.834000e+03 -2.534587e+00
4.835000e+03 -1.224013e+00
4.836000e+03 1.965144e-01
4.837000e+03 1.688502e+00
4.838000e+03 2.868252e+00
4.839000e+03 3.806956e+00
4.840000e+03 4.265283e+00
4.841000e+03 4.482357e+00
4.842000e+03 4.378555e+00
4.843000e+03 4.268574e+00
4.844000e+03 4.055652e+00
4.845000e+03 3.993302e+00
4.846000e+03 3.891602e+00
4.847000e+03 3.926018e+00
4.848000e+03 3.868016e+00
4.849000e+03 3.902053e+00
4.850000e+03 3.844995e+00
4.851000e+03 3.919214e+00
4.852000e+03 3.953379e+00
4.853000e+03 4.146535e+00
4.854000e+03 4.280135e+00
4.855000e+03 4.494712e+00
4.856000e+03 4.543267e+00
4.857000e+03 4.601764e+00
4.858000e+03 4.484637e+00
4.859000e+03 4.422276e+00
4.860000e+03 4.281505e+00
4.861000e+03 4.286657e+00
4.862000e+03 4.228555e+00
4.863000e+03 4.214676e+00
4.864000e+03 3.964117e+00
4.865000e+03 3.545218e+00
4.866000e+03 2.702175e+00
4.867000e+03 1.637278e+00
4.868000e+03 2.754947e-01
4.869000e+03 -1.046049e+00
4.870000e+03 -2.310966e+00
4.871000e+03 -3.210655e+00
4.872000e+03 -3.838975e+00
4.873000e+03 -4.042522e+00
4.874000e+03 -4.079717e+00
4.875000e+03 -3.920955e+00
4.876000e+03 -3.830843e+00
4.877000e+03 -3.723150e+00
4.878000e+03 -3.768703e+00
4.879000e+03 -3.794491e+00
4.880000e+03 -3.892406e+00
4.881000e+03 -3.898346e+00
4.882000e+03 -3.958598e+00
4.883000e+03 -3.958805e+00
4.884000e+03 -4.059628e+00
4.885000e+03 -4.141521e+00
4.886000e+03 -4.288357e+00
4.887000e+03 -4.298145e+00
4.888000e+03 -4.155252e+00
4.889000e+03 -3.636648e+00
4.890000e+03 -2.803023e+00
4.891000e+03 -1.574404e+00
4.892000e+03 -1.715341e-01
4.893000e+03 1.300895e+00
4.894000e+03 2.514765e+00
4.895000e+03 3.335064e+00
4.896000e+03 3.543230e+00
4.897000e+03 3.175747e+00
4.898000e+03 2.218715e+00
4.899000e+03 9.122494e-01
4.900000e+03 -5.840867e-01
4.901000e+03 -1.968809e+00
4.902000e+03 -3.080968e+00
4.903000e+03 -3.713071e+00
4.904000e+03 -3.823966e+00
4.905000e+03 -3.359642e+00
4.906000e+03 -2.435557e+00
4.907000e+03 -1.151522e+00
4.908000e+03 2.823936e-01
4.909000e+03 1.682767e+00
4.910000e+03 2.823621e+00
4.911000e+03 3.548882e+00
4.912000e+03 3.735793e+00
4.913000e+03 3.363389e+00
4.914000e+03 2.488151e+00
4.915000e+03 1.251903e+00
4.916000e+03 -1.446687e-01
4.917000e+03 -1.502832e+00
4.918000e+03 -2.627354e+00
4.919000e+03 -3.440451e+00
4.920000e+03 -3.894837e+00
4.921000e+03 -4.065983e+00
4.922000e+03 -4.041677e+00
4.923000e+03 -3.985750e+00
4.924000e+03 -3.939366e+00
4.925000e+03 -3.979591e+00
4.926000e+03 -4.002742e+00
4.927000e+03 -3.958439e+00
4.928000e+03 -3.665298e+00
4.929000e+03 -3.076781e+00
4.930000e+03 -2.081470e+00
4.931000e+03 -8.057120e-01
4.932000e+03 6.874169e-01
4.933000e+03 2.122859e+00
4.934000e+03 3.359677e+00
4.935000e+03 4.095645e+00
4.936000e+03 4.292467e+00
4.937000e+03 3.819808e+00
4.938000e+03 2.830923e+00
4.939000e+03 1.379748e+00
4.940000e+03 -1.991527e-01
4.941000e+03 -1.770501e+00
4.942000e+03 -2.988367e+00
4.943000e+03 -3.786444e+00
4.944000e+03 -3.945464e+00
4.945000e+03 -3.571767e+00
4.946000e+03 -2.613233e+00
4.947000e+03 -1.346903e+00
4.948000e+03 1.616706e-01
4.949000e+03 1.558905e+00
4.950000e+03 2.784012e+00
4.951000e+03 3.535942e+00
4.952000e+03 3.847785e+00
4.953000e+03 3.544826e+00
4.954000e+03 2.821242e+00
4.955000e+03 1.628026e+00
4.956000e+03 2.775360e-01
4.957000e+03 -1.193700e+00
4.958000e+03 -2.424115e+00
4.959000e+03 -3.373005e+00
4.960000e+03 -3.778673e+00
4.961000e+03 -3.562366e+00
4.962000e+03 -2.833928e+00
4.963000e+03 -1.551008e+00
4.964000e+03 -5.448127e-02
4.965000e+03 1.539243e+00
4.966000e+03 2.817167e+00
4.967000e+03 3.677903e+00
4.968000e+03 3.845994e+00
4.969000e+03 3.404409e+00
4.970000e+03 2.342134e+00
4.971000e+03 9.655330e-01
4.972000e+03 -5.854424e-01
4.973000e+03 -1.977365e+00
4.974000e+03 -3.124558e+00
4.975000e+03 -3.852002e+00
4.976000e+03 -4.263290e+00
4.977000e+03 -4.370213e+00
4.978000e+03 -4.352914e+00
4.979000e+03 -4.261388e+00
4.980000e+03 -4.227852e+00
4.981000e+03 -4.222037e+00
4.982000e+03 -4.278643e+00
4.983000e+03 -4.317091e+00
4.984000e+03 -4.351520e+00
4.985000e+03 -4.346104e+00
4.986000e+03 -4.324312e+00
4.987000e+03 -4.288740e+00
4.988000e+03 -4.272449e+00
4.989000e+03 -4.271994e+00
4.990000e+03 -4.284674e+00
4.991000e+03 -4.286994e+00
4.992000e+03 -4.254550e+00
4.993000e+03 -4.208547e+00
4.994000e+03 -4.130303e+00
4.995000e+03 -4.061852e+00
4.996000e+03 -3.994034e+00
4.997000e+03 -3.973176e+00
4.998000e+03 -3.950643e+00
4.999000e+03 -3.959824e+00
5.000000e+03 -3.929113e+00
5.001000e+03 -3.911497e+00
5.002000e+03 -3.844488e+00
5.003000e+03 -3.816255e+00
5.004000e+03 -3.770350e+00
5.005000e+03 -3.797561e+00
5.006000e+03 -3.810452e+00
5.007000e+03 -3.884441e+00
5.008000e+03 -3.900645e+00
5.009000e+03 -3.945974e+00
5.010000e+03 -3.916251e+00
5.011000e+03 -3.935609e+00
5.012000e+03 -3.903869e+00
5.013000e+03 -3.946749e+00
5.014000e+03 -3.915675e+00
5.015000e+03 -3.871310e+00
5.016000e+03 -3.590938e+00
5.017000e+03 -3.136638e+00
5.018000e+03 -2.311094e+00
5.019000e+03 -1.266168e+00
5.020000e+03 5.580544e-02
5.021000e+03 1.344721e+00
5.022000e+03 2.559669e+00
5.023000e+03 3.345767e+00
5.024000e+03 3.721634e+00
5.025000e+03 3.453847e+00
5.026000e+03 2.742575e+00
5.027000e+03 1.532916e+00
5.028000e+03 1.825707e-01
5.029000e+03 -1.283319e+00
5.030000e+03 -2.472486e+00
5.031000e+03 -3.389415e+00
5.032000e+03 -3.726481e+00
5.033000e+03 -3.605141e+00
5.034000e+03 -2.834408e+00
5.035000e+03 -1.696316e+00
5.036000e+03 -1.509138e-01
5.037000e+03 1.387619e+00
5.038000e+03 2.869704e+00
5.039000e+03 3.849696e+00
5.040000e+03 4.345632e+00
5.041000e+03 4.064768e+00
5.042000e+03 3.252339e+00
5.043000e+03 1.856021e+00
5.044000e+03 3.259389e-01
5.045000e+03 -1.279388e+00
5.046000e+03 -2.520313e+00
5.047000e+03 -3.460232e+00
5.048000e+03 -3.859485e+00
5.049000e+03 -4.009837e+00
5.050000e+03 -3.830203e+00
5.051000e+03 -3.678880e+00
5.052000e+03 -3.460913e+00
5.053000e+03 -3.435701e+00
5.054000e+03 -3.374275e+00
5.055000e+03 -3.434484e+00
5.056000e+03 -3.352221e+00
5.057000e+03 -3.312497e+00
5.058000e+03 -3.131746e+00
5.059000e+03 -3.077485e+00
5.060000e+03 -3.009824e+00
5.061000e+03 -3.162453e+00
5.062000e+03 -3.303541e+00
5.063000e+03 -3.546795e+00
5.064000e+03 -3.547607e+00
5.065000e+03 -3.352873e+00
5.066000e+03 -2.679702e+00
5.067000e+03 -1.709939e+00
5.068000e+03 -3.447992e-01
5.069000e+03 1.039855e+00
5.070000e+03 2.388078e+00
5.071000e+03 3.270267e+00
5.072000e+03 3.701598e+00
5.073000e+03 3.442233e+00
5.074000e+03 2.703243e+00
5.075000e+03 1.468076e+00
5.076000e+03 1.222343e-01
5.077000e+03 -1.279466e+00
5.078000e+03 -2.387311e+00
5.079000e+03 -3.255970e+00
5.080000e+03 -3.719787e+00
5.081000e+03 -3.971537e+00
5.082000e+03 -3.964056e+00
5.083000e+03 -3.946139e+00
5.084000e+03 -3.855095e+00
5.085000e+03 -3.857730e+00
5.086000e+03 -3.824069e+00
5.087000e+03 -3.862535e+00
5.088000e+03 -3.832124e+00
5.089000e+03 -3.838139e+00
5.090000e+03 -3.798738e+00
5.091000e+03 -3.854591e+00
5.092000e+03 -3.924975e+00
5.093000e+03 -4.101975e+00
5.094000e+03 -4.229694e+00
5.095000e+03 -4.298214e+00
5.096000e+03 -4.120338e+00
5.097000e+03 -3.663021e+00
5.098000e+03 -2.808304e+00
5.099000e+03 -1.667444e+00
5.100000e+03 -2.980303e-01
5.101000e+03 1.071733e+00
5.102000e+03 2.294141e+00
5.103000e+03 3.184436e+00
5.104000e+03 3.711535e+00
5.105000e+03 3.859432e+00
5.106000e+03 3.770172e+00
5.107000e+03 3.583504e+00
5.108000e+03 3.448249e+00
5.109000e+03 3.435926e+00
5.110000e+03 3.547429e+00
5.111000e+03 3.680981e+00
5.112000e+03 3.665721e+00
5.113000e+03 3.367444e+00
5.114000e+03 2.659798e+00
5.115000e+03 1.547372e+00
5.116000e+03 1.049836e-01
5.117000e+03 -1.429619e+00
5.118000e+03 -2.843667e+00
5.119000e+03 -3.830202e+00
5.120000e+03 -4.258260e+00
5.121000e+03 -3.994868e+00
5.122000e+03 -3.142402e+00
5.123000e+03 -1.799443e+00
5.124000e+03 -2.749496e-01
5.125000e+03 1.260572e+00
5.126000e+03 2.511694e+00
5.127000e+03 3.436993e+00
5.128000e+03 3.929736e+00
5.129000e+03 4.139710e+00
5.130000e+03 4.081244e+00
5.131000e+03 3.988529e+00
5.132000e+03 3.849994e+00
5.133000e+03 3.823042e+00
5.134000e+03 3.792886e+00
5.135000e+03 3.830535e+00
5.136000e+03 3.785646e+00
5.137000e+03 3.778242e+00
5.138000e+03 3.687984e+00
5.139000e+03 3.688056e+00
5.140000e+03 3.687559e+00
5.141000e+03 3.828369e+00
5.142000e+03 3.923146e+00
5.143000e+03 4.012694e+00
5.144000e+03 3.833524e+00
5.145000e+03 3.436678e+00
5.146000e+03 2.614694e+00
5.147000e+03 1.559934e+00
5.148000e+03 2.432687e-01
5.149000e+03 -1.001736e+00
5.150000e+03 -2.152839e+00
5.151000e+03 -2.927717e+00
5.152000e+03 -3.449249e+00
5.153000e+03 -3.596247e+00
5.154000e+03 -3.665896e+00
5.155000e+03 -3.635651e+00
5.156000e+03 -3.777368e+00
5.157000e+03 -3.946632e+00
5.158000e+03 -4.253612e+00
5.159000e+03 -4.389449e+00
5.160000e+03 -4.366862e+00
5.161000e+03 -3.886472e+00
5.162000e+03 -3.077286e+00
5.163000e+03 -1.819471e+00
5.164000e+03 -4.379106e-01
5.165000e+03 1.038982e+00
5.166000e+03 2.235711e+00
5.167000e+03 3.183045e+00
5.168000e+03 3.653269e+00
5.169000e+03 3.862010e+00
5.170000e+03 3.753479e+00
5.171000e+03 3.648971e+00
5.172000e+03 3.497174e+00
5.173000e+03 3.528609e+00
5.174000e+03 3.540983e+00
5.175000e+03 3.590985e+00
5.176000e+03 3.376043e+00
5.177000e+03 2.923767e+00
5.178000e+03 1.988711e+00
5.179000e+03 7.621291e-01
5.180000e+03 -7.824221e-01
5.181000e+03 -2.274736e+00
5.182000e+03 -3.616035e+00
5.183000e+03 -4.419392e+00
5.184000e+03 -4.673005e+00
5.185000e+03 -4.181618e+00
5.186000e+03 -3.158438e+00
5.187000e+03 -1.633822e+00
5.188000e+03 1.291466e-02
5.189000e+03 1.658289e+00
5.190000e+03 2.927468e+00
5.191000e+03 3.781140e+00
5.192000e+03 3.993358e+00
5.193000e+03 3.667006e+00
5.194000e+03 2.756016e+00
5.195000e+03 1.519254e+00
5.196000e+03 3.340697e-02
5.197000e+03 -1.376596e+00
5.198000e+03 -2.589824e+00
5.199000e+03 -3.328961e+00
5.200000e+03 -3.576642e+00
5.201000e+03 -3.205482e+00
5.202000e+03 -2.369960e+00
5.203000e+03 -1.145872e+00
5.204000e+03 1.921545e-01
5.205000e+03 1.514457e+00
5.206000e+03 2.575871e+00
5.207000e+03 3.342426e+00
5.208000e+03 3.754666e+00
5.209000e+03 3.926259e+00
5.210000e+03 3.919158e+00
5.211000e+03 3.905529e+00
5.212000e+03 3.932173e+00
5.213000e+03 4.054350e+00
5.214000e+03 4.188138e+00
5.215000e+03 4.243159e+00
5.216000e+03 4.070295e+00
5.217000e+03 3.552774e+00
5.218000e+03 2.617484e+00
5.219000e+03 1.311315e+00
5.220000e+03 -2.268623e-01
5.221000e+03 -1.787329e+00
5.222000e+03 -3.097110e+00
5.223000e+03 -3.939489e+00
5.224000e+03 -4.130939e+00
5.225000e+03 -3.669136e+00
5.226000e+03 -2.612494e+00
5.227000e+03 -1.204146e+00
5.228000e+03 3.432913e-01
5.229000e+03 1.723575e+00
5.230000e+03 2.816622e+00
5.231000e+03 3.481465e+00
5.232000e+03 3.807127e+00
5.233000e+03 3.828653e+00
5.234000e+03 3.775449e+00
5.235000e+03 3.683005e+00
5.236000e+03 3.719517e+00
5.237000e+03 3.798518e+00
5.238000e+03 3.982397e+00
5.239000e+03 4.105356e+00
5.240000e+03 4.220266e+00
5.241000e+03 4.180301e+00
5.242000e+03 4.128019e+00
5.243000e+03 3.968845e+00
5.244000e+03 3.877830e+00
5.245000e+03 3.754065e+00
5.246000e+03 3.749719e+00
5.247000e+03 3.711164e+00
5.248000e+03 3.787191e+00
5.249000e+03 3.803392e+00
5.250000e+03 3.924610e+00
5.251000e+03 3.996531e+00
5.252000e+03 4.194632e+00
5.253000e+03 4.313802e+00
5.254000e+03 4.476032e+00
5.255000e+03 4.412495e+00
5.256000e+03 4.219594e+00
5.257000e+03 3.610127e+00
5.258000e+03 2.756282e+00
5.259000e+03 1.501397e+00
5.260000e+03 1.679194e-01
5.261000e+03 -1.280078e+00
5.262000e+03 -2.420545e+00
5.263000e+03 -3.276885e+00
5.264000e+03 -3.497234e+00
5.265000e+03 -3.267100e+00
5.266000e+03 -2.388047e+00
5.267000e+03 -1.224807e+00
5.268000e+03 2.679443e-01
5.269000e+03 1.636234e+00
5.270000e+03 2.909141e+00
5.271000e+03 3.660981e+00
5.272000e+03 4.020583e+00
5.273000e+03 3.687035e+00
5.274000e+03 2.949398e+00
5.275000e+03 1.662416e+00
5.276000e+03 2.609043e-01
5.277000e+03 -1.306480e+00
5.278000e+03 -2.549304e+00
5.279000e+03 -3.524728e+00
5.280000e+03 -3.861120e+00
5.281000e+03 -3.661406e+00
5.282000e+03 -2.882719e+00
5.283000e+03 -1.707976e+00
5.284000e+03 -2.845003e-01
5.285000e+03 1.121652e+00
5.286000e+03 2.359704e+00
5.287000e+03 3.241196e+00
5.288000e+03 3.779492e+00
5.289000e+03 3.956851e+00
5.290000e+03 3.937083e+00
5.291000e+03 3.806192e+00
5.292000e+03 3.739564e+00
5.293000e+03 3.733438e+00
5.294000e+03 3.817449e+00
5.295000e+03 3.839468e+00
5.296000e+03 3.724621e+00
5.297000e+03 3.279627e+00
5.298000e+03 2.500370e+00
5.299000e+03 1.351732e+00
5.300000e+03 3.673792e-03
5.301000e+03 -1.434946e+00
5.302000e+03 -2.713148e+00
5.303000e+03 -3.729856e+00
5.304000e+03 -4.356275e+00
5.305000e+03 -4.670369e+00
5.306000e+03 -4.684728e+00
5.307000e+03 -4.582389e+00
5.308000e+03 -4.422500e+00
5.309000e+03 -4.339268e+00
5.310000e+03 -4.304232e+00
5.311000e+03 -4.355444e+00
5.312000e+03 -4.396113e+00
5.313000e+03 -4.447335e+00
5.314000e+03 -4.431754e+00
5.315000e+03 -4.407006e+00
5.316000e+03 -4.335677e+00
5.317000e+03 -4.285633e+00
5.318000e+03 -4.204645e+00
5.319000e+03 -4.141073e+00
5.320000e+03 -4.044423e+00
5.321000e+03 -3.960204e+00
5.322000e+03 -3.862617e+00
5.323000e+03 -3.831293e+00
5.324000e+03 -3.839318e+00
5.325000e+03 -3.920016e+00
5.326000e+03 -3.983908e+00
5.327000e+03 -3.965429e+00
5.328000e+03 -3.716644e+00
5.329000e+03 -3.180911e+00
5.330000e+03 -2.280940e+00
5.331000e+03 -1.093673e+00
5.332000e+03 2.777808e-01
5.333000e+03 1.624982e+00
5.334000e+03 2.781098e+00
5.335000e+03 3.592642e+00
5.336000e+03 4.037219e+00
5.337000e+03 4.139525e+00
5.338000e+03 4.046157e+00
5.339000e+03 3.900055e+00
5.340000e+03 3.828320e+00
5.341000e+03 3.864223e+00
5.342000e+03 3.960166e+00
5.343000e+03 3.983933e+00
5.344000e+03 3.777586e+00
5.345000e+03 3.206236e+00
5.346000e+03 2.208626e+00
5.347000e+03 8.422657e-01
5.348000e+03 -7.456772e-01
5.349000e+03 -2.315682e+00
5.350000e+03 -3.625697e+00
5.351000e+03 -4.432614e+00
5.352000e+03 -4.627971e+00
5.353000e+03 -4.151844e+00
5.354000e+03 -3.105244e+00
5.355000e+03 -1.641789e+00
5.356000e+03 -2.160698e-02
5.357000e+03 1.556311e+00
5.358000e+03 2.855732e+00
5.359000e+03 3.795158e+00
5.360000e+03 4.292828e+00
5.361000e+03 4.450184e+00
5.362000e+03 4.334292e+00
5.363000e+03 4.139352e+00
5.364000e+03 3.939158e+00
5.365000e+03 3.864858e+00
5.366000e+03 3.851276e+00
5.367000e+03 3.897218e+00
5.368000e+03 3.804276e+00
5.369000e+03 3.495641e+00
5.370000e+03 2.799913e+00
5.371000e+03 1.769364e+00
5.372000e+03 3.899336e-01
5.373000e+03 -1.078309e+00
5.374000e+03 -2.483797e+00
5.375000e+03 -3.503513e+00
5.376000e+03 -4.027094e+00
5.377000e+03 -3.852771e+00
5.378000e+03 -3.115908e+00
5.379000e+03 -1.861218e+00
5.380000e+03 -4.124110e-01
5.381000e+03 1.079394e+00
5.382000e+03 2.294842e+00
5.383000e+03 3.207358e+00
5.384000e+03 3.665075e+00
5.385000e+03 3.856537e+00
5.386000e+03 3.784993e+00
5.387000e+03 3.699900e+00
5.388000e+03 3.584250e+00
5.389000e+03 3.627936e+00
5.390000e+03 3.702356e+00
5.391000e+03 3.894473e+00
5.392000e+03 4.030260e+00
5.393000e+03 4.216780e+00
5.394000e+03 4.292901e+00
5.395000e+03 4.410789e+00
5.396000e+03 4.441463e+00
5.397000e+03 4.515434e+00
5.398000e+03 4.442889e+00
5.399000e+03 4.301033e+00
5.400000e+03 3.851991e+00
5.401000e+03 3.182064e+00
5.402000e+03 2.112720e+00
5.403000e+03 8.489442e-01
5.404000e+03 -6.477998e-01
5.405000e+03 -2.035424e+00
5.406000e+03 -3.268243e+00
5.407000e+03 -3.988302e+00
5.408000e+03 -4.223939e+00
5.409000e+03 -3.751335e+00
5.410000e+03 -2.781779e+00
5.411000e+03 -1.287845e+00
5.412000e+03 3.440083e-01
5.413000e+03 2.032259e+00
5.414000e+03 3.342784e+00
5.415000e+03 4.249457e+00
5.416000e+03 4.454366e+00
5.417000e+03 4.103726e+00
5.418000e+03 3.105861e+00
5.419000e+03 1.816350e+00
5.420000e+03 2.687596e-01
5.421000e+03 -1.128296e+00
5.422000e+03 -2.377491e+00
5.423000e+03 -3.195061e+00
5.424000e+03 -3.727942e+00
5.425000e+03 -3.852026e+00
5.426000e+03 -3.866225e+00
5.427000e+03 -3.699092e+00
5.428000e+03 -3.634388e+00
5.429000e+03 -3.553032e+00
5.430000e+03 -3.658413e+00
5.431000e+03 -3.753143e+00
5.432000e+03 -3.976006e+00
5.433000e+03 -4.105387e+00
5.434000e+03 -4.298701e+00
5.435000e+03 -4.348950e+00
5.436000e+03 -4.428441e+00
5.437000e+03 -4.359040e+00
5.438000e+03 -4.324133e+00
5.439000e+03 -4.155818e+00
5.440000e+03 -4.064034e+00
5.441000e+03 -3.875307e+00
5.442000e+03 -3.853894e+00
5.443000e+03 -3.793786e+00
5.444000e+03 -3.938795e+00
5.445000e+03 -4.023731e+00
5.446000e+03 -4.209357e+00
5.447000e+03 -4.160870e+00
5.448000e+03 -4.000288e+00
5.449000e+03 -3.403977e+00
5.450000e+03 -2.572351e+00
5.451000e+03 -1.315048e+00
5.452000e+03 1.139975e-02
5.453000e+03 1.462421e+00
5.454000e+03 2.596329e+00
5.455000e+03 3.440122e+00
5.456000e+03 3.623385e+00
5.457000e+03 3.331755e+00
5.458000e+03 2.358275e+00
5.459000e+03 1.069859e+00
5.460000e+03 -5.626454e-01
5.461000e+03 -2.067864e+00
5.462000e+03 -3.434540e+00
5.463000e+03 -4.236446e+00
5.464000e+03 -4.579906e+00
5.465000e+03 -4.176343e+00
5.466000e+03 -3.321668e+00
5.467000e+03 -1.928894e+00
5.468000e+03 -4.268604e-01
5.469000e+03 1.196700e+00
5.470000e+03 2.501902e+00
5.471000e+03 3.584420e+00
5.472000e+03 4.152019e+00
5.473000e+03 4.471262e+00
5.474000e+03 4.408659e+00
5.475000e+03 4.333809e+00
5.476000e+03 4.128531e+00
5.477000e+03 4.094580e+00
5.478000e+03 3.982495e+00
5.479000e+03 3.953690e+00
5.480000e+03 3.659229e+00
5.481000e+03 3.220110e+00
5.482000e+03 2.343546e+00
5.483000e+03 1.299790e+00
5.484000e+03 -4.316843e-02
5.485000e+03 -1.288900e+00
5.486000e+03 -2.502086e+00
5.487000e+03 -3.316129e+00
5.488000e+03 -3.922346e+00
5.489000e+03 -4.107283e+00
5.490000e+03 -4.199672e+00
5.491000e+03 -4.080128e+00
5.492000e+03 -4.086175e+00
5.493000e+03 -4.020913e+00
5.494000e+03 -4.127069e+00
5.495000e+03 -4.127674e+00
5.496000e+03 -4.210079e+00
5.497000e+03 -4.106352e+00
5.498000e+03 -4.077298e+00
5.499000e+03 -3.920739e+00
5.500000e+03 -3.928945e+00
5.501000e+03 -3.887502e+00
5.502000e+03 -4.011327e+00
5.503000e+03 -3.966487e+00
5.504000e+03 -3.873265e+00
5.505000e+03 -3.358009e+00
5.506000e+03 -2.586339e+00
5.507000e+03 -1.324001e+00
5.508000e+03 6.928158e-02
5.509000e+03 1.632032e+00
5.510000e+03 2.866402e+00
5.511000e+03 3.780636e+00
5.512000e+03 3.961699e+00
5.513000e+03 3.606396e+00
5.514000e+03 2.545002e+00
5.515000e+03 1.204497e+00
5.516000e+03 -4.282094e-01
5.517000e+03 -1.866039e+00
5.518000e+03 -3.164636e+00
5.519000e+03 -3.975104e+00
5.520000e+03 -4.540411e+00
5.521000e+03 -4.668007e+00
5.522000e+03 -4.716235e+00
5.523000e+03 -4.553097e+00
5.524000e+03 -4.519207e+00
5.525000e+03 -4.410743e+00
5.526000e+03 -4.477120e+00
5.527000e+03 -4.444986e+00
5.528000e+03 -4.531032e+00
5.529000e+03 -4.430207e+00
5.530000e+03 -4.379469e+00
5.531000e+03 -4.134984e+00
5.532000e+03 -3.969612e+00
5.533000e+03 -3.665379e+00
5.534000e+03 -3.516967e+00
5.535000e+03 -3.310344e+00
5.536000e+03 -3.329808e+00
5.537000e+03 -3.317125e+00
5.538000e+03 -3.519833e+00
5.539000e+03 -3.653950e+00
5.540000e+03 -3.932133e+00
5.541000e+03 -4.048279e+00
5.542000e+03 -4.224215e+00
5.543000e+03 -4.195433e+00
5.544000e+03 -4.227396e+00
5.545000e+03 -4.093215e+00
5.546000e+03 -4.113073e+00
5.547000e+03 -4.068975e+00
5.548000e+03 -4.230695e+00
5.549000e+03 -4.311831e+00
5.550000e+03 -4.498686e+00
5.551000e+03 -4.420163e+00
5.552000e+03 -4.219850e+00
5.553000e+03 -3.554502e+00
5.554000e+03 -2.663381e+00
5.555000e+03 -1.342733e+00
5.556000e+03 1.523089e-02
5.557000e+03 1.495708e+00
5.558000e+03 2.656590e+00
5.559000e+03 3.636625e+00
5.560000e+03 4.130661e+00
5.561000e+03 4.429236e+00
5.562000e+03 4.376378e+00
5.563000e+03 4.373697e+00
5.564000e+03 4.262293e+00
5.565000e+03 4.346363e+00
5.566000e+03 4.332408e+00
5.567000e+03 4.379775e+00
5.568000e+03 4.085073e+00
5.569000e+03 3.601474e+00
5.570000e+03 2.619533e+00
5.571000e+03 1.441853e+00
5.572000e+03 -6.554198e-02
5.573000e+03 -1.445902e+00
5.574000e+03 -2.765573e+00
5.575000e+03 -3.618048e+00
5.576000e+03 -4.209973e+00
5.577000e+03 -4.302012e+00
5.578000e+03 -4.274034e+00
5.579000e+03 -4.016170e+00
5.580000e+03 -3.916000e+00
5.581000e+03 -3.781424e+00
5.582000e+03 -3.869689e+00
5.583000e+03 -3.813516e+00
5.584000e+03 -3.738270e+00
5.585000e+03 -3.254422e+00
5.586000e+03 -2.538300e+00
5.587000e+03 -1.328069e+00
5.588000e+03 -3.949136e-03
5.589000e+03 1.507592e+00
5.590000e+03 2.722097e+00
5.591000e+03 3.681536e+00
5.592000e+03 3.959979e+00
5.593000e+03 3.779282e+00
5.594000e+03 2.932795e+00
5.595000e+03 1.825674e+00
5.596000e+03 4.014383e-01
5.597000e+03 -8.605868e-01
5.598000e+03 -2.054999e+00
5.599000e+03 -2.834851e+00
5.600000e+03 -3.454044e+00
5.601000e+03 -3.670927e+00
5.602000e+03 -3.881861e+00
5.603000e+03 -3.876107e+00
5.604000e+03 -3.995794e+00
5.605000e+03 -3.974916e+00
5.606000e+03 -4.070195e+00
5.607000e+03 -3.977701e+00
5.608000e+03 -3.959777e+00
5.609000e+03 -3.766862e+00
5.610000e+03 -3.694044e+00
5.611000e+03 -3.567920e+00
5.612000e+03 -3.667732e+00
5.613000e+03 -3.758381e+00
5.614000e+03 -4.009250e+00
5.615000e+03 -4.078197e+00
5.616000e+03 -4.030644e+00
5.617000e+03 -3.545922e+00
5.618000e+03 -2.753383e+00
5.619000e+03 -1.485958e+00
5.620000e+03 -6.095147e-02
5.621000e+03 1.488783e+00
5.622000e+03 2.740054e+00
5.623000e+03 3.641089e+00
5.624000e+03 3.881358e+00
5.625000e+03 3.552511e+00
5.626000e+03 2.583501e+00
5.627000e+03 1.286127e+00
5.628000e+03 -2.541229e-01
5.629000e+03 -1.674361e+00
5.630000e+03 -2.906841e+00
5.631000e+03 -3.720048e+00
5.632000e+03 -4.200902e+00
5.633000e+03 -4.314210e+00
5.634000e+03 -4.275478e+00
5.635000e+03 -4.129075e+00
5.636000e+03 -4.068128e+00
5.637000e+03 -4.062752e+00
5.638000e+03 -4.165828e+00
5.639000e+03 -4.203737e+00
5.640000e+03 -4.112306e+00
5.641000e+03 -3.714458e+00
5.642000e+03 -2.979224e+00
5.643000e+03 -1.858061e+00
5.644000e+03 -5.048350e-01
5.645000e+03 9.384619e-01
5.646000e+03 2.212479e+00
5.647000e+03 3.126847e+00
5.648000e+03 3.479603e+00
5.649000e+03 3.230574e+00
5.650000e+03 2.409731e+00
5.651000e+03 1.170677e+00
5.652000e+03 -2.862256e-01
5.653000e+03 -1.722903e+00
5.654000e+03 -2.955765e+00
5.655000e+03 -3.860777e+00
5.656000e+03 -4.405490e+00
5.657000e+03 -4.637749e+00
5.658000e+03 -4.642395e+00
5.659000e+03 -4.538083e+00
5.660000e+03 -4.406810e+00
5.661000e+03 -4.315297e+00
5.662000e+03 -4.262548e+00
5.663000e+03 -4.252306e+00
5.664000e+03 -4.234637e+00
5.665000e+03 -4.212212e+00
5.666000e+03 -4.155121e+00
5.667000e+03 -4.097535e+00
5.668000e+03 -4.028205e+00
5.669000e+03 -3.984643e+00
5.670000e+03 -3.943576e+00
5.671000e+03 -3.927994e+00
5.672000e+03 -3.881210e+00
5.673000e+03 -3.822827e+00
5.674000e+03 -3.727418e+00
5.675000e+03 -3.629942e+00
5.676000e+03 -3.524629e+00
5.677000e+03 -3.471264e+00
5.678000e+03 -3.456023e+00
5.679000e+03 -3.511092e+00
5.680000e+03 -3.593227e+00
5.681000e+03 -3.702226e+00
5.682000e+03 -3.780751e+00
5.683000e+03 -3.832031e+00
5.684000e+03 -3.823728e+00
5.685000e+03 -3.784182e+00
5.686000e+03 -3.722455e+00
5.687000e+03 -3.687725e+00
5.688000e+03 -3.682027e+00
5.689000e+03 -3.744170e+00
5.690000e+03 -3.865300e+00
5.691000e+03 -4.030103e+00
5.692000e+03 -4.197247e+00
5.693000e+03 -4.337059e+00
5.694000e+03 -4.410739e+00
5.695000e+03 -4.385376e+00
5.696000e+03 -4.272837e+00
5.697000e+03 -4.104297e+00
5.698000e+03 -3.930113e+00
5.699000e+03 -3.790182e+00
5.700000e+03 -3.749130e+00
5.701000e+03 -3.778758e+00
5.702000e+03 -3.860865e+00
5.703000e+03 -3.865255e+00
5.704000e+03 -3.697062e+00
5.705000e+03 -3.208570e+00
5.706000e+03 -2.380161e+00
5.707000e+03 -1.171062e+00
5.708000e+03 2.465541e-01
5.709000e+03 1.732299e+00
5.710000e+03 2.981966e+00
5.711000e+03 3.824884e+00
5.712000e+03 4.022289e+00
5.713000e+03 3.609534e+00
5.714000e+03 2.570405e+00
5.715000e+03 1.179413e+00
5.716000e+03 -4.061687e-01
5.717000e+03 -1.825578e+00
5.718000e+03 -2.981113e+00
5.719000e+03 -3.667570e+00
5.720000e+03 -4.016166e+00
5.721000e+03 -3.994160e+00
5.722000e+03 -3.900011e+00
5.723000e+03 -3.752360e+00
5.724000e+03 -3.785653e+00
5.725000e+03 -3.867903e+00
5.726000e+03 -4.080963e+00
5.727000e+03 -4.116745e+00
5.728000e+03 -3.993125e+00
5.729000e+03 -3.422544e+00
5.730000e+03 -2.541695e+00
5.731000e+03 -1.221510e+00
5.732000e+03 1.844516e-01
5.733000e+03 1.682783e+00
5.734000e+03 2.863487e+00
5.735000e+03 3.795138e+00
5.736000e+03 4.210610e+00
5.737000e+03 4.384785e+00
5.738000e+03 4.201375e+00
5.739000e+03 4.061155e+00
5.740000e+03 3.847185e+00
5.741000e+03 3.872435e+00
5.742000e+03 3.836813e+00
5.743000e+03 3.910365e+00
5.744000e+03 3.673522e+00
5.745000e+03 3.267275e+00
5.746000e+03 2.342500e+00
5.747000e+03 1.238297e+00
5.748000e+03 -2.280777e-01
5.749000e+03 -1.551684e+00
5.750000e+03 -2.843550e+00
5.751000e+03 -3.637382e+00
5.752000e+03 -4.203846e+00
5.753000e+03 -4.247615e+00
5.754000e+03 -4.243764e+00
5.755000e+03 -4.008751e+00
5.756000e+03 -4.024884e+00
5.757000e+03 -3.991961e+00
5.758000e+03 -4.231008e+00
5.759000e+03 -4.233430e+00
5.760000e+03 -4.164730e+00
5.761000e+03 -3.701993e+00
5.762000e+03 -2.790679e+00
5.763000e+03 -1.513161e+00
5.764000e+03 1.158987e-02
5.765000e+03 1.514534e+00
5.766000e+03 2.817925e+00
5.767000e+03 3.710193e+00
5.768000e+03 4.175659e+00
5.769000e+03 4.206194e+00
5.770000e+03 4.023993e+00
5.771000e+03 3.729465e+00
5.772000e+03 3.541321e+00
5.773000e+03 3.449872e+00
5.774000e+03 3.506747e+00
5.775000e+03 3.507121e+00
5.776000e+03 3.392337e+00
5.777000e+03 2.933746e+00
5.778000e+03 2.180074e+00
5.779000e+03 1.055655e+00
5.780000e+03 -1.963434e-01
5.781000e+03 -1.523031e+00
5.782000e+03 -2.622715e+00
5.783000e+03 -3.499915e+00
5.784000e+03 -3.970203e+00
5.785000e+03 -4.211896e+00
5.786000e+03 -4.167912e+00
5.787000e+03 -4.102918e+00
5.788000e+03 -3.953419e+00
5.789000e+03 -3.934186e+00
5.790000e+03 -3.883384e+00
5.791000e+03 -3.951899e+00
5.792000e+03 -3.915722e+00
5.793000e+03 -3.941157e+00
5.794000e+03 -3.849647e+00
5.795000e+03 -3.860500e+00
5.796000e+03 -3.799817e+00
5.797000e+03 -3.885692e+00
5.798000e+03 -3.866733e+00
5.799000e+03 -3.882029e+00
5.800000e+03 -3.598147e+00
5.801000e+03 -3.137088e+00
5.802000e+03 -2.202961e+00
5.803000e+03 -1.054422e+00
5.804000e+03 4.475013e-01
5.805000e+03 1.863390e+00
5.806000e+03 3.222816e+00
5.807000e+03 4.040626e+00
5.808000e+03 4.404418e+00
5.809000e+03 3.972363e+00
5.810000e+03 3.063702e+00
5.811000e+03 1.536016e+00
5.812000e+03 -9.695220e-02
5.813000e+03 -1.857329e+00
5.814000e+03 -3.189870e+00
5.815000e+03 -4.180833e+00
5.816000e+03 -4.391700e+00
5.817000e+03 -4.104664e+00
5.818000e+03 -3.078323e+00
5.819000e+03 -1.790479e+00
5.820000e+03 -1.388662e-01
5.821000e+03 1.319254e+00
5.822000e+03 2.709956e+00
5.823000e+03 3.555613e+00
5.824000e+03 4.152814e+00
5.825000e+03 4.207235e+00
5.826000e+03 4.168036e+00
5.827000e+03 3.827833e+00
5.828000e+03 3.672859e+00
5.829000e+03 3.430596e+00
5.830000e+03 3.491572e+00
5.831000e+03 3.466353e+00
5.832000e+03 3.674585e+00
5.833000e+03 3.709791e+00
5.834000e+03 3.916917e+00
5.835000e+03 3.920172e+00
5.836000e+03 4.115509e+00
5.837000e+03 4.123573e+00
5.838000e+03 4.293622e+00
5.839000e+03 4.162698e+00
5.840000e+03 4.030856e+00
5.841000e+03 3.428063e+00
5.842000e+03 2.703046e+00
5.843000e+03 1.500388e+00
5.844000e+03 3.293714e-01
5.845000e+03 -1.051453e+00
5.846000e+03 -2.083729e+00
5.847000e+03 -3.050323e+00
5.848000e+03 -3.510733e+00
5.849000e+03 -3.910741e+00
5.850000e+03 -3.948388e+00
5.851000e+03 -4.138562e+00
5.852000e+03 -4.160181e+00
5.853000e+03 -4.440694e+00
5.854000e+03 -4.534018e+00
5.855000e+03 -4.775437e+00
5.856000e+03 -4.689140e+00
5.857000e+03 -4.655768e+00
5.858000e+03 -4.304769e+00
5.859000e+03 -4.119981e+00
5.860000e+03 -3.785015e+00
5.861000e+03 -3.757999e+00
5.862000e+03 -3.631476e+00
5.863000e+03 -3.728760e+00
5.864000e+03 -3.497800e+00
5.865000e+03 -3.195486e+00
5.866000e+03 -2.332759e+00
5.867000e+03 -1.292871e+00
5.868000e+03 2.190869e-01
5.869000e+03 1.606170e+00
5.870000e+03 3.015498e+00
5.871000e+03 3.812902e+00
5.872000e+03 4.213689e+00
5.873000e+03 3.768708e+00
5.874000e+03 2.922617e+00
5.875000e+03 1.461491e+00
5.876000e+03 6.894469e-04
5.877000e+03 -1.591532e+00
5.878000e+03 -2.743080e+00
5.879000e+03 -3.711972e+00
5.880000e+03 -4.114577e+00
5.881000e+03 -4.393775e+00
5.882000e+03 -4.309542e+00
5.883000e+03 -4.351068e+00
5.884000e+03 -4.254663e+00
5.885000e+03 -4.388467e+00
5.886000e+03 -4.344371e+00
5.887000e+03 -4.363723e+00
5.888000e+03 -3.981337e+00
5.889000e+03 -3.440455e+00
5.890000e+03 -2.392370e+00
5.891000e+03 -1.233550e+00
5.892000e+03 2.329763e-01
5.893000e+03 1.513140e+00
5.894000e+03 2.764642e+00
5.895000e+03 3.564070e+00
5.896000e+03 4.180010e+00
5.897000e+03 4.342919e+00
5.898000e+03 4.437569e+00
5.899000e+03 4.272256e+00
5.900000e+03 4.228374e+00
5.901000e+03 4.081566e+00
5.902000e+03 4.121541e+00
5.903000e+03 4.063078e+00
5.904000e+03 4.158926e+00
5.905000e+03 4.114655e+00
5.906000e+03 4.178500e+00
5.907000e+03 4.105552e+00
5.908000e+03 4.147642e+00
5.909000e+03 4.056207e+00
5.910000e+03 4.063716e+00
5.911000e+03 3.937394e+00
5.912000e+03 3.894141e+00
5.913000e+03 3.719319e+00
5.914000e+03 3.670443e+00
5.915000e+03 3.570987e+00
5.916000e+03 3.647988e+00
5.917000e+03 3.700312e+00
5.918000e+03 3.877823e+00
5.919000e+03 3.893355e+00
5.920000e+03 3.803857e+00
5.921000e+03 3.322462e+00
5.922000e+03 2.545382e+00
5.923000e+03 1.314731e+00
5.924000e+03 -1.001185e-01
5.925000e+03 -1.661188e+00
5.926000e+03 -2.973488e+00
5.927000e+03 -3.949145e+00
5.928000e+03 -4.264319e+00
5.929000e+03 -3.998956e+00
5.930000e+03 -3.069598e+00
5.931000e+03 -1.784477e+00
5.932000e+03 -2.443253e-01
5.933000e+03 1.177287e+00
5.934000e+03 2.415298e+00
5.935000e+03 3.243126e+00
5.936000e+03 3.774947e+00
5.937000e+03 3.958178e+00
5.938000e+03 4.022602e+00
5.939000e+03 3.959292e+00
5.940000e+03 3.952895e+00
5.941000e+03 3.918456e+00
5.942000e+03 3.950126e+00
5.943000e+03 3.925555e+00
5.944000e+03 3.918101e+00
5.945000e+03 3.823603e+00
5.946000e+03 3.765595e+00
5.947000e+03 3.676756e+00
5.948000e+03 3.665176e+00
5.949000e+03 3.653959e+00
5.950000e+03 3.713544e+00
5.951000e+03 3.738420e+00
5.952000e+03 3.787596e+00
5.953000e+03 3.771739e+00
5.954000e+03 3.772809e+00
5.955000e+03 3.733270e+00
5.956000e+03 3.743515e+00
5.957000e+03 3.736159e+00
5.958000e+03 3.774225e+00
5.959000e+03 3.781204e+00
5.960000e+03 3.795019e+00
5.961000e+03 3.737698e+00
5.962000e+03 3.677409e+00
5.963000e+03 3.563857e+00
5.964000e+03 3.466180e+00
5.965000e+03 3.354005e+00
5.966000e+03 3.300370e+00
5.967000e+03 3.257059e+00
5.968000e+03 3.295773e+00
5.969000e+03 3.389943e+00
5.970000e+03 3.597681e+00
5.971000e+03 3.866547e+00
5.972000e+03 4.223157e+00
5.973000e+03 4.547196e+00
5.974000e+03 4.785786e+00
5.975000e+03 4.782830e+00
5.976000e+03 4.469535e+00
5.977000e+03 3.753025e+00
5.978000e+03 2.702973e+00
5.979000e+03 1.372602e+00
5.980000e+03 -3.478652e-02
5.981000e+03 -1.377560e+00
5.982000e+03 -2.452116e+00
5.983000e+03 -3.205992e+00
5.984000e+03 -3.593153e+00
5.985000e+03 -3.711056e+00
5.986000e+03 -3.626846e+00
5.987000e+03 -3.503431e+00
5.988000e+03 -3.390903e+00
5.989000e+03 -3.373267e+00
5.990000e+03 -3.419210e+00
5.991000e+03 -3.548458e+00
5.992000e+03 -3.680057e+00
5.993000e+03 -3.833247e+00
5.994000e+03 -3.958740e+00
5.995000e+03 -4.091981e+00
5.996000e+03 -4.184978e+00
5.997000e+03 -4.279476e+00
5.998000e+03 -4.308549e+00
5.999000e+03 -4.305658e+00
6.000000e+03 -4.233068e+00
6.001000e+03 -4.153343e+00
6.002000e+03 -4.042129e+00
6.003000e+03 -3.995605e+00
6.004000e+03 -3.985445e+00
6.005000e+03 -4.059951e+00
6.006000e+03 -4.136271e+00
6.007000e+03 -4.242021e+00
6.008000e+03 -4.279788e+00
6.009000e+03 -4.289152e+00
6.010000e+03 -4.228076e+00
6.011000e+03 -4.194558e+00
6.012000e+03 -4.148998e+00
6.013000e+03 -4.168472e+00
6.014000e+03 -4.147682e+00
6.015000e+03 -4.081424e+00
6.016000e+03 -3.793810e+00
6.017000e+03 -3.273140e+00
6.018000e+03 -2.400877e+00
6.019000e+03 -1.290495e+00
6.020000e+03 3.331161e-02
6.021000e+03 1.325654e+00
6.022000e+03 2.508657e+00
6.023000e+03 3.364488e+00
6.024000e+03 3.928866e+00
6.025000e+03 4.129199e+00
6.026000e+03 4.151949e+00
6.027000e+03 4.015522e+00
6.028000e+03 3.925519e+00
6.029000e+03 3.836559e+00
6.030000e+03 3.869303e+00
6.031000e+03 3.880806e+00
6.032000e+03 3.939745e+00
6.033000e+03 3.893976e+00
6.034000e+03 3.858365e+00
6.035000e+03 3.729713e+00
6.036000e+03 3.667730e+00
6.037000e+03 3.571903e+00
6.038000e+03 3.587993e+00
6.039000e+03 3.573590e+00
6.040000e+03 3.647916e+00
6.041000e+03 3.655068e+00
6.042000e+03 3.737159e+00
6.043000e+03 3.752612e+00
6.044000e+03 3.857858e+00
6.045000e+03 3.883490e+00
6.046000e+03 3.938677e+00
6.047000e+03 3.783858e+00
6.048000e+03 3.499070e+00
6.049000e+03 2.851547e+00
6.050000e+03 1.995232e+00
6.051000e+03 8.159447e-01
6.052000e+03 -3.894485e-01
6.053000e+03 -1.643694e+00
6.054000e+03 -2.614040e+00
6.055000e+03 -3.388672e+00
6.056000e+03 -3.762202e+00
6.057000e+03 -3.986305e+00
6.058000e+03 -3.977640e+00
6.059000e+03 -4.056508e+00
6.060000e+03 -4.095462e+00
6.061000e+03 -4.305770e+00
6.062000e+03 -4.413335e+00
6.063000e+03 -4.488945e+00
6.064000e+03 -4.180700e+00
6.065000e+03 -3.614962e+00
6.066000e+03 -2.549776e+00
6.067000e+03 -1.273844e+00
6.068000e+03 2.724470e-01
6.069000e+03 1.668093e+00
6.070000e+03 2.959522e+00
6.071000e+03 3.791370e+00
6.072000e+03 4.362539e+00
6.073000e+03 4.490057e+00
6.074000e+03 4.532667e+00
6.075000e+03 4.381811e+00
6.076000e+03 4.386537e+00
6.077000e+03 4.340559e+00
6.078000e+03 4.449160e+00
6.079000e+03 4.356252e+00
6.080000e+03 4.167139e+00
6.081000e+03 3.611789e+00
6.082000e+03 2.751053e+00
6.083000e+03 1.560961e+00
6.084000e+03 2.414936e-01
6.085000e+03 -1.105068e+00
6.086000e+03 -2.232084e+00
6.087000e+03 -3.082664e+00
6.088000e+03 -3.562507e+00
6.089000e+03 -3.773165e+00
6.090000e+03 -3.761254e+00
6.091000e+03 -3.717706e+00
6.092000e+03 -3.684779e+00
6.093000e+03 -3.742002e+00
6.094000e+03 -3.802984e+00
6.095000e+03 -3.806232e+00
6.096000e+03 -3.568901e+00
6.097000e+03 -3.035697e+00
6.098000e+03 -2.129914e+00
6.099000e+03 -9.259582e-01
6.100000e+03 4.816387e-01
6.101000e+03 1.872312e+00
6.102000e+03 3.066718e+00
6.103000e+03 3.857478e+00
6.104000e+03 4.157355e+00
6.105000e+03 3.888523e+00
6.106000e+03 3.108178e+00
6.107000e+03 1.916358e+00
6.108000e+03 5.008675e-01
6.109000e+03 -9.512103e-01
6.110000e+03 -2.203098e+00
6.111000e+03 -3.070561e+00
6.112000e+03 -3.409328e+00
6.113000e+03 -3.164433e+00
6.114000e+03 -2.359953e+00
6.115000e+03 -1.139398e+00
6.116000e+03 2.973870e-01
6.117000e+03 1.710516e+00
6.118000e+03 2.892253e+00
6.119000e+03 3.701878e+00
6.120000e+03 4.082293e+00
6.121000e+03 4.107936e+00
6.122000e+03 3.925047e+00
6.123000e+03 3.696936e+00
6.124000e+03 3.555577e+00
6.125000e+03 3.566198e+00
6.126000e+03 3.687927e+00
6.127000e+03 3.807618e+00
6.128000e+03 3.741573e+00
6.129000e+03 3.360989e+00
6.130000e+03 2.583999e+00
6.131000e+03 1.440375e+00
6.132000e+03 4.700464e-02
6.133000e+03 -1.384914e+00
6.134000e+03 -2.664579e+00
6.135000e+03 -3.616745e+00
6.136000e+03 -4.185040e+00
6.137000e+03 -4.379294e+00
6.138000e+03 -4.320132e+00
6.139000e+03 -4.132886e+00
6.140000e+03 -3.957103e+00
6.141000e+03 -3.839536e+00
6.142000e+03 -3.784033e+00
6.143000e+03 -3.690786e+00
6.144000e+03 -3.454981e+00
6.145000e+03 -2.946916e+00
6.146000e+03 -2.118580e+00
6.147000e+03 -9.685340e-01
6.148000e+03 3.895004e-01
6.149000e+03 1.801563e+00
6.150000e+03 3.043299e+00
6.151000e+03 3.921675e+00
6.152000e+03 4.271300e+00
6.153000e+03 4.020986e+00
6.154000e+03 3.166035e+00
6.155000e+03 1.835432e+00
6.156000e+03 2.087638e-01
6.157000e+03 -1.461754e+00
6.158000e+03 -2.921471e+00
6.159000e+03 -3.943223e+00
6.160000e+03 -4.365963e+00
6.161000e+03 -4.102868e+00
6.162000e+03 -3.204726e+00
6.163000e+03 -1.810139e+00
6.164000e+03 -1.376989e-01
6.165000e+03 1.546631e+00
6.166000e+03 2.976566e+00
6.167000e+03 3.912377e+00
6.168000e+03 4.212019e+00
6.169000e+03 3.835109e+00
6.170000e+03 2.843371e+00
6.171000e+03 1.392688e+00
6.172000e+03 -2.682543e-01
6.173000e+03 -1.894279e+00
6.174000e+03 -3.223239e+00
6.175000e+03 -4.066092e+00
6.176000e+03 -4.300745e+00
6.177000e+03 -3.945252e+00
6.178000e+03 -3.053716e+00
6.179000e+03 -1.806915e+00
6.180000e+03 -3.836858e-01
6.181000e+03 1.000843e+00
6.182000e+03 2.213632e+00
6.183000e+03 3.122840e+00
6.184000e+03 3.746741e+00
6.185000e+03 4.079919e+00
6.186000e+03 4.219690e+00
6.187000e+03 4.215176e+00
6.188000e+03 4.178079e+00
6.189000e+03 4.103665e+00
6.190000e+03 4.066587e+00
6.191000e+03 4.016308e+00
6.192000e+03 3.994470e+00
6.193000e+03 3.961623e+00
6.194000e+03 3.982153e+00
6.195000e+03 3.999047e+00
6.196000e+03 4.079218e+00
6.197000e+03 4.149457e+00
6.198000e+03 4.252653e+00
6.199000e+03 4.303699e+00
6.200000e+03 4.346884e+00
6.201000e+03 4.307729e+00
6.202000e+03 4.291946e+00
6.203000e+03 4.245609e+00
6.204000e+03 4.268375e+00
6.205000e+03 4.273463e+00
6.206000e+03 4.300572e+00
6.207000e+03 4.189282e+00
6.208000e+03 3.930927e+00
6.209000e+03 3.341977e+00
6.210000e+03 2.488048e+00
6.211000e+03 1.305926e+00
6.212000e+03 1.574606e-03
6.213000e+03 -1.353992e+00
6.214000e+03 -2.452192e+00
6.215000e+03 -3.214515e+00
6.216000e+03 -3.398025e+00
6.217000e+03 -3.078211e+00
6.218000e+03 -2.201598e+00
6.219000e+03 -1.035817e+00
6.220000e+03 3.346386e-01
6.221000e+03 1.581131e+00
6.222000e+03 2.658660e+00
6.223000e+03 3.338159e+00
6.224000e+03 3.753962e+00
6.225000e+03 3.860485e+00
6.226000e+03 3.910662e+00
6.227000e+03 3.899021e+00
6.228000e+03 4.048515e+00
6.229000e+03 4.216557e+00
6.230000e+03 4.466802e+00
6.231000e+03 4.516901e+00
6.232000e+03 4.365724e+00
6.233000e+03 3.762214e+00
6.234000e+03 2.840641e+00
6.235000e+03 1.528577e+00
6.236000e+03 1.445867e-01
6.237000e+03 -1.272794e+00
6.238000e+03 -2.385506e+00
6.239000e+03 -3.237826e+00
6.240000e+03 -3.673447e+00
6.241000e+03 -3.847410e+00
6.242000e+03 -3.840993e+00
6.243000e+03 -3.786789e+00
6.244000e+03 -3.763068e+00
6.245000e+03 -3.808227e+00
6.246000e+03 -3.886097e+00
6.247000e+03 -3.961271e+00
6.248000e+03 -3.995579e+00
6.249000e+03 -3.991317e+00
6.250000e+03 -3.965437e+00
6.251000e+03 -3.989947e+00
6.252000e+03 -4.087137e+00
6.253000e+03 -4.261401e+00
6.254000e+03 -4.432168e+00
6.255000e+03 -4.493352e+00
6.256000e+03 -4.306914e+00
6.257000e+03 -3.784579e+00
6.258000e+03 -2.866902e+00
6.259000e+03 -1.626967e+00
6.260000e+03 -1.781995e-01
6.261000e+03 1.282321e+00
6.262000e+03 2.593925e+00
6.263000e+03 3.609548e+00
6.264000e+03 4.282028e+00
6.265000e+03 4.598858e+00
6.266000e+03 4.660057e+00
6.267000e+03 4.540114e+00
6.268000e+03 4.350875e+00
6.269000e+03 4.142263e+00
6.270000e+03 3.972731e+00
6.271000e+03 3.817868e+00
6.272000e+03 3.709094e+00
6.273000e+03 3.624640e+00
6.274000e+03 3.587986e+00
6.275000e+03 3.587258e+00
6.276000e+03 3.667770e+00
6.277000e+03 3.790434e+00
6.278000e+03 3.963334e+00
6.279000e+03 4.122263e+00
6.280000e+03 4.264984e+00
6.281000e+03 4.334030e+00
6.282000e+03 4.364302e+00
6.283000e+03 4.340394e+00
6.284000e+03 4.322876e+00
6.285000e+03 4.294240e+00
6.286000e+03 4.271582e+00
6.287000e+03 4.163011e+00
6.288000e+03 3.932674e+00
6.289000e+03 3.441918e+00
6.290000e+03 2.660046e+00
6.291000e+03 1.543884e+00
6.292000e+03 2.056360e-01
6.293000e+03 -1.249131e+00
6.294000e+03 -2.567111e+00
6.295000e+03 -3.576039e+00
6.296000e+03 -4.032247e+00
6.297000e+03 -3.875837e+00
6.298000e+03 -3.066197e+00
6.299000e+03 -1.765264e+00
6.300000e+03 -1.370133e-01
6.301000e+03 1.497326e+00
6.302000e+03 2.912423e+00
6.303000e+03 3.813154e+00
6.304000e+03 4.118015e+00
6.305000e+03 3.744988e+00
6.306000e+03 2.822354e+00
6.307000e+03 1.469151e+00
6.308000e+03 -2.645564e-02
6.309000e+03 -1.491596e+00
6.310000e+03 -2.685907e+00
6.311000e+03 -3.554190e+00
6.312000e+03 -4.008385e+00
6.313000e+03 -4.181323e+00
6.314000e+03 -4.128217e+00
6.315000e+03 -4.030743e+00
6.316000e+03 -3.930137e+00
6.317000e+03 -3.951712e+00
6.318000e+03 -4.034061e+00
6.319000e+03 -4.197011e+00
6.320000e+03 -4.321888e+00
6.321000e+03 -4.449093e+00
6.322000e+03 -4.486700e+00
6.323000e+03 -4.511281e+00
6.324000e+03 -4.480411e+00
6.325000e+03 -4.466768e+00
6.326000e+03 -4.378881e+00
6.327000e+03 -4.232045e+00
6.328000e+03 -3.864811e+00
6.329000e+03 -3.278657e+00
6.330000e+03 -2.364511e+00
6.331000e+03 -1.217447e+00
6.332000e+03 1.397619e-01
6.333000e+03 1.467101e+00
6.334000e+03 2.637934e+00
6.335000e+03 3.389116e+00
6.336000e+03 3.655558e+00
6.337000e+03 3.290213e+00
6.338000e+03 2.408245e+00
6.339000e+03 1.066705e+00
6.340000e+03 -4.541759e-01
6.341000e+03 -1.982692e+00
6.342000e+03 -3.188396e+00
6.343000e+03 -3.945562e+00
6.344000e+03 -4.044758e+00
6.345000e+03 -3.542697e+00
6.346000e+03 -2.447359e+00
6.347000e+03 -1.021677e+00
6.348000e+03 5.787100e-01
6.349000e+03 2.028516e+00
6.350000e+03 3.209790e+00
6.351000e+03 3.925547e+00
6.352000e+03 4.247948e+00
6.353000e+03 4.180198e+00
6.354000e+03 3.949392e+00
6.355000e+03 3.637313e+00
6.356000e+03 3.451272e+00
6.357000e+03 3.363309e+00
6.358000e+03 3.423624e+00
6.359000e+03 3.443915e+00
6.360000e+03 3.362142e+00
6.361000e+03 2.960747e+00
6.362000e+03 2.235713e+00
6.363000e+03 1.106411e+00
6.364000e+03 -2.460616e-01
6.365000e+03 -1.720047e+00
6.366000e+03 -3.002648e+00
6.367000e+03 -3.941232e+00
6.368000e+03 -4.272135e+00
6.369000e+03 -3.992125e+00
6.370000e+03 -3.056321e+00
6.371000e+03 -1.695314e+00
6.372000e+03 -6.984234e-02
6.373000e+03 1.470020e+00
6.374000e+03 2.775625e+00
6.375000e+03 3.617617e+00
6.376000e+03 4.028970e+00
6.377000e+03 4.024856e+00
6.378000e+03 3.851774e+00
6.379000e+03 3.608296e+00
6.380000e+03 3.521187e+00
6.381000e+03 3.569916e+00
6.382000e+03 3.786581e+00
6.383000e+03 3.970026e+00
6.384000e+03 4.010446e+00
6.385000e+03 3.686016e+00
6.386000e+03 3.005718e+00
6.387000e+03 1.917619e+00
6.388000e+03 6.202958e-01
6.389000e+03 -7.657464e-01
6.390000e+03 -1.968203e+00
6.391000e+03 -2.915241e+00
6.392000e+03 -3.488306e+00
6.393000e+03 -3.781568e+00
6.394000e+03 -3.831588e+00
6.395000e+03 -3.845076e+00
6.396000e+03 -3.850343e+00
6.397000e+03 -3.946530e+00
6.398000e+03 -4.028793e+00
6.399000e+03 -4.046682e+00
6.400000e+03 -3.838592e+00
6.401000e+03 -3.227997e+00
6.402000e+03 -2.382056e+00
6.403000e+03 -1.109938e+00
6.404000e+03 1.993847e-01
6.405000e+03 1.625288e+00
6.406000e+03 2.734864e+00
6.407000e+03 3.675329e+00
6.408000e+03 4.131805e+00
6.409000e+03 4.436350e+00
6.410000e+03 4.383955e+00
6.411000e+03 4.383400e+00
6.412000e+03 4.220632e+00
6.413000e+03 4.252410e+00
6.414000e+03 4.161820e+00
6.415000e+03 4.248920e+00
6.416000e+03 4.153094e+00
6.417000e+03 4.207124e+00
6.418000e+03 4.087060e+00
6.419000e+03 4.170679e+00
6.420000e+03 4.127974e+00
6.421000e+03 4.303168e+00
6.422000e+03 4.282375e+00
6.423000e+03 4.322052e+00
6.424000e+03 3.939683e+00
6.425000e+03 3.437603e+00
6.426000e+03 2.410927e+00
6.427000e+03 1.292287e+00
6.428000e+03 -1.656770e-01
6.429000e+03 -1.404924e+00
6.430000e+03 -2.651583e+00
6.431000e+03 -3.411227e+00
6.432000e+03 -4.029335e+00
6.433000e+03 -4.140597e+00
6.434000e+03 -4.241683e+00
6.435000e+03 -4.035454e+00
6.436000e+03 -4.001270e+00
6.437000e+03 -3.791791e+00
6.438000e+03 -3.816149e+00
6.439000e+03 -3.661845e+00
6.440000e+03 -3.718623e+00
6.441000e+03 -3.590706e+00
6.442000e+03 -3.706596e+00
6.443000e+03 -3.699626e+00
6.444000e+03 -3.978905e+00
6.445000e+03 -4.119518e+00
6.446000e+03 -4.439862e+00
6.447000e+03 -4.415607e+00
6.448000e+03 -4.312118e+00
6.449000e+03 -3.648779e+00
6.450000e+03 -2.787192e+00
6.451000e+03 -1.409140e+00
6.452000e+03 -5.365157e-02
6.453000e+03 1.473883e+00
6.454000e+03 2.609143e+00
6.455000e+03 3.595871e+00
6.456000e+03 4.033303e+00
6.457000e+03 4.339575e+00
6.458000e+03 4.253905e+00
6.459000e+03 4.271183e+00
6.460000e+03 4.140396e+00
6.461000e+03 4.254909e+00
6.462000e+03 4.265529e+00
6.463000e+03 4.467119e+00
6.464000e+03 4.467306e+00
6.465000e+03 4.578658e+00
6.466000e+03 4.491493e+00
6.467000e+03 4.557008e+00
6.468000e+03 4.505242e+00
6.469000e+03 4.651896e+00
6.470000e+03 4.649355e+00
6.471000e+03 4.701143e+00
6.472000e+03 4.398039e+00
6.473000e+03 3.902684e+00
6.474000e+03 2.893047e+00
6.475000e+03 1.667054e+00
6.476000e+03 8.328807e-02
6.477000e+03 -1.410216e+00
6.478000e+03 -2.835501e+00
6.479000e+03 -3.751186e+00
6.480000e+03 -4.218691e+00
6.481000e+03 -3.961257e+00
6.482000e+03 -3.226024e+00
6.483000e+03 -1.921163e+00
6.484000e+03 -4.293866e-01
6.485000e+03 1.198018e+00
6.486000e+03 2.547825e+00
6.487000e+03 3.578218e+00
6.488000e+03 3.979019e+00
6.489000e+03 3.826233e+00
6.490000e+03 3.019457e+00
6.491000e+03 1.822465e+00
6.492000e+03 3.168698e-01
6.493000e+03 -1.144881e+00
6.494000e+03 -2.440231e+00
6.495000e+03 -3.331797e+00
6.496000e+03 -3.855488e+00
6.497000e+03 -3.982641e+00
6.498000e+03 -3.908531e+00
6.499000e+03 -3.740620e+00
6.500000e+03 -3.646372e+00
6.501000e+03 -3.651004e+00
6.502000e+03 -3.738277e+00
6.503000e+03 -3.772825e+00
6.504000e+03 -3.624929e+00
6.505000e+03 -3.169729e+00
6.506000e+03 -2.326268e+00
6.507000e+03 -1.168195e+00
6.508000e+03 2.023824e-01
6.509000e+03 1.558359e+00
6.510000e+03 2.756638e+00
6.511000e+03 3.592528e+00
6.512000e+03 4.098321e+00
6.513000e+03 4.235191e+00
6.514000e+03 4.212485e+00
6.515000e+03 4.076950e+00
6.516000e+03 4.059811e+00
6.517000e+03 4.081549e+00
6.518000e+03 4.230813e+00
6.519000e+03 4.268397e+00
6.520000e+03 4.203026e+00
6.521000e+03 3.744740e+00
6.522000e+03 3.013435e+00
6.523000e+03 1.866197e+00
6.524000e+03 5.913235e-01
6.525000e+03 -8.380356e-01
6.526000e+03 -2.045993e+00
6.527000e+03 -3.105531e+00
6.528000e+03 -3.725838e+00
6.529000e+03 -4.141862e+00
6.530000e+03 -4.181565e+00
6.531000e+03 -4.182489e+00
6.532000e+03 -3.988458e+00
6.533000e+03 -3.924619e+00
6.534000e+03 -3.765532e+00
6.535000e+03 -3.786698e+00
6.536000e+03 -3.684332e+00
6.537000e+03 -3.738466e+00
6.538000e+03 -3.652909e+00
6.539000e+03 -3.720859e+00
6.540000e+03 -3.649850e+00
6.541000e+03 -3.758007e+00
6.542000e+03 -3.723182e+00
6.543000e+03 -3.874763e+00
6.544000e+03 -3.872743e+00
6.545000e+03 -4.049645e+00
6.546000e+03 -4.083478e+00
6.547000e+03 -4.327772e+00
6.548000e+03 -4.424695e+00
6.549000e+03 -4.708077e+00
6.550000e+03 -4.755209e+00
6.551000e+03 -4.828311e+00
6.552000e+03 -4.463630e+00
6.553000e+03 -3.953755e+00
6.554000e+03 -2.876072e+00
6.555000e+03 -1.652279e+00
6.556000e+03 -2.391309e-02
6.557000e+03 1.438539e+00
6.558000e+03 2.901727e+00
6.559000e+03 3.779757e+00
6.560000e+03 4.264181e+00
6.561000e+03 4.083948e+00
6.562000e+03 3.331237e+00
6.563000e+03 2.135253e+00
6.564000e+03 6.760612e-01
6.565000e+03 -8.160585e-01
6.566000e+03 -2.124203e+00
6.567000e+03 -3.060062e+00
6.568000e+03 -3.497665e+00
6.569000e+03 -3.357735e+00
6.570000e+03 -2.680031e+00
6.571000e+03 -1.545071e+00
6.572000e+03 -1.234732e-01
6.573000e+03 1.385628e+00
6.574000e+03 2.736012e+00
6.575000e+03 3.736924e+00
6.576000e+03 4.191674e+00
6.577000e+03 4.038475e+00
6.578000e+03 3.274422e+00
6.579000e+03 2.033064e+00
6.580000e+03 4.850841e-01
6.581000e+03 -1.080621e+00
6.582000e+03 -2.438841e+00
6.583000e+03 -3.333600e+00
6.584000e+03 -3.641531e+00
6.585000e+03 -3.284589e+00
6.586000e+03 -2.376990e+00
6.587000e+03 -1.034395e+00
6.588000e+03 4.765465e-01
6.589000e+03 1.949704e+00
6.590000e+03 3.134774e+00
6.591000e+03 3.950436e+00
6.592000e+03 4.310160e+00
6.593000e+03 4.333423e+00
6.594000e+03 4.111033e+00
6.595000e+03 3.856077e+00
6.596000e+03 3.647002e+00
6.597000e+03 3.615901e+00
6.598000e+03 3.677964e+00
6.599000e+03 3.779056e+00
6.600000e+03 3.713173e+00
6.601000e+03 3.398755e+00
6.602000e+03 2.674452e+00
6.603000e+03 1.617088e+00
6.604000e+03 2.667089e-01
6.605000e+03 -1.134892e+00
6.606000e+03 -2.460745e+00
6.607000e+03 -3.473377e+00
6.608000e+03 -4.162283e+00
6.609000e+03 -4.460922e+00
6.610000e+03 -4.537334e+00
6.611000e+03 -4.443557e+00
6.612000e+03 -4.378668e+00
6.613000e+03 -4.316594e+00
6.614000e+03 -4.326597e+00
6.615000e+03 -4.240130e+00
6.616000e+03 -4.017295e+00
6.617000e+03 -3.464371e+00
6.618000e+03 -2.631835e+00
6.619000e+03 -1.464542e+00
6.620000e+03 -1.717108e-01
6.621000e+03 1.162771e+00
6.622000e+03 2.277364e+00
6.623000e+03 3.147194e+00
6.624000e+03 3.616036e+00
6.625000e+03 3.824859e+00
6.626000e+03 3.787668e+00
6.627000e+03 3.725306e+00
6.628000e+03 3.641985e+00
6.629000e+03 3.697955e+00
6.630000e+03 3.770136e+00
6.631000e+03 3.867509e+00
6.632000e+03 3.758005e+00
6.633000e+03 3.433235e+00
6.634000e+03 2.706072e+00
6.635000e+03 1.684773e+00
6.636000e+03 3.578614e-01
6.637000e+03 -9.969354e-01
6.638000e+03 -2.283723e+00
6.639000e+03 -3.172715e+00
6.640000e+03 -3.602129e+00
6.641000e+03 -3.390847e+00
6.642000e+03 -2.674135e+00
6.643000e+03 -1.462208e+00
6.644000e+03 -7.382011e-02
6.645000e+03 1.373258e+00
6.646000e+03 2.563314e+00
6.647000e+03 3.477000e+00
6.648000e+03 3.966971e+00
6.649000e+03 4.210362e+00
6.650000e+03 4.213512e+00
6.651000e+03 4.228166e+00
6.652000e+03 4.234972e+00
6.653000e+03 4.375603e+00
6.654000e+03 4.470036e+00
6.655000e+03 4.497587e+00
6.656000e+03 4.206237e+00
6.657000e+03 3.615945e+00
6.658000e+03 2.580915e+00
6.659000e+03 1.294557e+00
6.660000e+03 -1.890420e-01
6.661000e+03 -1.552911e+00
6.662000e+03 -2.733912e+00
6.663000e+03 -3.496951e+00
6.664000e+03 -3.920372e+00
6.665000e+03 -3.958674e+00
6.666000e+03 -3.846299e+00
6.667000e+03 -3.602024e+00
6.668000e+03 -3.454875e+00
6.669000e+03 -3.361751e+00
6.670000e+03 -3.441002e+00
6.671000e+03 -3.552318e+00
6.672000e+03 -3.752587e+00
6.673000e+03 -3.883194e+00
6.674000e+03 -4.021464e+00
6.675000e+03 -4.052351e+00
6.676000e+03 -4.088555e+00
6.677000e+03 -4.040922e+00
6.678000e+03 -4.031828e+00
6.679000e+03 -3.972723e+00
6.680000e+03 -3.977448e+00
6.681000e+03 -3.954446e+00
6.682000e+03 -4.008359e+00
6.683000e+03 -4.042875e+00
6.684000e+03 -4.148398e+00
6.685000e+03 -4.214638e+00
6.686000e+03 -4.322742e+00
6.687000e+03 -4.354812e+00
6.688000e+03 -4.383278e+00
6.689000e+03 -4.326808e+00
6.690000e+03 -4.281853e+00
6.691000e+03 -4.165774e+00
6.692000e+03 -4.086053e+00
6.693000e+03 -3.966358e+00
6.694000e+03 -3.891261e+00
6.695000e+03 -3.778304e+00
6.696000e+03 -3.713160e+00
6.697000e+03 -3.633079e+00
6.698000e+03 -3.643639e+00
6.699000e+03 -3.690720e+00
6.700000e+03 -3.856178e+00
6.701000e+03 -4.036086e+00
6.702000e+03 -4.220922e+00
6.703000e+03 -4.241264e+00
6.704000e+03 -4.052085e+00
6.705000e+03 -3.483357e+00
6.706000e+03 -2.582698e+00
6.707000e+03 -1.346871e+00
6.708000e+03 3.185093e-02
6.709000e+03 1.434982e+00
6.710000e+03 2.627682e+00
6.711000e+03 3.533674e+00
6.712000e+03 4.048738e+00
6.713000e+03 4.275524e+00
6.714000e+03 4.262895e+00
6.715000e+03 4.188670e+00
6.716000e+03 4.111513e+00
6.717000e+03 4.118213e+00
6.718000e+03 4.126136e+00
6.719000e+03 4.080492e+00
6.720000e+03 3.838755e+00
6.721000e+03 3.251920e+00
6.722000e+03 2.389753e+00
6.723000e+03 1.155070e+00
6.724000e+03 -1.883929e-01
6.725000e+03 -1.602925e+00
6.726000e+03 -2.742699e+00
6.727000e+03 -3.551425e+00
6.728000e+03 -3.772347e+00
6.729000e+03 -3.496494e+00
6.730000e+03 -2.614647e+00
6.731000e+03 -1.392427e+00
6.732000e+03 1.180294e-01
6.733000e+03 1.563536e+00
6.734000e+03 2.859309e+00
6.735000e+03 3.691345e+00
6.736000e+03 4.052346e+00
6.737000e+03 3.765398e+00
6.738000e+03 3.000095e+00
6.739000e+03 1.744592e+00
6.740000e+03 3.018159e-01
6.741000e+03 -1.218203e+00
6.742000e+03 -2.468176e+00
6.743000e+03 -3.355964e+00
6.744000e+03 -3.627192e+00
6.745000e+03 -3.327974e+00
6.746000e+03 -2.397883e+00
6.747000e+03 -1.075694e+00
6.748000e+03 5.183566e-01
6.749000e+03 2.034413e+00
6.750000e+03 3.301345e+00
6.751000e+03 4.030809e+00
6.752000e+03 4.176429e+00
6.753000e+03 3.649089e+00
6.754000e+03 2.604845e+00
6.755000e+03 1.159682e+00
6.756000e+03 -4.075744e-01
6.757000e+03 -1.913506e+00
6.758000e+03 -3.097692e+00
6.759000e+03 -3.846598e+00
6.760000e+03 -4.042674e+00
6.761000e+03 -3.693095e+00
6.762000e+03 -2.833450e+00
6.763000e+03 -1.602064e+00
6.764000e+03 -1.556314e-01
6.765000e+03 1.311504e+00
6.766000e+03 2.582625e+00
6.767000e+03 3.471646e+00
6.768000e+03 3.828943e+00
6.769000e+03 3.619172e+00
6.770000e+03 2.826345e+00
6.771000e+03 1.614839e+00
6.772000e+03 1.340083e-01
6.773000e+03 -1.338871e+00
6.774000e+03 -2.631660e+00
6.775000e+03 -3.474869e+00
6.776000e+03 -3.829538e+00
6.777000e+03 -3.566718e+00
6.778000e+03 -2.812834e+00
6.779000e+03 -1.591993e+00
6.780000e+03 -1.967574e-01
6.781000e+03 1.275625e+00
6.782000e+03 2.482411e+00
6.783000e+03 3.359973e+00
6.784000e+03 3.621820e+00
6.785000e+03 3.372577e+00
6.786000e+03 2.506786e+00
6.787000e+03 1.323033e+00
6.788000e+03 -1.404645e-01
6.789000e+03 -1.469032e+00
6.790000e+03 -2.659362e+00
6.791000e+03 -3.389711e+00
6.792000e+03 -3.847438e+00
6.793000e+03 -3.895648e+00
6.794000e+03 -3.894921e+00
6.795000e+03 -3.758740e+00
6.796000e+03 -3.829583e+00
6.797000e+03 -3.877383e+00
6.798000e+03 -4.090399e+00
6.799000e+03 -4.073591e+00
6.800000e+03 -3.952162e+00
6.801000e+03 -3.340396e+00
6.802000e+03 -2.498325e+00
6.803000e+03 -1.195206e+00
6.804000e+03 1.230000e-01
6.805000e+03 1.576483e+00
6.806000e+03 2.675650e+00
6.807000e+03 3.635671e+00
6.808000e+03 4.074096e+00
6.809000e+03 4.368025e+00
6.810000e+03 4.272368e+00
6.811000e+03 4.244256e+00
6.812000e+03 4.009918e+00
6.813000e+03 4.002445e+00
6.814000e+03 3.855152e+00
6.815000e+03 3.943030e+00
6.816000e+03 3.869792e+00
6.817000e+03 4.013255e+00
6.818000e+03 3.971912e+00
6.819000e+03 4.174669e+00
6.820000e+03 4.196233e+00
6.821000e+03 4.429362e+00
6.822000e+03 4.376476e+00
6.823000e+03 4.376228e+00
6.824000e+03 3.912135e+00
6.825000e+03 3.368299e+00
6.826000e+03 2.281538e+00
6.827000e+03 1.181079e+00
6.828000e+03 -2.700438e-01
6.829000e+03 -1.453819e+00
6.830000e+03 -2.698395e+00
6.831000e+03 -3.434323e+00
6.832000e+03 -4.104687e+00
6.833000e+03 -4.267369e+00
6.834000e+03 -4.503585e+00
6.835000e+03 -4.416271e+00
6.836000e+03 -4.573429e+00
6.837000e+03 -4.495979e+00
6.838000e+03 -4.644233e+00
6.839000e+03 -4.413110e+00
6.840000e+03 -4.196886e+00
6.841000e+03 -3.398251e+00
6.842000e+03 -2.501788e+00
6.843000e+03 -1.034784e+00
6.844000e+03 3.457795e-01
6.845000e+03 1.965655e+00
6.846000e+03 3.079609e+00
6.847000e+03 4.013445e+00
6.848000e+03 4.107886e+00
6.849000e+03 3.847491e+00
6.850000e+03 2.768675e+00
6.851000e+03 1.555356e+00
6.852000e+03 -1.065304e-01
6.853000e+03 -1.457367e+00
6.854000e+03 -2.842812e+00
6.855000e+03 -3.607321e+00
6.856000e+03 -4.255517e+00
6.857000e+03 -4.329323e+00
6.858000e+03 -4.471174e+00
6.859000e+03 -4.277164e+00
6.860000e+03 -4.378211e+00
6.861000e+03 -4.281425e+00
6.862000e+03 -4.468928e+00
6.863000e+03 -4.305056e+00
6.864000e+03 -4.195702e+00
6.865000e+03 -3.530691e+00
6.866000e+03 -2.790574e+00
6.867000e+03 -1.513547e+00
6.868000e+03 -3.493484e-01
6.869000e+03 1.054049e+00
6.870000e+03 2.036276e+00
6.871000e+03 2.991722e+00
6.872000e+03 3.394099e+00
6.873000e+03 3.801862e+00
6.874000e+03 3.814770e+00
6.875000e+03 4.027467e+00
6.876000e+03 4.030069e+00
6.877000e+03 4.316874e+00
6.878000e+03 4.348542e+00
6.879000e+03 4.484471e+00
6.880000e+03 4.139914e+00
6.881000e+03 3.708332e+00
6.882000e+03 2.672672e+00
6.883000e+03 1.576676e+00
6.884000e+03 7.729912e-02
6.885000e+03 -1.174068e+00
6.886000e+03 -2.447711e+00
6.887000e+03 -3.102120e+00
6.888000e+03 -3.468882e+00
6.889000e+03 -3.044219e+00
6.890000e+03 -2.309780e+00
6.891000e+03 -9.367065e-01
6.892000e+03 4.531604e-01
6.893000e+03 2.064913e+00
6.894000e+03 3.233749e+00
6.895000e+03 4.171666e+00
6.896000e+03 4.327499e+00
6.897000e+03 4.064967e+00
6.898000e+03 3.050723e+00
6.899000e+03 1.842073e+00
6.900000e+03 2.737432e-01
6.901000e+03 -1.040047e+00
6.902000e+03 -2.281852e+00
6.903000e+03 -2.977943e+00
6.904000e+03 -3.479070e+00
6.905000e+03 -3.509383e+00
6.906000e+03 -3.549364e+00
6.907000e+03 -3.396799e+00
6.908000e+03 -3.483659e+00
6.909000e+03 -3.525094e+00
6.910000e+03 -3.806090e+00
6.911000e+03 -3.957250e+00
6.912000e+03 -4.222240e+00
6.913000e+03 -4.252223e+00
6.914000e+03 -4.336089e+00
6.915000e+03 -4.240556e+00
6.916000e+03 -4.280236e+00
6.917000e+03 -4.216020e+00
6.918000e+03 -4.287925e+00
6.919000e+03 -4.174233e+00
6.920000e+03 -4.012914e+00
6.921000e+03 -3.471308e+00
6.922000e+03 -2.720288e+00
6.923000e+03 -1.562117e+00
6.924000e+03 -3.150097e-01
6.925000e+03 1.061718e+00
6.926000e+03 2.204337e+00
6.927000e+03 3.156750e+00
6.928000e+03 3.675052e+00
6.929000e+03 3.977401e+00
6.930000e+03 3.998327e+00
6.931000e+03 4.020394e+00
6.932000e+03 4.001921e+00
6.933000e+03 4.123639e+00
6.934000e+03 4.203113e+00
6.935000e+03 4.248775e+00
6.936000e+03 3.998527e+00
6.937000e+03 3.471912e+00
6.938000e+03 2.530411e+00
6.939000e+03 1.333384e+00
6.940000e+03 -6.033386e-02
6.941000e+03 -1.385936e+00
6.942000e+03 -2.547261e+00
6.943000e+03 -3.352947e+00
6.944000e+03 -3.852769e+00
6.945000e+03 -4.031838e+00
6.946000e+03 -4.033278e+00
6.947000e+03 -3.925151e+00
6.948000e+03 -3.837219e+00
6.949000e+03 -3.774593e+00
6.950000e+03 -3.757134e+00
6.951000e+03 -3.737109e+00
6.952000e+03 -3.710079e+00
6.953000e+03 -3.639918e+00
6.954000e+03 -3.547245e+00
6.955000e+03 -3.473109e+00
6.956000e+03 -3.444185e+00
6.957000e+03 -3.491937e+00
6.958000e+03 -3.602935e+00
6.959000e+03 -3.771136e+00
6.960000e+03 -3.939640e+00
6.961000e+03 -4.098761e+00
6.962000e+03 -4.192796e+00
6.963000e+03 -4.254282e+00
6.964000e+03 -4.251092e+00
6.965000e+03 -4.248049e+00
6.966000e+03 -4.215718e+00
6.967000e+03 -4.209876e+00
6.968000e+03 -4.184418e+00
6.969000e+03 -4.205688e+00
6.970000e+03 -4.214372e+00
6.971000e+03 -4.279238e+00
6.972000e+03 -4.336866e+00
6.973000e+03 -4.437598e+00
6.974000e+03 -4.460640e+00
6.975000e+03 -4.395888e+00
6.976000e+03 -4.080697e+00
6.977000e+03 -3.502577e+00
6.978000e+03 -2.530517e+00
6.979000e+03 -1.272578e+00
6.980000e+03 2.407986e-01
6.981000e+03 1.741872e+00
6.982000e+03 3.079426e+00
6.983000e+03 3.956277e+00
6.984000e+03 4.284144e+00
6.985000e+03 3.915337e+00
6.986000e+03 3.001500e+00
6.987000e+03 1.625422e+00
6.988000e+03 9.599471e-02
6.989000e+03 -1.428786e+00
6.990000e+03 -2.668899e+00
6.991000e+03 -3.586576e+00
6.992000e+03 -4.088332e+00
6.993000e+03 -4.308118e+00
6.994000e+03 -4.268782e+00
6.995000e+03 -4.163491e+00
6.996000e+03 -4.010706e+00
6.997000e+03 -3.925705e+00
6.998000e+03 -3.861298e+00
6.999000e+03 -3.873391e+00
7.000000e+03 -3.869945e+00
7.001000e+03 -3.901895e+00
7.002000e+03 -3.912791e+00
7.003000e+03 -3.948447e+00
7.004000e+03 -3.957886e+00
7.005000e+03 -3.989271e+00
7.006000e+03 -3.998213e+00
7.007000e+03 -4.012900e+00
7.008000e+03 -3.993020e+00
7.009000e+03 -3.999225e+00
7.010000e+03 -4.026124e+00
7.011000e+03 -4.109003e+00
7.012000e+03 -4.237664e+00
7.013000e+03 -4.394347e+00
7.014000e+03 -4.497953e+00
7.015000e+03 -4.449317e+00
7.016000e+03 -4.141336e+00
7.017000e+03 -3.484472e+00
7.018000e+03 -2.462094e+00
7.019000e+03 -1.109165e+00
7.020000e+03 4.186305e-01
7.021000e+03 1.955101e+00
7.022000e+03 3.230477e+00
7.023000e+03 4.081225e+00
7.024000e+03 4.324875e+00
7.025000e+03 3.964111e+00
7.026000e+03 3.007197e+00
7.027000e+03 1.695325e+00
7.028000e+03 1.779055e-01
7.029000e+03 -1.229745e+00
7.030000e+03 -2.424909e+00
7.031000e+03 -3.208034e+00
7.032000e+03 -3.654385e+00
7.033000e+03 -3.735051e+00
7.034000e+03 -3.696737e+00
7.035000e+03 -3.543042e+00
7.036000e+03 -3.505808e+00
7.037000e+03 -3.493894e+00
7.038000e+03 -3.642024e+00
7.039000e+03 -3.760437e+00
7.040000e+03 -3.878324e+00
7.041000e+03 -4.059977e+00
7.042000e+03 -4.020226e+00
7.043000e+03 -4.148662e+00
7.044000e+03 -4.115311e+00
7.045000e+03 -4.299517e+00
7.046000e+03 -4.308163e+00
7.047000e+03 -4.410465e+00
7.048000e+03 -4.133121e+00
7.049000e+03 -3.726868e+00
7.050000e+03 -2.761583e+00
7.051000e+03 -1.605677e+00
7.052000e+03 -1.759207e-02
7.053000e+03 1.459973e+00
7.054000e+03 2.950593e+00
7.055000e+03 3.867941e+00
7.056000e+03 4.382211e+00
7.057000e+03 4.072639e+00
7.058000e+03 3.303505e+00
7.059000e+03 1.859179e+00
7.060000e+03 2.941359e-01
7.061000e+03 -1.464612e+00
7.062000e+03 -2.823882e+00
7.063000e+03 -3.896544e+00
7.064000e+03 -4.199055e+00
7.065000e+03 -3.993444e+00
7.066000e+03 -3.018280e+00
7.067000e+03 -1.734425e+00
7.068000e+03 -4.489446e-02
7.069000e+03 1.481803e+00
7.070000e+03 2.895677e+00
7.071000e+03 3.702387e+00
7.072000e+03 4.076760e+00
7.073000e+03 3.696704e+00
7.074000e+03 2.924772e+00
7.075000e+03 1.632696e+00
7.076000e+03 2.885491e-01
7.077000e+03 -1.161732e+00
7.078000e+03 -2.254930e+00
7.079000e+03 -3.098282e+00
7.080000e+03 -3.324072e+00
7.081000e+03 -3.144286e+00
7.082000e+03 -2.349953e+00
7.083000e+03 -1.278058e+00
7.084000e+03 1.552859e-01
7.085000e+03 1.525234e+00
7.086000e+03 2.833931e+00
7.087000e+03 3.672309e+00
7.088000e+03 4.101928e+00
7.089000e+03 3.825919e+00
7.090000e+03 3.057903e+00
7.091000e+03 1.726761e+00
7.092000e+03 2.056051e-01
7.093000e+03 -1.437682e+00
7.094000e+03 -2.767460e+00
7.095000e+03 -3.724588e+00
7.096000e+03 -4.001246e+00
7.097000e+03 -3.708568e+00
7.098000e+03 -2.770507e+00
7.099000e+03 -1.493764e+00
7.100000e+03 2.571677e-02
7.101000e+03 1.432688e+00
7.102000e+03 2.660381e+00
7.103000e+03 3.474387e+00
7.104000e+03 3.957816e+00
7.105000e+03 4.089672e+00
7.106000e+03 4.073810e+00
7.107000e+03 3.941299e+00
7.108000e+03 3.873022e+00
7.109000e+03 3.833782e+00
7.110000e+03 3.882927e+00
7.111000e+03 3.921778e+00
7.112000e+03 3.948267e+00
7.113000e+03 3.905997e+00
7.114000e+03 3.861418e+00
7.115000e+03 3.821808e+00
7.116000e+03 3.856730e+00
7.117000e+03 3.957082e+00
7.118000e+03 4.094018e+00
7.119000e+03 4.159742e+00
7.120000e+03 4.002740e+00
7.121000e+03 3.507927e+00
7.122000e+03 2.601288e+00
7.123000e+03 1.322170e+00
7.124000e+03 -2.174211e-01
7.125000e+03 -1.760350e+00
7.126000e+03 -3.089663e+00
7.127000e+03 -3.925118e+00
7.128000e+03 -4.162744e+00
7.129000e+03 -3.704211e+00
7.130000e+03 -2.686520e+00
7.131000e+03 -1.220196e+00
7.132000e+03 3.859024e-01
7.133000e+03 1.953280e+00
7.134000e+03 3.169823e+00
7.135000e+03 3.963642e+00
7.136000e+03 4.137937e+00
7.137000e+03 3.766899e+00
7.138000e+03 2.824407e+00
7.139000e+03 1.559343e+00
7.140000e+03 4.753447e-02
7.141000e+03 -1.357096e+00
7.142000e+03 -2.553800e+00
7.143000e+03 -3.224195e+00
7.144000e+03 -3.378879e+00
7.145000e+03 -2.876632e+00
7.146000e+03 -1.953584e+00
7.147000e+03 -6.395473e-01
7.148000e+03 6.910823e-01
7.149000e+03 1.972706e+00
7.150000e+03 2.891070e+00
7.151000e+03 3.529650e+00
7.152000e+03 3.748425e+00
7.153000e+03 3.805928e+00
7.154000e+03 3.661325e+00
7.155000e+03 3.600491e+00
7.156000e+03 3.527315e+00
7.157000e+03 3.630483e+00
7.158000e+03 3.702863e+00
7.159000e+03 3.883502e+00
7.160000e+03 3.943913e+00
7.161000e+03 4.033490e+00
7.162000e+03 3.981067e+00
7.163000e+03 4.001148e+00
7.164000e+03 3.927198e+00
7.165000e+03 3.975049e+00
7.166000e+03 3.958248e+00
7.167000e+03 4.048184e+00
7.168000e+03 4.050272e+00
7.169000e+03 4.145460e+00
7.170000e+03 4.122411e+00
7.171000e+03 4.176076e+00
7.172000e+03 4.116790e+00
7.173000e+03 4.122939e+00
7.174000e+03 4.004847e+00
7.175000e+03 3.948155e+00
7.176000e+03 3.762018e+00
7.177000e+03 3.676962e+00
7.178000e+03 3.554207e+00
7.179000e+03 3.616910e+00
7.180000e+03 3.700843e+00
7.181000e+03 3.959688e+00
7.182000e+03 4.133475e+00
7.183000e+03 4.272878e+00
7.184000e+03 4.053824e+00
7.185000e+03 3.560724e+00
7.186000e+03 2.597249e+00
7.187000e+03 1.397739e+00
7.188000e+03 -4.654586e-02
7.189000e+03 -1.372182e+00
7.190000e+03 -2.552500e+00
7.191000e+03 -3.302124e+00
7.192000e+03 -3.762544e+00
7.193000e+03 -3.848735e+00
7.194000e+03 -3.829903e+00
7.195000e+03 -3.711506e+00
7.196000e+03 -3.734427e+00
7.197000e+03 -3.797276e+00
7.198000e+03 -4.004820e+00
7.199000e+03 -4.142739e+00
7.200000e+03 -4.252890e+00
7.201000e+03 -4.232822e+00
7.202000e+03 -4.132338e+00
7.203000e+03 -3.980314e+00
7.204000e+03 -3.873702e+00
7.205000e+03 -3.826504e+00
7.206000e+03 -3.824325e+00
7.207000e+03 -3.780819e+00
7.208000e+03 -3.571491e+00
7.209000e+03 -3.076094e+00
7.210000e+03 -2.236851e+00
7.211000e+03 -1.096853e+00
7.212000e+03 2.438788e-01
7.213000e+03 1.574680e+00
7.214000e+03 2.731281e+00
7.215000e+03 3.534874e+00
7.216000e+03 3.969964e+00
7.217000e+03 4.044992e+00
7.218000e+03 3.934254e+00
7.219000e+03 3.742013e+00
7.220000e+03 3.654524e+00
7.221000e+03 3.657737e+00
7.222000e+03 3.783844e+00
7.223000e+03 3.845951e+00
7.224000e+03 3.754820e+00
7.225000e+03 3.293007e+00
7.226000e+03 2.486832e+00
7.227000e+03 1.265031e+00
7.228000e+03 -1.530171e-01
7.229000e+03 -1.660851e+00
7.230000e+03 -2.925492e+00
7.231000e+03 -3.852772e+00
7.232000e+03 -4.166344e+00
7.233000e+03 -3.916010e+00
7.234000e+03 -3.021042e+00
7.235000e+03 -1.733782e+00
7.236000e+03 -1.160041e-01
7.237000e+03 1.445658e+00
7.238000e+03 2.841700e+00
7.239000e+03 3.708547e+00
7.240000e+03 4.047844e+00
7.241000e+03 3.664045e+00
7.242000e+03 2.783807e+00
7.243000e+03 1.415195e+00
7.244000e+03 -4.277372e-02
7.245000e+03 -1.507299e+00
7.246000e+03 -2.610361e+00
7.247000e+03 -3.411279e+00
7.248000e+03 -3.718368e+00
7.249000e+03 -3.813650e+00
7.250000e+03 -3.672092e+00
7.251000e+03 -3.626239e+00
7.252000e+03 -3.591746e+00
7.253000e+03 -3.778735e+00
7.254000e+03 -3.910714e+00
7.255000e+03 -4.050680e+00
7.256000e+03 -3.841210e+00
7.257000e+03 -3.351290e+00
7.258000e+03 -2.339084e+00
7.259000e+03 -1.078417e+00
7.260000e+03 4.861175e-01
7.261000e+03 1.917737e+00
7.262000e+03 3.195267e+00
7.263000e+03 3.900899e+00
7.264000e+03 4.122712e+00
7.265000e+03 3.630589e+00
7.266000e+03 2.730463e+00
7.267000e+03 1.364602e+00
7.268000e+03 -3.294992e-02
7.269000e+03 -1.471704e+00
7.270000e+03 -2.558053e+00
7.271000e+03 -3.415916e+00
7.272000e+03 -3.798960e+00
7.273000e+03 -3.983896e+00
7.274000e+03 -3.844817e+00
7.275000e+03 -3.720139e+00
7.276000e+03 -3.479456e+00
7.277000e+03 -3.408778e+00
7.278000e+03 -3.307330e+00
7.279000e+03 -3.387821e+00
7.280000e+03 -3.397285e+00
7.281000e+03 -3.552442e+00
7.282000e+03 -3.626819e+00
7.283000e+03 -3.847206e+00
7.284000e+03 -3.994736e+00
7.285000e+03 -4.260760e+00
7.286000e+03 -4.363127e+00
7.287000e+03 -4.433389e+00
7.288000e+03 -4.136762e+00
7.289000e+03 -3.608209e+00
7.290000e+03 -2.623552e+00
7.291000e+03 -1.443159e+00
7.292000e+03 1.999176e-02
7.293000e+03 1.382261e+00
7.294000e+03 2.684430e+00
7.295000e+03 3.585794e+00
7.296000e+03 4.232579e+00
7.297000e+03 4.460638e+00
7.298000e+03 4.548761e+00
7.299000e+03 4.407723e+00
7.300000e+03 4.331571e+00
7.301000e+03 4.190913e+00
7.302000e+03 4.181016e+00
7.303000e+03 4.103325e+00
7.304000e+03 4.128217e+00
7.305000e+03 4.063244e+00
7.306000e+03 4.098966e+00
7.307000e+03 4.102004e+00
7.308000e+03 4.257689e+00
7.309000e+03 4.385489e+00
7.310000e+03 4.580061e+00
7.311000e+03 4.573585e+00
7.312000e+03 4.396726e+00
7.313000e+03 3.799912e+00
7.314000e+03 2.895260e+00
7.315000e+03 1.598804e+00
7.316000e+03 1.900589e-01
7.317000e+03 -1.267178e+00
7.318000e+03 -2.449761e+00
7.319000e+03 -3.349986e+00
7.320000e+03 -3.794276e+00
7.321000e+03 -3.949774e+00
7.322000e+03 -3.846369e+00
7.323000e+03 -3.742146e+00
7.324000e+03 -3.655918e+00
7.325000e+03 -3.733360e+00
7.326000e+03 -3.833370e+00
7.327000e+03 -3.917127e+00
7.328000e+03 -3.743289e+00
7.329000e+03 -3.260161e+00
7.330000e+03 -2.345956e+00
7.331000e+03 -1.118229e+00
7.332000e+03 3.367598e-01
7.333000e+03 1.763749e+00
7.334000e+03 3.011683e+00
7.335000e+03 3.881555e+00
7.336000e+03 4.366775e+00
7.337000e+03 4.466099e+00
7.338000e+03 4.317316e+00
7.339000e+03 4.038679e+00
7.340000e+03 3.784194e+00
7.341000e+03 3.618014e+00
7.342000e+03 3.580841e+00
7.343000e+03 3.645851e+00
7.344000e+03 3.777269e+00
7.345000e+03 3.938287e+00
7.346000e+03 4.102836e+00
7.347000e+03 4.279615e+00
7.348000e+03 4.448360e+00
7.349000e+03 4.618851e+00
7.350000e+03 4.712480e+00
7.351000e+03 4.675593e+00
7.352000e+03 4.382130e+00
7.353000e+03 3.784825e+00
7.354000e+03 2.795427e+00
7.355000e+03 1.513566e+00
7.356000e+03 1.109773e-02
7.357000e+03 -1.461439e+00
7.358000e+03 -2.740946e+00
7.359000e+03 -3.544727e+00
7.360000e+03 -3.824148e+00
7.361000e+03 -3.426740e+00
7.362000e+03 -2.564866e+00
7.363000e+03 -1.246394e+00
7.364000e+03 1.508851e-01
7.365000e+03 1.577129e+00
7.366000e+03 2.695324e+00
7.367000e+03 3.591128e+00
7.368000e+03 4.085647e+00
7.369000e+03 4.411815e+00
7.370000e+03 4.498723e+00
7.371000e+03 4.621145e+00
7.372000e+03 4.650008e+00
7.373000e+03 4.771160e+00
7.374000e+03 4.739835e+00
7.375000e+03 4.642171e+00
7.376000e+03 4.196602e+00
7.377000e+03 3.518131e+00
7.378000e+03 2.393995e+00
7.379000e+03 1.075439e+00
7.380000e+03 -5.012643e-01
7.381000e+03 -1.968533e+00
7.382000e+03 -3.308046e+00
7.383000e+03 -4.137126e+00
7.384000e+03 -4.511356e+00
7.385000e+03 -4.164358e+00
7.386000e+03 -3.318960e+00
7.387000e+03 -1.913344e+00
7.388000e+03 -3.471949e-01
7.389000e+03 1.322541e+00
7.390000e+03 2.640222e+00
7.391000e+03 3.574984e+00
7.392000e+03 3.804451e+00
7.393000e+03 3.476445e+00
7.394000e+03 2.463017e+00
7.395000e+03 1.119738e+00
7.396000e+03 -5.155914e-01
7.397000e+03 -2.016347e+00
7.398000e+03 -3.333335e+00
7.399000e+03 -4.098894e+00
7.400000e+03 -4.379003e+00
7.401000e+03 -3.962277e+00
7.402000e+03 -3.072837e+00
7.403000e+03 -1.664343e+00
7.404000e+03 -1.019695e-01
7.405000e+03 1.550496e+00
7.406000e+03 2.875413e+00
7.407000e+03 3.816904e+00
7.408000e+03 4.073540e+00
7.409000e+03 3.746604e+00
7.410000e+03 2.737127e+00
7.411000e+03 1.375582e+00
7.412000e+03 -2.494543e-01
7.413000e+03 -1.737215e+00
7.414000e+03 -3.013044e+00
7.415000e+03 -3.811172e+00
7.416000e+03 -4.245639e+00
7.417000e+03 -4.275462e+00
7.418000e+03 -4.176668e+00
7.419000e+03 -3.987153e+00
7.420000e+03 -3.945039e+00
7.421000e+03 -3.975590e+00
7.422000e+03 -4.134980e+00
7.423000e+03 -4.181872e+00
7.424000e+03 -4.069602e+00
7.425000e+03 -3.573036e+00
7.426000e+03 -2.712161e+00
7.427000e+03 -1.435187e+00
7.428000e+03 3.427118e-02
7.429000e+03 1.561004e+00
7.430000e+03 2.834044e+00
7.431000e+03 3.705659e+00
7.432000e+03 3.954640e+00
7.433000e+03 3.601486e+00
7.434000e+03 2.667345e+00
7.435000e+03 1.359005e+00
7.436000e+03 -1.462185e-01
7.437000e+03 -1.573760e+00
7.438000e+03 -2.763483e+00
7.439000e+03 -3.578352e+00
7.440000e+03 -4.031800e+00
7.441000e+03 -4.171484e+00
7.442000e+03 -4.138296e+00
7.443000e+03 -4.072828e+00
7.444000e+03 -4.078158e+00
7.445000e+03 -4.195284e+00
7.446000e+03 -4.371569e+00
7.447000e+03 -4.500415e+00
7.448000e+03 -4.405468e+00
7.449000e+03 -3.971431e+00
7.450000e+03 -3.084188e+00
7.451000e+03 -1.795784e+00
7.452000e+03 -1.921481e-01
7.453000e+03 1.463184e+00
7.454000e+03 2.951967e+00
7.455000e+03 3.950384e+00
7.456000e+03 4.344516e+00
7.457000e+03 3.989396e+00
7.458000e+03 3.012868e+00
7.459000e+03 1.520118e+00
7.460000e+03 -1.467585e-01
7.461000e+03 -1.807036e+00
7.462000e+03 -3.137723e+00
7.463000e+03 -4.118091e+00
7.464000e+03 -4.618366e+00
7.465000e+03 -4.828251e+00
7.466000e+03 -4.785063e+00
7.467000e+03 -4.761043e+00
7.468000e+03 -4.728641e+00
7.469000e+03 -4.843613e+00
7.470000e+03 -4.901010e+00
7.471000e+03 -4.919683e+00
7.472000e+03 -4.612896e+00
7.473000e+03 -4.019931e+00
7.474000e+03 -2.966645e+00
7.475000e+03 -1.685347e+00
7.476000e+03 -1.562035e-01
7.477000e+03 1.265082e+00
7.478000e+03 2.572965e+00
7.479000e+03 3.470697e+00
7.480000e+03 4.102590e+00
7.481000e+03 4.325171e+00
7.482000e+03 4.422069e+00
7.483000e+03 4.312772e+00
7.484000e+03 4.286968e+00
7.485000e+03 4.186604e+00
7.486000e+03 4.222862e+00
7.487000e+03 4.175023e+00
7.488000e+03 4.216585e+00
7.489000e+03 4.124386e+00
7.490000e+03 4.143393e+00
7.491000e+03 4.082511e+00
7.492000e+03 4.189089e+00
7.493000e+03 4.241144e+00
7.494000e+03 4.421293e+00
7.495000e+03 4.402394e+00
7.496000e+03 4.293852e+00
7.497000e+03 3.758446e+00
7.498000e+03 2.967810e+00
7.499000e+03 1.696088e+00
7.500000e+03 3.002255e-01
7.501000e+03 -1.275129e+00
7.502000e+03 -2.546665e+00
7.503000e+03 -3.524788e+00
7.504000e+03 -3.807453e+00
7.505000e+03 -3.567595e+00
7.506000e+03 -2.586191e+00
7.507000e+03 -1.274643e+00
7.508000e+03 3.890234e-01
7.509000e+03 1.886464e+00
7.510000e+03 3.218579e+00
7.511000e+03 3.947900e+00
7.512000e+03 4.209186e+00
7.513000e+03 3.732499e+00
7.514000e+03 2.860124e+00
7.515000e+03 1.487282e+00
7.516000e+03 5.951381e-02
7.517000e+03 -1.454369e+00
7.518000e+03 -2.591585e+00
7.519000e+03 -3.445952e+00
7.520000e+03 -3.671136e+00
7.521000e+03 -3.392091e+00
7.522000e+03 -2.538354e+00
7.523000e+03 -1.332703e+00
7.524000e+03 1.536679e-01
7.525000e+03 1.595441e+00
7.526000e+03 2.858407e+00
7.527000e+03 3.639031e+00
7.528000e+03 3.910507e+00
7.529000e+03 3.525491e+00
7.530000e+03 2.643009e+00
7.531000e+03 1.320846e+00
7.532000e+03 -1.274550e-01
7.533000e+03 -1.584220e+00
7.534000e+03 -2.754371e+00
7.535000e+03 -3.618508e+00
7.536000e+03 -4.057141e+00
7.537000e+03 -4.230973e+00
7.538000e+03 -4.146261e+00
7.539000e+03 -4.032869e+00
7.540000e+03 -3.894787e+00
7.541000e+03 -3.880584e+00
7.542000e+03 -3.892541e+00
7.543000e+03 -3.991559e+00
7.544000e+03 -4.038173e+00
7.545000e+03 -4.105903e+00
7.546000e+03 -4.104319e+00
7.547000e+03 -4.157738e+00
7.548000e+03 -4.201449e+00
7.549000e+03 -4.329007e+00
7.550000e+03 -4.406024e+00
7.551000e+03 -4.433879e+00
7.552000e+03 -4.213755e+00
7.553000e+03 -3.744239e+00
7.554000e+03 -2.898533e+00
7.555000e+03 -1.798239e+00
7.556000e+03 -4.681972e-01
7.557000e+03 8.473210e-01
7.558000e+03 2.069493e+00
7.559000e+03 2.997904e+00
7.560000e+03 3.649158e+00
7.561000e+03 3.957350e+00
7.562000e+03 4.081720e+00
7.563000e+03 4.044639e+00
7.564000e+03 4.012375e+00
7.565000e+03 3.971387e+00
7.566000e+03 4.018211e+00
7.567000e+03 4.078647e+00
7.568000e+03 4.184453e+00
7.569000e+03 4.238742e+00
7.570000e+03 4.303276e+00
7.571000e+03 4.301703e+00
7.572000e+03 4.296775e+00
7.573000e+03 4.233429e+00
7.574000e+03 4.178693e+00
7.575000e+03 4.086133e+00
7.576000e+03 4.015227e+00
7.577000e+03 3.924211e+00
7.578000e+03 3.892605e+00
7.579000e+03 3.874780e+00
7.580000e+03 3.919805e+00
7.581000e+03 3.967836e+00
7.582000e+03 4.042154e+00
7.583000e+03 4.072587e+00
7.584000e+03 4.091068e+00
7.585000e+03 4.064661e+00
7.586000e+03 4.060881e+00
7.587000e+03 4.073468e+00
7.588000e+03 4.158236e+00
7.589000e+03 4.261423e+00
7.590000e+03 4.358897e+00
7.591000e+03 4.334318e+00
7.592000e+03 4.102613e+00
7.593000e+03 3.542209e+00
7.594000e+03 2.658509e+00
7.595000e+03 1.465423e+00
7.596000e+03 9.988874e-02
7.597000e+03 -1.270700e+00
7.598000e+03 -2.426077e+00
7.599000e+03 -3.208180e+00
7.600000e+03 -3.468717e+00
7.601000e+03 -3.180544e+00
7.602000e+03 -2.391243e+00
7.603000e+03 -1.235365e+00
7.604000e+03 1.182592e-01
7.605000e+03 1.456988e+00
7.606000e+03 2.590726e+00
7.607000e+03 3.355551e+00
7.608000e+03 3.640488e+00
7.609000e+03 3.402434e+00
7.610000e+03 2.663920e+00
7.611000e+03 1.521912e+00
7.612000e+03 1.289542e-01
7.613000e+03 -1.312738e+00
7.614000e+03 -2.596250e+00
7.615000e+03 -3.498457e+00
7.616000e+03 -3.878782e+00
7.617000e+03 -3.651925e+00
7.618000e+03 -2.830996e+00
7.619000e+03 -1.507762e+00
7.620000e+03 1.027534e-01
7.621000e+03 1.778055e+00
7.622000e+03 3.240711e+00
7.623000e+03 4.277073e+00
7.624000e+03 4.691619e+00
7.625000e+03 4.429147e+00
7.626000e+03 3.496197e+00
7.627000e+03 2.051499e+00
7.628000e+03 2.920722e-01
7.629000e+03 -1.478058e+00
7.630000e+03 -3.006945e+00
7.631000e+03 -4.024415e+00
7.632000e+03 -4.405553e+00
7.633000e+03 -4.075015e+00
7.634000e+03 -3.147400e+00
7.635000e+03 -1.770337e+00
7.636000e+03 -2.206976e-01
7.637000e+03 1.281935e+00
7.638000e+03 2.496480e+00
7.639000e+03 3.347231e+00
7.640000e+03 3.771449e+00
7.641000e+03 3.883778e+00
7.642000e+03 3.792190e+00
7.643000e+03 3.680250e+00
7.644000e+03 3.612789e+00
7.645000e+03 3.664837e+00
7.646000e+03 3.752484e+00
7.647000e+03 3.814752e+00
7.648000e+03 3.665152e+00
7.649000e+03 3.225417e+00
7.650000e+03 2.406073e+00
7.651000e+03 1.272451e+00
7.652000e+03 -1.075122e-01
7.653000e+03 -1.497839e+00
7.654000e+03 -2.729136e+00
7.655000e+03 -3.558620e+00
7.656000e+03 -3.866705e+00
7.657000e+03 -3.542059e+00
7.658000e+03 -2.666080e+00
7.659000e+03 -1.315651e+00
7.660000e+03 2.654249e-01
7.661000e+03 1.874785e+00
7.662000e+03 3.216725e+00
7.663000e+03 4.115082e+00
7.664000e+03 4.404578e+00
7.665000e+03 4.086726e+00
7.666000e+03 3.176974e+00
7.667000e+03 1.880542e+00
7.668000e+03 3.703408e-01
7.669000e+03 -1.096074e+00
7.670000e+03 -2.370233e+00
7.671000e+03 -3.297135e+00
7.672000e+03 -3.878636e+00
7.673000e+03 -4.121327e+00
7.674000e+03 -4.161405e+00
7.675000e+03 -4.074396e+00
7.676000e+03 -3.990141e+00
7.677000e+03 -3.923090e+00
7.678000e+03 -3.916877e+00
7.679000e+03 -3.922868e+00
7.680000e+03 -3.880089e+00
7.681000e+03 -3.908930e+00
7.682000e+03 -3.715194e+00
7.683000e+03 -3.655766e+00
7.684000e+03 -3.409741e+00
7.685000e+03 -3.365557e+00
7.686000e+03 -3.199099e+00
7.687000e+03 -3.279395e+00
7.688000e+03 -3.230513e+00
7.689000e+03 -3.398659e+00
7.690000e+03 -3.393881e+00
7.691000e+03 -3.554213e+00
7.692000e+03 -3.491622e+00
7.693000e+03 -3.575840e+00
7.694000e+03 -3.431610e+00
7.695000e+03 -3.445807e+00
7.696000e+03 -3.272510e+00
7.697000e+03 -3.321384e+00
7.698000e+03 -3.243196e+00
7.699000e+03 -3.447668e+00
7.700000e+03 -3.558023e+00
7.701000e+03 -3.912018e+00
7.702000e+03 -4.050398e+00
7.703000e+03 -4.253226e+00
7.704000e+03 -4.015502e+00
7.705000e+03 -3.614944e+00
7.706000e+03 -2.639884e+00
7.707000e+03 -1.504688e+00
7.708000e+03 5.261587e-02
7.709000e+03 1.464697e+00
7.710000e+03 2.884267e+00
7.711000e+03 3.726719e+00
7.712000e+03 4.204082e+00
7.713000e+03 3.878305e+00
7.714000e+03 3.145046e+00
7.715000e+03 1.770664e+00
7.716000e+03 3.176407e-01
7.717000e+03 -1.325136e+00
7.718000e+03 -2.559751e+00
7.719000e+03 -3.546860e+00
7.720000e+03 -3.812768e+00
7.721000e+03 -3.658230e+00
7.722000e+03 -2.813729e+00
7.723000e+03 -1.756609e+00
7.724000e+03 -3.345518e-01
7.725000e+03 9.327414e-01
7.726000e+03 2.194331e+00
7.727000e+03 3.024780e+00
7.728000e+03 3.702229e+00
7.729000e+03 3.938912e+00
7.730000e+03 4.096658e+00
7.731000e+03 3.973610e+00
7.732000e+03 3.933339e+00
7.733000e+03 3.743617e+00
7.734000e+03 3.712175e+00
7.735000e+03 3.575785e+00
7.736000e+03 3.600648e+00
7.737000e+03 3.527993e+00
7.738000e+03 3.612294e+00
7.739000e+03 3.610720e+00
7.740000e+03 3.758782e+00
7.741000e+03 3.820943e+00
7.742000e+03 3.995448e+00
7.743000e+03 4.039787e+00
7.744000e+03 4.155081e+00
7.745000e+03 4.136386e+00
7.746000e+03 4.177770e+00
7.747000e+03 4.115680e+00
7.748000e+03 4.144030e+00
7.749000e+03 4.087836e+00
7.750000e+03 4.108142e+00
7.751000e+03 4.040212e+00
7.752000e+03 4.014606e+00
7.753000e+03 3.903430e+00
7.754000e+03 3.864664e+00
7.755000e+03 3.805549e+00
7.756000e+03 3.868331e+00
7.757000e+03 3.959701e+00
7.758000e+03 4.162592e+00
7.759000e+03 4.349527e+00
7.760000e+03 4.529389e+00
7.761000e+03 4.587680e+00
7.762000e+03 4.568269e+00
7.763000e+03 4.418831e+00
7.764000e+03 4.226023e+00
7.765000e+03 4.018631e+00
7.766000e+03 3.879780e+00
7.767000e+03 3.822963e+00
7.768000e+03 3.860671e+00
7.769000e+03 3.960979e+00
7.770000e+03 4.068550e+00
7.771000e+03 4.153881e+00
7.772000e+03 4.160990e+00
7.773000e+03 4.114225e+00
7.774000e+03 3.988393e+00
7.775000e+03 3.867609e+00
7.776000e+03 3.732885e+00
7.777000e+03 3.679945e+00
7.778000e+03 3.643866e+00
7.779000e+03 3.704527e+00
7.780000e+03 3.744927e+00
7.781000e+03 3.835209e+00
7.782000e+03 3.838703e+00
7.783000e+03 3.847067e+00
7.784000e+03 3.740499e+00
7.785000e+03 3.677724e+00
7.786000e+03 3.547796e+00
7.787000e+03 3.540989e+00
7.788000e+03 3.531476e+00
7.789000e+03 3.673650e+00
7.790000e+03 3.748855e+00
7.791000e+03 3.841996e+00
7.792000e+03 3.655087e+00
7.793000e+03 3.266785e+00
7.794000e+03 2.410040e+00
7.795000e+03 1.291320e+00
7.796000e+03 -2.059935e-01
7.797000e+03 -1.692744e+00
7.798000e+03 -3.157147e+00
7.799000e+03 -4.123551e+00
7.800000e+03 -4.632613e+00
7.801000e+03 -4.344775e+00
7.802000e+03 -3.515847e+00
7.803000e+03 -2.037485e+00
7.804000e+03 -4.086640e-01
7.805000e+03 1.348793e+00
7.806000e+03 2.680354e+00
7.807000e+03 3.631788e+00
7.808000e+03 3.811985e+00
7.809000e+03 3.488677e+00
7.810000e+03 2.478731e+00
7.811000e+03 1.262185e+00
7.812000e+03 -2.237737e-01
7.813000e+03 -1.469091e+00
7.814000e+03 -2.611469e+00
7.815000e+03 -3.261731e+00
7.816000e+03 -3.730594e+00
7.817000e+03 -3.807398e+00
7.818000e+03 -3.929280e+00
7.819000e+03 -3.904220e+00
7.820000e+03 -4.135537e+00
7.821000e+03 -4.314547e+00
7.822000e+03 -4.677895e+00
7.823000e+03 -4.770434e+00
7.824000e+03 -4.758376e+00
7.825000e+03 -4.183731e+00
7.826000e+03 -3.312276e+00
7.827000e+03 -1.871086e+00
7.828000e+03 -3.327141e-01
7.829000e+03 1.407303e+00
7.830000e+03 2.764096e+00
7.831000e+03 3.819654e+00
7.832000e+03 4.097148e+00
7.833000e+03 3.874672e+00
7.834000e+03 2.879290e+00
7.835000e+03 1.600838e+00
7.836000e+03 -4.669212e-02
7.837000e+03 -1.492239e+00
7.838000e+03 -2.813874e+00
7.839000e+03 -3.523084e+00
7.840000e+03 -3.840810e+00
7.841000e+03 -3.452581e+00
7.842000e+03 -2.736175e+00
7.843000e+03 -1.542963e+00
7.844000e+03 -3.421955e-01
7.845000e+03 9.925263e-01
7.846000e+03 1.999058e+00
7.847000e+03 2.900657e+00
7.848000e+03 3.370855e+00
7.849000e+03 3.749212e+00
7.850000e+03 3.814989e+00
7.851000e+03 3.988433e+00
7.852000e+03 4.025406e+00
7.853000e+03 4.265604e+00
7.854000e+03 4.355610e+00
7.855000e+03 4.512391e+00
7.856000e+03 4.293733e+00
7.857000e+03 3.900529e+00
7.858000e+03 2.951471e+00
7.859000e+03 1.784413e+00
7.860000e+03 1.989126e-01
7.861000e+03 -1.299689e+00
7.862000e+03 -2.796536e+00
7.863000e+03 -3.744124e+00
7.864000e+03 -4.289938e+00
7.865000e+03 -4.041558e+00
7.866000e+03 -3.326625e+00
7.867000e+03 -1.959659e+00
7.868000e+03 -4.559474e-01
7.869000e+03 1.242383e+00
7.870000e+03 2.580974e+00
7.871000e+03 3.641369e+00
7.872000e+03 3.955122e+00
7.873000e+03 3.749758e+00
7.874000e+03 2.772820e+00
7.875000e+03 1.446289e+00
7.876000e+03 -2.946007e-01
7.877000e+03 -1.885874e+00
7.878000e+03 -3.323920e+00
7.879000e+03 -4.099901e+00
7.880000e+03 -4.355180e+00
7.881000e+03 -3.798426e+00
7.882000e+03 -2.804981e+00
7.883000e+03 -1.322394e+00
7.884000e+03 1.469383e-01
7.885000e+03 1.626840e+00
7.886000e+03 2.700790e+00
7.887000e+03 3.539310e+00
7.888000e+03 3.925005e+00
7.889000e+03 4.179273e+00
7.890000e+03 4.181477e+00
7.891000e+03 4.251751e+00
7.892000e+03 4.221899e+00
7.893000e+03 4.306362e+00
7.894000e+03 4.260131e+00
7.895000e+03 4.251191e+00
7.896000e+03 4.069100e+00
7.897000e+03 3.918332e+00
7.898000e+03 3.669837e+00
7.899000e+03 3.570462e+00
7.900000e+03 3.489913e+00
7.901000e+03 3.584854e+00
7.902000e+03 3.641061e+00
7.903000e+03 3.700025e+00
7.904000e+03 3.478090e+00
7.905000e+03 3.021290e+00
7.906000e+03 2.156960e+00
7.907000e+03 1.044921e+00
7.908000e+03 -3.113539e-01
7.909000e+03 -1.628165e+00
7.910000e+03 -2.836244e+00
7.911000e+03 -3.711221e+00
7.912000e+03 -4.286158e+00
7.913000e+03 -4.492599e+00
7.914000e+03 -4.499399e+00
7.915000e+03 -4.360757e+00
7.916000e+03 -4.241241e+00
7.917000e+03 -4.141752e+00
7.918000e+03 -4.105813e+00
7.919000e+03 -4.011836e+00
7.920000e+03 -3.773859e+00
7.921000e+03 -3.264804e+00
7.922000e+03 -2.437537e+00
7.923000e+03 -1.285112e+00
7.924000e+03 8.391595e-02
7.925000e+03 1.493232e+00
7.926000e+03 2.746642e+00
7.927000e+03 3.621275e+00
7.928000e+03 3.977030e+00
7.929000e+03 3.711722e+00
7.930000e+03 2.894620e+00
7.931000e+03 1.594609e+00
7.932000e+03 6.313661e-02
7.933000e+03 -1.528291e+00
7.934000e+03 -2.879768e+00
7.935000e+03 -3.851833e+00
7.936000e+03 -4.231013e+00
7.937000e+03 -4.056468e+00
7.938000e+03 -3.256619e+00
7.939000e+03 -2.049737e+00
7.940000e+03 -5.309228e-01
7.941000e+03 9.553348e-01
7.942000e+03 2.291653e+00
7.943000e+03 3.128684e+00
7.944000e+03 3.456612e+00
7.945000e+03 3.105772e+00
7.946000e+03 2.282518e+00
7.947000e+03 9.943792e-01
7.948000e+03 -3.705204e-01
7.949000e+03 -1.742014e+00
7.950000e+03 -2.771051e+00
7.951000e+03 -3.534174e+00
7.952000e+03 -3.839870e+00
7.953000e+03 -3.956289e+00
7.954000e+03 -3.824465e+00
7.955000e+03 -3.757758e+00
7.956000e+03 -3.637903e+00
7.957000e+03 -3.701880e+00
7.958000e+03 -3.719484e+00
7.959000e+03 -3.854714e+00
7.960000e+03 -3.839108e+00
7.961000e+03 -3.886985e+00
7.962000e+03 -3.786098e+00
7.963000e+03 -3.797403e+00
7.964000e+03 -3.722974e+00
7.965000e+03 -3.815129e+00
7.966000e+03 -3.816509e+00
7.967000e+03 -3.938645e+00
7.968000e+03 -3.898843e+00
7.969000e+03 -3.936105e+00
7.970000e+03 -3.820152e+00
7.971000e+03 -3.850067e+00
7.972000e+03 -3.806771e+00
7.973000e+03 -3.963942e+00
7.974000e+03 -4.008003e+00
7.975000e+03 -4.099180e+00
7.976000e+03 -3.845281e+00
7.977000e+03 -3.400484e+00
7.978000e+03 -2.437705e+00
7.979000e+03 -1.279917e+00
7.980000e+03 2.057043e-01
7.981000e+03 1.545561e+00
7.982000e+03 2.804070e+00
7.983000e+03 3.563061e+00
7.984000e+03 4.063647e+00
7.985000e+03 4.089067e+00
7.986000e+03 4.062614e+00
7.987000e+03 3.885227e+00
7.988000e+03 3.954459e+00
7.989000e+03 4.025061e+00
7.990000e+03 4.304210e+00
7.991000e+03 4.356172e+00
7.992000e+03 4.277327e+00
7.993000e+03 3.669488e+00
7.994000e+03 2.757943e+00
7.995000e+03 1.343150e+00
7.996000e+03 -1.311879e-01
7.997000e+03 -1.708260e+00
7.998000e+03 -2.928069e+00
7.999000e+03 -3.920189e+00
8.000000e+03 -4.376548e+00
8.001000e+03 -4.611009e+00
8.002000e+03 -4.504238e+00
8.003000e+03 -4.420451e+00
8.004000e+03 -4.229592e+00
8.005000e+03 -4.223260e+00
8.006000e+03 -4.172831e+00
8.007000e+03 -4.264829e+00
8.008000e+03 -4.241779e+00
8.009000e+03 -4.314819e+00
8.010000e+03 -4.274750e+00
8.011000e+03 -4.359528e+00
8.012000e+03 -4.388095e+00
8.013000e+03 -4.554559e+00
8.014000e+03 -4.599337e+00
8.015000e+03 -4.612171e+00
8.016000e+03 -4.301165e+00
8.017000e+03 -3.760679e+00
8.018000e+03 -2.775057e+00
8.019000e+03 -1.577914e+00
8.020000e+03 -1.304672e-01
8.021000e+03 1.228832e+00
8.022000e+03 2.479850e+00
8.023000e+03 3.338156e+00
8.024000e+03 3.902716e+00
8.025000e+03 4.070092e+00
8.026000e+03 4.086897e+00
8.027000e+03 3.962790e+00
8.028000e+03 3.939762e+00
8.029000e+03 3.954233e+00
8.030000e+03 4.088435e+00
8.031000e+03 4.129256e+00
8.032000e+03 4.043805e+00
8.033000e+03 3.604132e+00
8.034000e+03 2.824992e+00
8.035000e+03 1.649084e+00
8.036000e+03 2.720506e-01
8.037000e+03 -1.197600e+00
8.038000e+03 -2.491962e+00
8.039000e+03 -3.500931e+00
8.040000e+03 -4.097621e+00
8.041000e+03 -4.351475e+00
8.042000e+03 -4.319262e+00
8.043000e+03 -4.180795e+00
8.044000e+03 -4.040874e+00
8.045000e+03 -3.986575e+00
8.046000e+03 -3.988952e+00
8.047000e+03 -3.949468e+00
8.048000e+03 -3.738979e+00
8.049000e+03 -3.242634e+00
8.050000e+03 -2.412586e+00
8.051000e+03 -1.264629e+00
8.052000e+03 4.687893e-02
8.053000e+03 1.388114e+00
8.054000e+03 2.557100e+00
8.055000e+03 3.471924e+00
8.056000e+03 4.030515e+00
8.057000e+03 4.331410e+00
8.058000e+03 4.388450e+00
8.059000e+03 4.366355e+00
8.060000e+03 4.276634e+00
8.061000e+03 4.243740e+00
8.062000e+03 4.179892e+00
8.063000e+03 4.164317e+00
8.064000e+03 4.065937e+00
8.065000e+03 3.973154e+00
8.066000e+03 3.786973e+00
8.067000e+03 3.651792e+00
8.068000e+03 3.469195e+00
8.069000e+03 3.402108e+00
8.070000e+03 3.319820e+00
8.071000e+03 3.356393e+00
8.072000e+03 3.361207e+00
8.073000e+03 3.468275e+00
8.074000e+03 3.504374e+00
8.075000e+03 3.638789e+00
8.076000e+03 3.704157e+00
8.077000e+03 3.870310e+00
8.078000e+03 3.958591e+00
8.079000e+03 4.134403e+00
8.080000e+03 4.188361e+00
8.081000e+03 4.298623e+00
8.082000e+03 4.257125e+00
8.083000e+03 4.256466e+00
8.084000e+03 4.104195e+00
8.085000e+03 4.026901e+00
8.086000e+03 3.825134e+00
8.087000e+03 3.743267e+00
8.088000e+03 3.586538e+00
8.089000e+03 3.582184e+00
8.090000e+03 3.513724e+00
8.091000e+03 3.617755e+00
8.092000e+03 3.642302e+00
8.093000e+03 3.797495e+00
8.094000e+03 3.822024e+00
8.095000e+03 3.945277e+00
8.096000e+03 3.910305e+00
8.097000e+03 3.977986e+00
8.098000e+03 3.938996e+00
8.099000e+03 4.070374e+00
8.100000e+03 4.131414e+00
8.101000e+03 4.359073e+00
8.102000e+03 4.430994e+00
8.103000e+03 4.497076e+00
8.104000e+03 4.186865e+00
8.105000e+03 3.675584e+00
8.106000e+03 2.667349e+00
8.107000e+03 1.475226e+00
8.108000e+03 -2.565837e-02
8.109000e+03 -1.385541e+00
8.110000e+03 -2.679059e+00
8.111000e+03 -3.513470e+00
8.112000e+03 -4.090453e+00
8.113000e+03 -4.188276e+00
8.114000e+03 -4.202455e+00
8.115000e+03 -4.022987e+00
8.116000e+03 -4.030429e+00
8.117000e+03 -4.026329e+00
8.118000e+03 -4.232666e+00
8.119000e+03 -4.263081e+00
8.120000e+03 -4.220561e+00
8.121000e+03 -3.731093e+00
8.122000e+03 -2.983543e+00
8.123000e+03 -1.769510e+00
8.124000e+03 -4.858633e-01
8.125000e+03 9.225099e-01
8.126000e+03 2.023525e+00
8.127000e+03 2.924988e+00
8.128000e+03 3.333813e+00
8.129000e+03 3.539738e+00
8.130000e+03 3.423982e+00
8.131000e+03 3.341655e+00
8.132000e+03 3.172001e+00
8.133000e+03 3.201044e+00
8.134000e+03 3.201351e+00
8.135000e+03 3.350316e+00
8.136000e+03 3.394456e+00
8.137000e+03 3.518923e+00
8.138000e+03 3.506998e+00
8.139000e+03 3.592080e+00
8.140000e+03 3.603240e+00
8.141000e+03 3.747092e+00
8.142000e+03 3.827431e+00
8.143000e+03 3.988303e+00
8.144000e+03 4.011495e+00
8.145000e+03 4.071749e+00
8.146000e+03 4.002298e+00
8.147000e+03 4.000710e+00
8.148000e+03 3.953298e+00
8.149000e+03 4.032700e+00
8.150000e+03 4.052737e+00
8.151000e+03 4.075953e+00
8.152000e+03 3.846346e+00
8.153000e+03 3.393232e+00
8.154000e+03 2.527775e+00
8.155000e+03 1.399219e+00
8.156000e+03 7.280111e-04
8.157000e+03 -1.383888e+00
8.158000e+03 -2.683108e+00
8.159000e+03 -3.647979e+00
8.160000e+03 -4.293420e+00
8.161000e+03 -4.581258e+00
8.162000e+03 -4.637430e+00
8.163000e+03 -4.545944e+00
8.164000e+03 -4.433640e+00
8.165000e+03 -4.347495e+00
8.166000e+03 -4.311646e+00
8.167000e+03 -4.281046e+00
8.168000e+03 -4.223962e+00
8.169000e+03 -4.125352e+00
8.170000e+03 -3.973407e+00
8.171000e+03 -3.805149e+00
8.172000e+03 -3.649183e+00
8.173000e+03 -3.550219e+00
8.174000e+03 -3.496062e+00
8.175000e+03 -3.490209e+00
8.176000e+03 -3.474008e+00
8.177000e+03 -3.472785e+00
8.178000e+03 -3.449428e+00
8.179000e+03 -3.463815e+00
8.180000e+03 -3.505906e+00
8.181000e+03 -3.632510e+00
8.182000e+03 -3.751763e+00
8.183000e+03 -3.845267e+00
8.184000e+03 -3.740935e+00
8.185000e+03 -3.366085e+00
8.186000e+03 -2.586550e+00
8.187000e+03 -1.474379e+00
8.188000e+03 -5.491371e-02
8.189000e+03 1.413422e+00
8.190000e+03 2.757229e+00
8.191000e+03 3.657030e+00
8.192000e+03 4.016355e+00
8.193000e+03 3.683797e+00
8.194000e+03 2.783716e+00
8.195000e+03 1.402916e+00
8.196000e+03 -1.409559e-01
8.197000e+03 -1.689202e+00
8.198000e+03 -2.942582e+00
8.199000e+03 -3.863741e+00
8.200000e+03 -4.358903e+00
8.201000e+03 -4.579467e+00
8.202000e+03 -4.557620e+00
8.203000e+03 -4.523238e+00
8.204000e+03 -4.483400e+00
8.205000e+03 -4.551409e+00
8.206000e+03 -4.589009e+00
8.207000e+03 -4.568078e+00
8.208000e+03 -4.287892e+00
8.209000e+03 -3.733458e+00
8.210000e+03 -2.764859e+00
8.211000e+03 -1.511161e+00
8.212000e+03 -1.118112e-02
8.213000e+03 1.477524e+00
8.214000e+03 2.830412e+00
8.215000e+03 3.771232e+00
8.216000e+03 4.229950e+00
8.217000e+03 4.057307e+00
8.218000e+03 3.340490e+00
8.219000e+03 2.104324e+00
8.220000e+03 5.955735e-01
8.221000e+03 -1.025801e+00
8.222000e+03 -2.444924e+00
8.223000e+03 -3.506592e+00
8.224000e+03 -3.974593e+00
8.225000e+03 -3.823956e+00
8.226000e+03 -3.037046e+00
8.227000e+03 -1.797155e+00
8.228000e+03 -2.574146e-01
8.229000e+03 1.290581e+00
8.230000e+03 2.675098e+00
8.231000e+03 3.700579e+00
8.232000e+03 4.332451e+00
8.233000e+03 4.566778e+00
8.234000e+03 4.535013e+00
8.235000e+03 4.333489e+00
8.236000e+03 4.101335e+00
8.237000e+03 3.905273e+00
8.238000e+03 3.783502e+00
8.239000e+03 3.724261e+00
8.240000e+03 3.712092e+00
8.241000e+03 3.714950e+00
8.242000e+03 3.726548e+00
8.243000e+03 3.778024e+00
8.244000e+03 3.864104e+00
8.245000e+03 3.999186e+00
8.246000e+03 4.108990e+00
8.247000e+03 4.142205e+00
8.248000e+03 3.961920e+00
8.249000e+03 3.488740e+00
8.250000e+03 2.620536e+00
8.251000e+03 1.429654e+00
8.252000e+03 -3.826107e-02
8.253000e+03 -1.532972e+00
8.254000e+03 -2.886922e+00
8.255000e+03 -3.803354e+00
8.256000e+03 -4.182740e+00
8.257000e+03 -3.870886e+00
8.258000e+03 -3.013215e+00
8.259000e+03 -1.668249e+00
8.260000e+03 -1.660770e-01
8.261000e+03 1.347031e+00
8.262000e+03 2.555004e+00
8.263000e+03 3.445074e+00
8.264000e+03 3.862357e+00
8.265000e+03 4.016858e+00
8.266000e+03 3.909491e+00
8.267000e+03 3.821994e+00
8.268000e+03 3.722803e+00
8.269000e+03 3.803459e+00
8.270000e+03 3.853047e+00
8.271000e+03 3.918666e+00
8.272000e+03 3.681498e+00
8.273000e+03 3.198699e+00
8.274000e+03 2.244960e+00
8.275000e+03 1.060050e+00
8.276000e+03 -4.038142e-01
8.277000e+03 -1.745747e+00
8.278000e+03 -2.979178e+00
8.279000e+03 -3.741403e+00
8.280000e+03 -4.206721e+00
8.281000e+03 -4.226638e+00
8.282000e+03 -4.158019e+00
8.283000e+03 -3.927939e+00
8.284000e+03 -3.913022e+00
8.285000e+03 -3.917867e+00
8.286000e+03 -4.143052e+00
8.287000e+03 -4.200369e+00
8.288000e+03 -4.183064e+00
8.289000e+03 -3.677681e+00
8.290000e+03 -2.879076e+00
8.291000e+03 -1.547005e+00
8.292000e+03 -1.064477e-01
8.293000e+03 1.509307e+00
8.294000e+03 2.746818e+00
8.295000e+03 3.681450e+00
8.296000e+03 3.880382e+00
8.297000e+03 3.605236e+00
8.298000e+03 2.621893e+00
8.299000e+03 1.424858e+00
8.300000e+03 -8.729839e-02
8.301000e+03 -1.372738e+00
8.302000e+03 -2.585921e+00
8.303000e+03 -3.296820e+00
8.304000e+03 -3.817353e+00
8.305000e+03 -3.880307e+00
8.306000e+03 -3.942740e+00
8.307000e+03 -3.773359e+00
8.308000e+03 -3.814482e+00
8.309000e+03 -3.748276e+00
8.310000e+03 -3.894260e+00
8.311000e+03 -3.801483e+00
8.312000e+03 -3.715144e+00
8.313000e+03 -3.164587e+00
8.314000e+03 -2.463720e+00
8.315000e+03 -1.268217e+00
8.316000e+03 -5.500801e-02
8.317000e+03 1.380566e+00
8.318000e+03 2.457783e+00
8.319000e+03 3.364706e+00
8.320000e+03 3.639369e+00
8.321000e+03 3.374101e+00
8.322000e+03 2.616994e+00
8.323000e+03 1.403125e+00
8.324000e+03 -4.690647e-03
8.325000e+03 -1.485335e+00
8.326000e+03 -2.730394e+00
8.327000e+03 -3.652840e+00
8.328000e+03 -4.015781e+00
8.329000e+03 -3.867883e+00
8.330000e+03 -3.119292e+00
8.331000e+03 -1.989098e+00
8.332000e+03 -5.233302e-01
8.333000e+03 9.328961e-01
8.334000e+03 2.294578e+00
8.335000e+03 3.219174e+00
8.336000e+03 3.691359e+00
8.337000e+03 3.509835e+00
8.338000e+03 2.860853e+00
8.339000e+03 1.699333e+00
8.340000e+03 3.733834e-01
8.341000e+03 -1.068034e+00
8.342000e+03 -2.257821e+00
8.343000e+03 -3.244807e+00
8.344000e+03 -3.800817e+00
8.345000e+03 -4.128069e+00
8.346000e+03 -4.134875e+00
8.347000e+03 -4.133679e+00
8.348000e+03 -4.014261e+00
8.349000e+03 -4.020993e+00
8.350000e+03 -3.921525e+00
8.351000e+03 -3.842342e+00
8.352000e+03 -3.462671e+00
8.353000e+03 -2.916988e+00
8.354000e+03 -1.953706e+00
8.355000e+03 -8.536581e-01
8.356000e+03 4.892940e-01
8.357000e+03 1.679487e+00
8.358000e+03 2.799152e+00
8.359000e+03 3.491607e+00
8.360000e+03 3.986356e+00
8.361000e+03 4.089669e+00
8.362000e+03 4.156987e+00
8.363000e+03 4.057147e+00
8.364000e+03 4.141416e+00
8.365000e+03 4.165876e+00
8.366000e+03 4.347340e+00
8.367000e+03 4.292078e+00
8.368000e+03 4.140349e+00
8.369000e+03 3.507763e+00
8.370000e+03 2.622521e+00
8.371000e+03 1.247463e+00
8.372000e+03 -1.901592e-01
8.373000e+03 -1.775967e+00
8.374000e+03 -2.991017e+00
8.375000e+03 -3.930768e+00
8.376000e+03 -4.155287e+00
8.377000e+03 -3.922536e+00
8.378000e+03 -2.998998e+00
8.379000e+03 -1.830519e+00
8.380000e+03 -3.077209e-01
8.381000e+03 1.057301e+00
8.382000e+03 2.403295e+00
8.383000e+03 3.301268e+00
8.384000e+03 4.028295e+00
8.385000e+03 4.302258e+00
8.386000e+03 4.500771e+00
8.387000e+03 4.398151e+00
8.388000e+03 4.397220e+00
8.389000e+03 4.231427e+00
8.390000e+03 4.255446e+00
8.391000e+03 4.156693e+00
8.392000e+03 4.237003e+00
8.393000e+03 4.162220e+00
8.394000e+03 4.248175e+00
8.395000e+03 4.154203e+00
8.396000e+03 4.198471e+00
8.397000e+03 4.060335e+00
8.398000e+03 4.069816e+00
8.399000e+03 3.916778e+00
8.400000e+03 3.936700e+00
8.401000e+03 3.824480e+00
8.402000e+03 3.912700e+00
8.403000e+03 3.875447e+00
8.404000e+03 4.014044e+00
8.405000e+03 3.983918e+00
8.406000e+03 4.068921e+00
8.407000e+03 3.922684e+00
8.408000e+03 3.877651e+00
8.409000e+03 3.655332e+00
8.410000e+03 3.612852e+00
8.411000e+03 3.503584e+00
8.412000e+03 3.678549e+00
8.413000e+03 3.809637e+00
8.414000e+03 4.133136e+00
8.415000e+03 4.237402e+00
8.416000e+03 4.278226e+00
8.417000e+03 3.822578e+00
8.418000e+03 3.112826e+00
8.419000e+03 1.875276e+00
8.420000e+03 5.173288e-01
8.421000e+03 -1.051906e+00
8.422000e+03 -2.314351e+00
8.423000e+03 -3.321580e+00
8.424000e+03 -3.626467e+00
8.425000e+03 -3.457931e+00
8.426000e+03 -2.580544e+00
8.427000e+03 -1.408862e+00
8.428000e+03 1.081837e-01
8.429000e+03 1.474384e+00
8.430000e+03 2.753239e+00
8.431000e+03 3.568727e+00
8.432000e+03 4.145579e+00
8.433000e+03 4.277712e+00
8.434000e+03 4.333571e+00
8.435000e+03 4.201526e+00
8.436000e+03 4.223082e+00
8.437000e+03 4.203752e+00
8.438000e+03 4.337296e+00
8.439000e+03 4.299965e+00
8.440000e+03 4.190694e+00
8.441000e+03 3.655569e+00
8.442000e+03 2.845440e+00
8.443000e+03 1.576586e+00
8.444000e+03 1.635745e-01
8.445000e+03 -1.400993e+00
8.446000e+03 -2.674897e+00
8.447000e+03 -3.636990e+00
8.448000e+03 -3.943036e+00
8.449000e+03 -3.704615e+00
8.450000e+03 -2.793785e+00
8.451000e+03 -1.547808e+00
8.452000e+03 -3.644943e-03
8.453000e+03 1.434524e+00
8.454000e+03 2.727657e+00
8.455000e+03 3.605285e+00
8.456000e+03 4.182453e+00
8.457000e+03 4.356605e+00
8.458000e+03 4.392707e+00
8.459000e+03 4.275990e+00
8.460000e+03 4.229818e+00
8.461000e+03 4.160489e+00
8.462000e+03 4.158719e+00
8.463000e+03 4.009638e+00
8.464000e+03 3.703210e+00
8.465000e+03 3.037019e+00
8.466000e+03 2.080447e+00
8.467000e+03 7.694896e-01
8.468000e+03 -6.702925e-01
8.469000e+03 -2.142324e+00
8.470000e+03 -3.344072e+00
8.471000e+03 -4.162948e+00
8.472000e+03 -4.400522e+00
8.473000e+03 -4.079247e+00
8.474000e+03 -3.169730e+00
8.475000e+03 -1.870851e+00
8.476000e+03 -3.146391e-01
8.477000e+03 1.217765e+00
8.478000e+03 2.554325e+00
8.479000e+03 3.454278e+00
8.480000e+03 3.819177e+00
8.481000e+03 3.532671e+00
8.482000e+03 2.737741e+00
8.483000e+03 1.467073e+00
8.484000e+03 2.147770e-02
8.485000e+03 -1.449712e+00
8.486000e+03 -2.658766e+00
8.487000e+03 -3.555043e+00
8.488000e+03 -4.018967e+00
8.489000e+03 -4.198612e+00
8.490000e+03 -4.160193e+00
8.491000e+03 -4.120368e+00
8.492000e+03 -4.122614e+00
8.493000e+03 -4.255908e+00
8.494000e+03 -4.388548e+00
8.495000e+03 -4.453962e+00
8.496000e+03 -4.234291e+00
8.497000e+03 -3.663468e+00
8.498000e+03 -2.674582e+00
8.499000e+03 -1.395697e+00
8.500000e+03 6.495905e-02
8.501000e+03 1.455248e+00
8.502000e+03 2.645040e+00
8.503000e+03 3.487463e+00
8.504000e+03 3.985023e+00
8.505000e+03 4.160854e+00
8.506000e+03 4.164523e+00
8.507000e+03 4.063639e+00
8.508000e+03 3.968454e+00
8.509000e+03 3.894031e+00
8.510000e+03 3.864964e+00
8.511000e+03 3.828202e+00
8.512000e+03 3.797272e+00
8.513000e+03 3.742228e+00
8.514000e+03 3.693199e+00
8.515000e+03 3.656168e+00
8.516000e+03 3.666771e+00
8.517000e+03 3.710145e+00
8.518000e+03 3.790430e+00
8.519000e+03 3.864755e+00
8.520000e+03 3.936300e+00
8.521000e+03 3.988596e+00
8.522000e+03 4.033924e+00
8.523000e+03 4.075243e+00
8.524000e+03 4.136184e+00
8.525000e+03 4.198464e+00
8.526000e+03 4.255208e+00
8.527000e+03 4.270669e+00
8.528000e+03 4.239825e+00
8.529000e+03 4.160933e+00
8.530000e+03 4.070321e+00
8.531000e+03 3.994786e+00
8.532000e+03 3.971478e+00
8.533000e+03 3.985186e+00
8.534000e+03 3.996511e+00
8.535000e+03 3.899493e+00
8.536000e+03 3.591218e+00
8.537000e+03 2.983026e+00
8.538000e+03 2.053975e+00
8.539000e+03 8.394643e-01
8.540000e+03 -5.107841e-01
8.541000e+03 -1.835697e+00
8.542000e+03 -2.951735e+00
8.543000e+03 -3.737784e+00
8.544000e+03 -4.136080e+00
8.545000e+03 -4.229471e+00
8.546000e+03 -4.119587e+00
8.547000e+03 -3.968229e+00
8.548000e+03 -3.889699e+00
8.549000e+03 -3.954407e+00
8.550000e+03 -4.109628e+00
8.551000e+03 -4.271266e+00
8.552000e+03 -4.253310e+00
8.553000e+03 -3.940874e+00
8.554000e+03 -3.226274e+00
8.555000e+03 -2.140321e+00
8.556000e+03 -7.592984e-01
8.557000e+03 6.896444e-01
8.558000e+03 2.007487e+00
8.559000e+03 2.930253e+00
8.560000e+03 3.333865e+00
8.561000e+03 3.108047e+00
8.562000e+03 2.340634e+00
8.563000e+03 1.134603e+00
8.564000e+03 -2.489001e-01
8.565000e+03 -1.625045e+00
8.566000e+03 -2.747190e+00
8.567000e+03 -3.557470e+00
8.568000e+03 -3.960215e+00
8.569000e+03 -4.073262e+00
8.570000e+03 -3.962883e+00
8.571000e+03 -3.822860e+00
8.572000e+03 -3.691892e+00
8.573000e+03 -3.705446e+00
8.574000e+03 -3.792429e+00
8.575000e+03 -3.989737e+00
8.576000e+03 -4.155982e+00
8.577000e+03 -4.315916e+00
8.578000e+03 -4.354208e+00
8.579000e+03 -4.352231e+00
8.580000e+03 -4.238776e+00
8.581000e+03 -4.129954e+00
8.582000e+03 -3.946130e+00
8.583000e+03 -3.814636e+00
8.584000e+03 -3.650326e+00
8.585000e+03 -3.566164e+00
8.586000e+03 -3.481541e+00
8.587000e+03 -3.537332e+00
8.588000e+03 -3.614843e+00
8.589000e+03 -3.813116e+00
8.590000e+03 -3.948676e+00
8.591000e+03 -4.041254e+00
8.592000e+03 -3.852125e+00
8.593000e+03 -3.431745e+00
8.594000e+03 -2.597848e+00
8.595000e+03 -1.519817e+00
8.596000e+03 -1.671978e-01
8.597000e+03 1.163345e+00
8.598000e+03 2.446317e+00
8.599000e+03 3.391068e+00
8.600000e+03 4.092834e+00
8.601000e+03 4.385486e+00
8.602000e+03 4.487167e+00
8.603000e+03 4.341650e+00
8.604000e+03 4.219445e+00
8.605000e+03 4.021795e+00
8.606000e+03 3.962181e+00
8.607000e+03 3.867691e+00
8.608000e+03 3.897735e+00
8.609000e+03 3.844723e+00
8.610000e+03 3.884071e+00
8.611000e+03 3.825238e+00
8.612000e+03 3.872225e+00
8.613000e+03 3.840539e+00
8.614000e+03 3.943713e+00
8.615000e+03 3.983340e+00
8.616000e+03 4.144409e+00
8.617000e+03 4.200994e+00
8.618000e+03 4.350266e+00
8.619000e+03 4.357911e+00
8.620000e+03 4.427931e+00
8.621000e+03 4.347640e+00
8.622000e+03 4.347908e+00
8.623000e+03 4.212198e+00
8.624000e+03 4.189569e+00
8.625000e+03 4.069034e+00
8.626000e+03 4.080349e+00
8.627000e+03 3.990971e+00
8.628000e+03 4.031599e+00
8.629000e+03 3.943800e+00
8.630000e+03 3.964540e+00
8.631000e+03 3.854080e+00
8.632000e+03 3.870766e+00
8.633000e+03 3.805650e+00
8.634000e+03 3.952479e+00
8.635000e+03 4.079177e+00
8.636000e+03 4.428616e+00
8.637000e+03 4.693773e+00
8.638000e+03 5.030116e+00
8.639000e+03 5.050900e+00
8.640000e+03 4.828615e+00
8.641000e+03 4.239438e+00
8.642000e+03 3.132069e+00
8.643000e+03 1.763382e+00
8.644000e+03 1.026083e-01
8.645000e+03 -1.446268e+00
8.646000e+03 -2.827161e+00
8.647000e+03 -3.653955e+00
8.648000e+03 -3.986162e+00
8.649000e+03 -3.596285e+00
8.650000e+03 -2.743112e+00
8.651000e+03 -1.416942e+00
8.652000e+03 -1.780510e-03
8.653000e+03 1.463428e+00
8.654000e+03 2.625275e+00
8.655000e+03 3.547840e+00
8.656000e+03 4.033811e+00
8.657000e+03 4.295854e+00
8.658000e+03 4.256928e+00
8.659000e+03 4.184802e+00
8.660000e+03 4.003654e+00
8.661000e+03 3.917385e+00
8.662000e+03 3.783332e+00
8.663000e+03 3.741756e+00
8.664000e+03 3.628462e+00
8.665000e+03 3.583699e+00
8.666000e+03 3.484605e+00
8.667000e+03 3.499362e+00
8.668000e+03 3.512525e+00
8.669000e+03 3.642727e+00
8.670000e+03 3.702889e+00
8.671000e+03 3.725181e+00
8.672000e+03 3.480346e+00
8.673000e+03 2.983585e+00
8.674000e+03 2.099789e+00
8.675000e+03 9.841933e-01
8.676000e+03 -3.422921e-01
8.677000e+03 -1.613867e+00
8.678000e+03 -2.750404e+00
8.679000e+03 -3.543211e+00
8.680000e+03 -4.026355e+00
8.681000e+03 -4.164360e+00
8.682000e+03 -4.129241e+00
8.683000e+03 -3.974455e+00
8.684000e+03 -3.862582e+00
8.685000e+03 -3.797128e+00
8.686000e+03 -3.823423e+00
8.687000e+03 -3.864684e+00
8.688000e+03 -3.928007e+00
8.689000e+03 -3.949290e+00
8.690000e+03 -3.956811e+00
8.691000e+03 -3.959111e+00
8.692000e+03 -3.998666e+00
8.693000e+03 -4.071272e+00
8.694000e+03 -4.160751e+00
8.695000e+03 -4.237987e+00
8.696000e+03 -4.261465e+00
8.697000e+03 -4.223763e+00
8.698000e+03 -4.129256e+00
8.699000e+03 -4.056895e+00
8.700000e+03 -4.020860e+00
8.701000e+03 -4.081496e+00
8.702000e+03 -4.149694e+00
8.703000e+03 -4.178864e+00
8.704000e+03 -3.986767e+00
8.705000e+03 -3.504767e+00
8.706000e+03 -2.600828e+00
8.707000e+03 -1.393449e+00
8.708000e+03 6.722927e-02
8.709000e+03 1.501721e+00
8.710000e+03 2.793411e+00
8.711000e+03 3.683622e+00
8.712000e+03 4.227995e+00
8.713000e+03 4.366639e+00
8.714000e+03 4.330405e+00
8.715000e+03 4.142683e+00
8.716000e+03 4.056566e+00
8.717000e+03 3.989095e+00
8.718000e+03 4.064055e+00
8.719000e+03 4.088814e+00
8.720000e+03 4.172514e+00
8.721000e+03 4.132228e+00
8.722000e+03 4.159636e+00
8.723000e+03 4.143411e+00
8.724000e+03 4.295207e+00
8.725000e+03 4.426385e+00
8.726000e+03 4.645597e+00
8.727000e+03 4.628292e+00
8.728000e+03 4.425299e+00
8.729000e+03 3.728596e+00
8.730000e+03 2.724636e+00
8.731000e+03 1.294158e+00
8.732000e+03 -1.693397e-01
8.733000e+03 -1.665515e+00
8.734000e+03 -2.775368e+00
8.735000e+03 -3.627302e+00
8.736000e+03 -3.974996e+00
8.737000e+03 -4.135371e+00
8.738000e+03 -4.017829e+00
8.739000e+03 -4.007809e+00
8.740000e+03 -3.940305e+00
8.741000e+03 -4.099295e+00
8.742000e+03 -4.195058e+00
8.743000e+03 -4.417794e+00
8.744000e+03 -4.447577e+00
8.745000e+03 -4.527783e+00
8.746000e+03 -4.389918e+00
8.747000e+03 -4.349287e+00
8.748000e+03 -4.178723e+00
8.749000e+03 -4.196545e+00
8.750000e+03 -4.130660e+00
8.751000e+03 -4.239095e+00
8.752000e+03 -4.213033e+00
8.753000e+03 -4.321367e+00
8.754000e+03 -4.243945e+00
8.755000e+03 -4.281412e+00
8.756000e+03 -4.158612e+00
8.757000e+03 -4.192683e+00
8.758000e+03 -4.099857e+00
8.759000e+03 -4.189642e+00
8.760000e+03 -4.170700e+00
8.761000e+03 -4.331989e+00
8.762000e+03 -4.343013e+00
8.763000e+03 -4.500443e+00
8.764000e+03 -4.475121e+00
8.765000e+03 -4.551661e+00
8.766000e+03 -4.418558e+00
8.767000e+03 -4.386157e+00
8.768000e+03 -4.154912e+00
8.769000e+03 -4.063365e+00
8.770000e+03 -3.837044e+00
8.771000e+03 -3.800865e+00
8.772000e+03 -3.659210e+00
8.773000e+03 -3.719793e+00
8.774000e+03 -3.667851e+00
8.775000e+03 -3.785242e+00
8.776000e+03 -3.752963e+00
8.777000e+03 -3.882821e+00
8.778000e+03 -3.876690e+00
8.779000e+03 -4.037551e+00
8.780000e+03 -4.070044e+00
8.781000e+03 -4.247526e+00
8.782000e+03 -4.250796e+00
8.783000e+03 -4.351906e+00
8.784000e+03 -4.235660e+00
8.785000e+03 -4.212627e+00
8.786000e+03 -4.049377e+00
8.787000e+03 -4.081512e+00
8.788000e+03 -4.061706e+00
8.789000e+03 -4.271066e+00
8.790000e+03 -4.366051e+00
8.791000e+03 -4.491000e+00
8.792000e+03 -4.243540e+00
8.793000e+03 -3.776728e+00
8.794000e+03 -2.769256e+00
8.795000e+03 -1.531467e+00
8.796000e+03 3.981566e-02
8.797000e+03 1.492954e+00
8.798000e+03 2.863158e+00
8.799000e+03 3.749395e+00
8.800000e+03 4.349295e+00
8.801000e+03 4.385483e+00
8.802000e+03 4.359559e+00
8.803000e+03 4.027199e+00
8.804000e+03 3.921198e+00
8.805000e+03 3.726779e+00
8.806000e+03 3.847534e+00
8.807000e+03 3.858834e+00
8.808000e+03 4.071801e+00
8.809000e+03 4.069387e+00
8.810000e+03 4.212043e+00
8.811000e+03 4.153792e+00
8.812000e+03 4.292138e+00
8.813000e+03 4.292302e+00
8.814000e+03 4.484712e+00
8.815000e+03 4.462369e+00
8.816000e+03 4.443121e+00
8.817000e+03 3.984510e+00
8.818000e+03 3.341264e+00
8.819000e+03 2.186256e+00
8.820000e+03 9.173038e-01
8.821000e+03 -5.927684e-01
8.822000e+03 -1.829702e+00
8.823000e+03 -2.858389e+00
8.824000e+03 -3.215141e+00
8.825000e+03 -3.111356e+00
8.826000e+03 -2.319373e+00
8.827000e+03 -1.238912e+00
8.828000e+03 1.697543e-01
8.829000e+03 1.422152e+00
8.830000e+03 2.563301e+00
8.831000e+03 3.251128e+00
8.832000e+03 3.676089e+00
8.833000e+03 3.677804e+00
8.834000e+03 3.595755e+00
8.835000e+03 3.359995e+00
8.836000e+03 3.264482e+00
8.837000e+03 3.189802e+00
8.838000e+03 3.313502e+00
8.839000e+03 3.430758e+00
8.840000e+03 3.642311e+00
8.841000e+03 3.755863e+00
8.842000e+03 3.889446e+00
8.843000e+03 3.922856e+00
8.844000e+03 4.001267e+00
8.845000e+03 4.027905e+00
8.846000e+03 4.091583e+00
8.847000e+03 4.039657e+00
8.848000e+03 3.866876e+00
8.849000e+03 3.402098e+00
8.850000e+03 2.645413e+00
8.851000e+03 1.536559e+00
8.852000e+03 2.121311e-01
8.853000e+03 -1.196375e+00
8.854000e+03 -2.435600e+00
8.855000e+03 -3.311080e+00
8.856000e+03 -3.632350e+00
8.857000e+03 -3.336636e+00
8.858000e+03 -2.491687e+00
8.859000e+03 -1.238345e+00
8.860000e+03 1.756613e-01
8.861000e+03 1.545719e+00
8.862000e+03 2.658470e+00
8.863000e+03 3.458425e+00
8.864000e+03 3.892319e+00
8.865000e+03 4.116467e+00
8.866000e+03 4.165513e+00
8.867000e+03 4.216797e+00
8.868000e+03 4.248735e+00
8.869000e+03 4.366236e+00
8.870000e+03 4.434006e+00
8.871000e+03 4.511294e+00
8.872000e+03 4.447540e+00
8.873000e+03 4.381221e+00
8.874000e+03 4.206165e+00
8.875000e+03 4.112977e+00
8.876000e+03 3.994432e+00
8.877000e+03 4.016779e+00
8.878000e+03 3.999077e+00
8.879000e+03 4.068505e+00
8.880000e+03 4.006416e+00
8.881000e+03 3.994645e+00
8.882000e+03 3.864751e+00
8.883000e+03 3.860085e+00
8.884000e+03 3.825834e+00
8.885000e+03 3.989295e+00
8.886000e+03 4.083164e+00
8.887000e+03 4.214697e+00
8.888000e+03 4.025716e+00
8.889000e+03 3.620363e+00
8.890000e+03 2.682558e+00
8.891000e+03 1.490568e+00
8.892000e+03 -6.559205e-02
8.893000e+03 -1.532632e+00
8.894000e+03 -2.944363e+00
8.895000e+03 -3.870936e+00
8.896000e+03 -4.500367e+00
8.897000e+03 -4.604244e+00
8.898000e+03 -4.587023e+00
8.899000e+03 -4.347212e+00
8.900000e+03 -4.310736e+00
8.901000e+03 -4.271296e+00
8.902000e+03 -4.490155e+00
8.903000e+03 -4.560443e+00
8.904000e+03 -4.592193e+00
8.905000e+03 -4.141497e+00
8.906000e+03 -3.404781e+00
8.907000e+03 -2.085526e+00
8.908000e+03 -6.033401e-01
8.909000e+03 1.127403e+00
8.910000e+03 2.554249e+00
8.911000e+03 3.711230e+00
8.912000e+03 4.106726e+00
8.913000e+03 3.957535e+00
8.914000e+03 2.986845e+00
8.915000e+03 1.636994e+00
8.916000e+03 -1.484311e-01
8.917000e+03 -1.788321e+00
8.918000e+03 -3.297955e+00
8.919000e+03 -4.140110e+00
8.920000e+03 -4.483877e+00
8.921000e+03 -4.010433e+00
8.922000e+03 -3.096225e+00
8.923000e+03 -1.632951e+00
8.924000e+03 -1.470556e-01
8.925000e+03 1.424671e+00
8.926000e+03 2.618723e+00
8.927000e+03 3.607364e+00
8.928000e+03 4.098917e+00
8.929000e+03 4.435083e+00
8.930000e+03 4.431737e+00
8.931000e+03 4.463318e+00
8.932000e+03 4.348970e+00
8.933000e+03 4.391821e+00
8.934000e+03 4.338622e+00
8.935000e+03 4.424336e+00
8.936000e+03 4.377945e+00
8.937000e+03 4.432041e+00
8.938000e+03 4.347510e+00
8.939000e+03 4.370856e+00
8.940000e+03 4.284860e+00
8.941000e+03 4.314827e+00
8.942000e+03 4.227877e+00
8.943000e+03 4.223294e+00
8.944000e+03 4.090399e+00
8.945000e+03 4.031423e+00
8.946000e+03 3.871851e+00
8.947000e+03 3.836915e+00
8.948000e+03 3.764868e+00
8.949000e+03 3.817325e+00
8.950000e+03 3.780940e+00
8.951000e+03 3.747066e+00
8.952000e+03 3.456429e+00
8.953000e+03 2.968092e+00
8.954000e+03 2.118908e+00
8.955000e+03 1.065801e+00
8.956000e+03 -2.237604e-01
8.957000e+03 -1.485199e+00
8.958000e+03 -2.679609e+00
8.959000e+03 -3.572472e+00
8.960000e+03 -4.210732e+00
8.961000e+03 -4.408741e+00
8.962000e+03 -4.510536e+00
8.963000e+03 -4.304339e+00
8.964000e+03 -4.214043e+00
8.965000e+03 -4.009311e+00
8.966000e+03 -4.044862e+00
8.967000e+03 -3.985461e+00
8.968000e+03 -4.139348e+00
8.969000e+03 -4.145570e+00
8.970000e+03 -4.301055e+00
8.971000e+03 -4.274673e+00
8.972000e+03 -4.409628e+00
8.973000e+03 -4.360205e+00
8.974000e+03 -4.439843e+00
8.975000e+03 -4.226879e+00
8.976000e+03 -3.985898e+00
8.977000e+03 -3.290889e+00
8.978000e+03 -2.433835e+00
8.979000e+03 -1.084229e+00
8.980000e+03 2.885114e-01
8.981000e+03 1.858670e+00
8.982000e+03 3.041577e+00
8.983000e+03 3.991636e+00
8.984000e+03 4.180869e+00
8.985000e+03 3.911436e+00
8.986000e+03 2.877923e+00
8.987000e+03 1.601605e+00
8.988000e+03 -6.979254e-02
8.989000e+03 -1.512956e+00
8.990000e+03 -2.870489e+00
8.991000e+03 -3.579776e+00
8.992000e+03 -3.904617e+00
8.993000e+03 -3.446555e+00
8.994000e+03 -2.633211e+00
8.995000e+03 -1.212984e+00
8.996000e+03 2.353721e-01
8.997000e+03 1.862045e+00
8.998000e+03 3.042694e+00
8.999000e+03 3.951399e+00
9.000000e+03 4.067775e+00
9.001000e+03 3.737979e+00
9.002000e+03 2.661119e+00
9.003000e+03 1.399734e+00
9.004000e+03 -1.875533e-01
9.005000e+03 -1.470384e+00
9.006000e+03 -2.648824e+00
9.007000e+03 -3.236641e+00
9.008000e+03 -3.629385e+00
9.009000e+03 -3.567620e+00
9.010000e+03 -3.592161e+00
9.011000e+03 -3.461857e+00
9.012000e+03 -3.655925e+00
9.013000e+03 -3.790593e+00
9.014000e+03 -4.156954e+00
9.015000e+03 -4.229018e+00
9.016000e+03 -4.215177e+00
9.017000e+03 -3.621036e+00
9.018000e+03 -2.790325e+00
9.019000e+03 -1.409071e+00
9.020000e+03 -1.473188e-03
9.021000e+03 1.586641e+00
9.022000e+03 2.749550e+00
9.023000e+03 3.669209e+00
9.024000e+03 3.854826e+00
9.025000e+03 3.629816e+00
9.026000e+03 2.696695e+00
9.027000e+03 1.562967e+00
9.028000e+03 5.319783e-02
9.029000e+03 -1.261626e+00
9.030000e+03 -2.535065e+00
9.031000e+03 -3.250545e+00
9.032000e+03 -3.643536e+00
9.033000e+03 -3.318347e+00
9.034000e+03 -2.649102e+00
9.035000e+03 -1.388262e+00
9.036000e+03 -4.002047e-02
9.037000e+03 1.528593e+00
9.038000e+03 2.752003e+00
9.039000e+03 3.748674e+00
9.040000e+03 4.037070e+00
9.041000e+03 3.876918e+00
9.042000e+03 2.965490e+00
9.043000e+03 1.758450e+00
9.044000e+03 1.460635e-01
9.045000e+03 -1.305636e+00
9.046000e+03 -2.659970e+00
9.047000e+03 -3.409570e+00
9.048000e+03 -3.730763e+00
9.049000e+03 -3.276356e+00
9.050000e+03 -2.416731e+00
9.051000e+03 -1.002219e+00
9.052000e+03 4.710820e-01
9.053000e+03 2.056946e+00
9.054000e+03 3.243682e+00
9.055000e+03 4.120845e+00
9.056000e+03 4.285205e+00
9.057000e+03 3.992905e+00
9.058000e+03 3.029821e+00
9.059000e+03 1.808730e+00
9.060000e+03 2.635920e-01
9.061000e+03 -1.126657e+00
9.062000e+03 -2.436171e+00
9.063000e+03 -3.295113e+00
9.064000e+03 -3.904900e+00
9.065000e+03 -4.045968e+00
9.066000e+03 -4.064719e+00
9.067000e+03 -3.833999e+00
9.068000e+03 -3.699043e+00
9.069000e+03 -3.507982e+00
9.070000e+03 -3.525200e+00
9.071000e+03 -3.531689e+00
9.072000e+03 -3.724470e+00
9.073000e+03 -3.836179e+00
9.074000e+03 -4.054824e+00
9.075000e+03 -4.147067e+00
9.076000e+03 -4.304416e+00
9.077000e+03 -4.321041e+00
9.078000e+03 -4.395905e+00
9.079000e+03 -4.340728e+00
9.080000e+03 -4.361166e+00
9.081000e+03 -4.265254e+00
9.082000e+03 -4.251189e+00
9.083000e+03 -4.151089e+00
9.084000e+03 -4.146740e+00
9.085000e+03 -4.061541e+00
9.086000e+03 -4.067069e+00
9.087000e+03 -3.988405e+00
9.088000e+03 -3.990590e+00
9.089000e+03 -3.911640e+00
9.090000e+03 -3.919376e+00
9.091000e+03 -3.867893e+00
9.092000e+03 -3.912544e+00
9.093000e+03 -3.900190e+00
9.094000e+03 -3.963859e+00
9.095000e+03 -3.942134e+00
9.096000e+03 -3.967537e+00
9.097000e+03 -3.903807e+00
9.098000e+03 -3.904590e+00
9.099000e+03 -3.864320e+00
9.100000e+03 -3.935313e+00
9.101000e+03 -3.989286e+00
9.102000e+03 -4.100101e+00
9.103000e+03 -4.062458e+00
9.104000e+03 -3.895538e+00
9.105000e+03 -3.370121e+00
9.106000e+03 -2.538912e+00
9.107000e+03 -1.314537e+00
9.108000e+03 9.192537e-02
9.109000e+03 1.607850e+00
9.110000e+03 2.900655e+00
9.111000e+03 3.855782e+00
9.112000e+03 4.202081e+00
9.113000e+03 3.969186e+00
9.114000e+03 3.094250e+00
9.115000e+03 1.813347e+00
9.116000e+03 2.401114e-01
9.117000e+03 -1.284166e+00
9.118000e+03 -2.616342e+00
9.119000e+03 -3.476939e+00
9.120000e+03 -3.827728e+00
9.121000e+03 -3.537565e+00
9.122000e+03 -2.742637e+00
9.123000e+03 -1.482527e+00
9.124000e+03 -1.133318e-02
9.125000e+03 1.508555e+00
9.126000e+03 2.789107e+00
9.127000e+03 3.676915e+00
9.128000e+03 3.994076e+00
9.129000e+03 3.729824e+00
9.130000e+03 2.908141e+00
9.131000e+03 1.694811e+00
9.132000e+03 2.758763e-01
9.133000e+03 -1.128061e+00
9.134000e+03 -2.333640e+00
9.135000e+03 -3.240114e+00
9.136000e+03 -3.804838e+00
9.137000e+03 -4.081969e+00
9.138000e+03 -4.132671e+00
9.139000e+03 -4.089809e+00
9.140000e+03 -3.992832e+00
9.141000e+03 -3.928778e+00
9.142000e+03 -3.864825e+00
9.143000e+03 -3.853795e+00
9.144000e+03 -3.826217e+00
9.145000e+03 -3.850825e+00
9.146000e+03 -3.869389e+00
9.147000e+03 -3.968350e+00
9.148000e+03 -4.063478e+00
9.149000e+03 -4.214712e+00
9.150000e+03 -4.274616e+00
9.151000e+03 -4.246903e+00
9.152000e+03 -3.938727e+00
9.153000e+03 -3.394433e+00
9.154000e+03 -2.474541e+00
9.155000e+03 -1.330338e+00
9.156000e+03 3.912509e-02
9.157000e+03 1.345258e+00
9.158000e+03 2.514028e+00
9.159000e+03 3.248190e+00
9.160000e+03 3.545595e+00
9.161000e+03 3.215861e+00
9.162000e+03 2.450366e+00
9.163000e+03 1.247692e+00
9.164000e+03 -7.050049e-02
9.165000e+03 -1.435414e+00
9.166000e+03 -2.534590e+00
9.167000e+03 -3.402777e+00
9.168000e+03 -3.854057e+00
9.169000e+03 -4.086875e+00
9.170000e+03 -4.051942e+00
9.171000e+03 -3.999535e+00
9.172000e+03 -3.870484e+00
9.173000e+03 -3.866794e+00
9.174000e+03 -3.847018e+00
9.175000e+03 -3.933536e+00
9.176000e+03 -3.940110e+00
9.177000e+03 -4.008083e+00
9.178000e+03 -3.986466e+00
9.179000e+03 -4.041654e+00
9.180000e+03 -4.047060e+00
9.181000e+03 -4.141091e+00
9.182000e+03 -4.136157e+00
9.183000e+03 -4.098495e+00
9.184000e+03 -3.773347e+00
9.185000e+03 -3.217098e+00
9.186000e+03 -2.267753e+00
9.187000e+03 -1.094351e+00
9.188000e+03 3.194894e-01
9.189000e+03 1.664948e+00
9.190000e+03 2.898121e+00
9.191000e+03 3.749333e+00
9.192000e+03 4.273006e+00
9.193000e+03 4.394606e+00
9.194000e+03 4.338259e+00
9.195000e+03 4.128637e+00
9.196000e+03 4.007040e+00
9.197000e+03 3.943338e+00
9.198000e+03 4.009260e+00
9.199000e+03 4.008055e+00
9.200000e+03 3.899203e+00
9.201000e+03 3.451553e+00
9.202000e+03 2.661569e+00
9.203000e+03 1.478112e+00
9.204000e+03 9.061694e-02
9.205000e+03 -1.370242e+00
9.206000e+03 -2.602511e+00
9.207000e+03 -3.450526e+00
9.208000e+03 -3.711272e+00
9.209000e+03 -3.377918e+00
9.210000e+03 -2.484579e+00
9.211000e+03 -1.225138e+00
9.212000e+03 2.144881e-01
9.213000e+03 1.589227e+00
9.214000e+03 2.733001e+00
9.215000e+03 3.537269e+00
9.216000e+03 3.973725e+00
9.217000e+03 4.107194e+00
9.218000e+03 4.041469e+00
9.219000e+03 3.909148e+00
9.220000e+03 3.776999e+00
9.221000e+03 3.732390e+00
9.222000e+03 3.728662e+00
9.223000e+03 3.794422e+00
9.224000e+03 3.834879e+00
9.225000e+03 3.876433e+00
9.226000e+03 3.856997e+00
9.227000e+03 3.884936e+00
9.228000e+03 3.898445e+00
9.229000e+03 3.996750e+00
9.230000e+03 4.038622e+00
9.231000e+03 4.058166e+00
9.232000e+03 3.827425e+00
9.233000e+03 3.359087e+00
9.234000e+03 2.471804e+00
9.235000e+03 1.337616e+00
9.236000e+03 -8.290559e-02
9.237000e+03 -1.456789e+00
9.238000e+03 -2.762585e+00
9.239000e+03 -3.673221e+00
9.240000e+03 -4.297525e+00
9.241000e+03 -4.490595e+00
9.242000e+03 -4.562668e+00
9.243000e+03 -4.448988e+00
9.244000e+03 -4.485656e+00
9.245000e+03 -4.498329e+00
9.246000e+03 -4.663532e+00
9.247000e+03 -4.617113e+00
9.248000e+03 -4.449163e+00
9.249000e+03 -3.784001e+00
9.250000e+03 -2.839929e+00
9.251000e+03 -1.418298e+00
9.252000e+03 4.544094e-02
9.253000e+03 1.623774e+00
9.254000e+03 2.825243e+00
9.255000e+03 3.809894e+00
9.256000e+03 4.231516e+00
9.257000e+03 4.458075e+00
9.258000e+03 4.296635e+00
9.259000e+03 4.215486e+00
9.260000e+03 3.997686e+00
9.261000e+03 4.025307e+00
9.262000e+03 3.918666e+00
9.263000e+03 3.941543e+00
9.264000e+03 3.603709e+00
9.265000e+03 3.157378e+00
9.266000e+03 2.190337e+00
9.267000e+03 1.111766e+00
9.268000e+03 -3.473221e-01
9.269000e+03 -1.612014e+00
9.270000e+03 -2.866916e+00
9.271000e+03 -3.520882e+00
9.272000e+03 -3.848312e+00
9.273000e+03 -3.386814e+00
9.274000e+03 -2.604407e+00
9.275000e+03 -1.211808e+00
9.276000e+03 1.669048e-01
9.277000e+03 1.740755e+00
9.278000e+03 2.860444e+00
9.279000e+03 3.785173e+00
9.280000e+03 4.011361e+00
9.281000e+03 3.705106e+00
9.282000e+03 2.889283e+00
9.283000e+03 1.629494e+00
9.284000e+03 1.520298e-01
9.285000e+03 -1.367669e+00
9.286000e+03 -2.660002e+00
9.287000e+03 -3.571816e+00
9.288000e+03 -3.905944e+00
9.289000e+03 -3.666741e+00
9.290000e+03 -2.853596e+00
9.291000e+03 -1.648890e+00
9.292000e+03 -2.022726e-01
9.293000e+03 1.205683e+00
9.294000e+03 2.438717e+00
9.295000e+03 3.319517e+00
9.296000e+03 3.852141e+00
9.297000e+03 4.029214e+00
9.298000e+03 4.021719e+00
9.299000e+03 3.897575e+00
9.300000e+03 3.817821e+00
9.301000e+03 3.774283e+00
9.302000e+03 3.805566e+00
9.303000e+03 3.771826e+00
9.304000e+03 3.592640e+00
9.305000e+03 3.095843e+00
9.306000e+03 2.284450e+00
9.307000e+03 1.108043e+00
9.308000e+03 -2.647499e-01
9.309000e+03 -1.700049e+00
9.310000e+03 -2.909045e+00
9.311000e+03 -3.731910e+00
9.312000e+03 -3.957619e+00
9.313000e+03 -3.594227e+00
9.314000e+03 -2.650394e+00
9.315000e+03 -1.354560e+00
9.316000e+03 1.295791e-01
9.317000e+03 1.514883e+00
9.318000e+03 2.681725e+00
9.319000e+03 3.467040e+00
9.320000e+03 3.933213e+00
9.321000e+03 4.091352e+00
9.322000e+03 4.103010e+00
9.323000e+03 4.018078e+00
9.324000e+03 3.971159e+00
9.325000e+03 3.928958e+00
9.326000e+03 3.941692e+00
9.327000e+03 3.910938e+00
9.328000e+03 3.872369e+00
9.329000e+03 3.766026e+00
9.330000e+03 3.662966e+00
9.331000e+03 3.532952e+00
9.332000e+03 3.470555e+00
9.333000e+03 3.429339e+00
9.334000e+03 3.468993e+00
9.335000e+03 3.523075e+00
9.336000e+03 3.626444e+00
9.337000e+03 3.717926e+00
9.338000e+03 3.872391e+00
9.339000e+03 4.036700e+00
9.340000e+03 4.260416e+00
9.341000e+03 4.453783e+00
9.342000e+03 4.603518e+00
9.343000e+03 4.550567e+00
9.344000e+03 4.232554e+00
9.345000e+03 3.524420e+00
9.346000e+03 2.463771e+00
9.347000e+03 1.056491e+00
9.348000e+03 -4.971378e-01
9.349000e+03 -2.037338e+00
9.350000e+03 -3.283528e+00
9.351000e+03 -4.091299e+00
9.352000e+03 -4.282599e+00
9.353000e+03 -3.857950e+00
9.354000e+03 -2.843263e+00
9.355000e+03 -1.447414e+00
9.356000e+03 1.613737e-01
9.357000e+03 1.691354e+00
9.358000e+03 2.955384e+00
9.359000e+03 3.726597e+00
9.360000e+03 3.936279e+00
9.361000e+03 3.518529e+00
9.362000e+03 2.578124e+00
9.363000e+03 1.219419e+00
9.364000e+03 -3.167194e-01
9.365000e+03 -1.829548e+00
9.366000e+03 -3.046625e+00
9.367000e+03 -3.818656e+00
9.368000e+03 -3.988289e+00
9.369000e+03 -3.556169e+00
9.370000e+03 -2.570645e+00
9.371000e+03 -1.228025e+00
9.372000e+03 2.889822e-01
9.373000e+03 1.714499e+00
9.374000e+03 2.879931e+00
9.375000e+03 3.645071e+00
9.376000e+03 4.009669e+00
9.377000e+03 4.029948e+00
9.378000e+03 3.883159e+00
9.379000e+03 3.707428e+00
9.380000e+03 3.655244e+00
9.381000e+03 3.756706e+00
9.382000e+03 3.989725e+00
9.383000e+03 4.201861e+00
9.384000e+03 4.231720e+00
9.385000e+03 3.909361e+00
9.386000e+03 3.167798e+00
9.387000e+03 2.006904e+00
9.388000e+03 5.704274e-01
9.389000e+03 -9.501053e-01
9.390000e+03 -2.320616e+00
9.391000e+03 -3.383588e+00
9.392000e+03 -4.039672e+00
9.393000e+03 -4.302897e+00
9.394000e+03 -4.267591e+00
9.395000e+03 -4.085837e+00
9.396000e+03 -3.880160e+00
9.397000e+03 -3.746007e+00
9.398000e+03 -3.708438e+00
9.399000e+03 -3.749713e+00
9.400000e+03 -3.813393e+00
9.401000e+03 -3.855700e+00
9.402000e+03 -3.853884e+00
9.403000e+03 -3.816810e+00
9.404000e+03 -3.773210e+00
9.405000e+03 -3.748070e+00
9.406000e+03 -3.764041e+00
9.407000e+03 -3.813540e+00
9.408000e+03 -3.873897e+00
9.409000e+03 -3.924462e+00
9.410000e+03 -3.968023e+00
9.411000e+03 -4.000257e+00
9.412000e+03 -4.046206e+00
9.413000e+03 -4.103371e+00
9.414000e+03 -4.147801e+00
9.415000e+03 -4.110964e+00
9.416000e+03 -3.914134e+00
9.417000e+03 -3.446014e+00
9.418000e+03 -2.664438e+00
9.419000e+03 -1.570377e+00
9.420000e+03 -2.620061e-01
9.421000e+03 1.121326e+00
9.422000e+03 2.388376e+00
9.423000e+03 3.395049e+00
9.424000e+03 4.025133e+00
9.425000e+03 4.298773e+00
9.426000e+03 4.282293e+00
9.427000e+03 4.119338e+00
9.428000e+03 3.927047e+00
9.429000e+03 3.810567e+00
9.430000e+03 3.760222e+00
9.431000e+03 3.726323e+00
9.432000e+03 3.567039e+00
9.433000e+03 3.178088e+00
9.434000e+03 2.457294e+00
9.435000e+03 1.427406e+00
9.436000e+03 1.634248e-01
9.437000e+03 -1.137029e+00
9.438000e+03 -2.284089e+00
9.439000e+03 -3.065541e+00
9.440000e+03 -3.359381e+00
9.441000e+03 -3.095191e+00
9.442000e+03 -2.361325e+00
9.443000e+03 -1.263381e+00
9.444000e+03 -9.295940e-03
9.445000e+03 1.240939e+00
9.446000e+03 2.298829e+00
9.447000e+03 3.104816e+00
9.448000e+03 3.599767e+00
9.449000e+03 3.868840e+00
9.450000e+03 3.945504e+00
9.451000e+03 3.973797e+00
9.452000e+03 3.972457e+00
9.453000e+03 4.022769e+00
9.454000e+03 4.044261e+00
9.455000e+03 4.016200e+00
9.456000e+03 3.769929e+00
9.457000e+03 3.293644e+00
9.458000e+03 2.466486e+00
9.459000e+03 1.380547e+00
9.460000e+03 6.677651e-02
9.461000e+03 -1.224677e+00
9.462000e+03 -2.383040e+00
9.463000e+03 -3.117532e+00
9.464000e+03 -3.380693e+00
9.465000e+03 -3.039298e+00
9.466000e+03 -2.237871e+00
9.467000e+03 -1.010351e+00
9.468000e+03 3.335851e-01
9.469000e+03 1.698927e+00
9.470000e+03 2.802194e+00
9.471000e+03 3.650996e+00
9.472000e+03 4.116017e+00
9.473000e+03 4.364540e+00
9.474000e+03 4.357240e+00
9.475000e+03 4.330806e+00
9.476000e+03 4.231878e+00
9.477000e+03 4.228409e+00
9.478000e+03 4.176864e+00
9.479000e+03 4.207895e+00
9.480000e+03 4.151402e+00
9.481000e+03 4.141695e+00
9.482000e+03 4.051341e+00
9.483000e+03 4.072795e+00
9.484000e+03 4.060523e+00
9.485000e+03 4.175896e+00
9.486000e+03 4.201952e+00
9.487000e+03 4.216355e+00
9.488000e+03 3.934586e+00
9.489000e+03 3.435435e+00
9.490000e+03 2.485249e+00
9.491000e+03 1.297572e+00
9.492000e+03 -2.025504e-01
9.493000e+03 -1.639755e+00
9.494000e+03 -2.988581e+00
9.495000e+03 -3.839037e+00
9.496000e+03 -4.234578e+00
9.497000e+03 -3.896993e+00
9.498000e+03 -3.068581e+00
9.499000e+03 -1.671499e+00
9.500000e+03 -1.277370e-01
9.501000e+03 1.521651e+00
9.502000e+03 2.813082e+00
9.503000e+03 3.754387e+00
9.504000e+03 3.983825e+00
9.505000e+03 3.702672e+00
9.506000e+03 2.758304e+00
9.507000e+03 1.533866e+00
9.508000e+03 1.827741e-02
9.509000e+03 -1.329411e+00
9.510000e+03 -2.560956e+00
9.511000e+03 -3.314091e+00
9.512000e+03 -3.819820e+00
9.513000e+03 -3.903810e+00
9.514000e+03 -3.919087e+00
9.515000e+03 -3.751715e+00
9.516000e+03 -3.758415e+00
9.517000e+03 -3.737031e+00
9.518000e+03 -3.932760e+00
9.519000e+03 -4.038530e+00
9.520000e+03 -4.255616e+00
9.521000e+03 -4.284914e+00
9.522000e+03 -4.362435e+00
9.523000e+03 -4.247220e+00
9.524000e+03 -4.235006e+00
9.525000e+03 -4.091554e+00
9.526000e+03 -4.094585e+00
9.527000e+03 -3.978750e+00
9.528000e+03 -3.998648e+00
9.529000e+03 -3.881167e+00
9.530000e+03 -3.902929e+00
9.531000e+03 -3.821382e+00
9.532000e+03 -3.925332e+00
9.533000e+03 -3.945480e+00
9.534000e+03 -4.113151e+00
9.535000e+03 -4.073741e+00
9.536000e+03 -3.980157e+00
9.537000e+03 -3.452986e+00
9.538000e+03 -2.688962e+00
9.539000e+03 -1.425182e+00
9.540000e+03 -2.970743e-02
9.541000e+03 1.581867e+00
9.542000e+03 2.903249e+00
9.543000e+03 3.980768e+00
9.544000e+03 4.367599e+00
9.545000e+03 4.228681e+00
9.546000e+03 3.327066e+00
9.547000e+03 2.062980e+00
9.548000e+03 3.807446e-01
9.549000e+03 -1.192001e+00
9.550000e+03 -2.660687e+00
9.551000e+03 -3.536195e+00
9.552000e+03 -3.925411e+00
9.553000e+03 -3.538330e+00
9.554000e+03 -2.698898e+00
9.555000e+03 -1.304294e+00
9.556000e+03 1.621370e-01
9.557000e+03 1.708106e+00
9.558000e+03 2.881323e+00
9.559000e+03 3.805706e+00
9.560000e+03 4.212104e+00
9.561000e+03 4.420300e+00
9.562000e+03 4.326379e+00
9.563000e+03 4.321020e+00
9.564000e+03 4.271333e+00
9.565000e+03 4.439651e+00
9.566000e+03 4.531806e+00
9.567000e+03 4.652452e+00
9.568000e+03 4.414051e+00
9.569000e+03 3.935983e+00
9.570000e+03 2.962804e+00
9.571000e+03 1.775903e+00
9.572000e+03 3.017169e-01
9.573000e+03 -1.045214e+00
9.574000e+03 -2.305511e+00
9.575000e+03 -3.147560e+00
9.576000e+03 -3.732748e+00
9.577000e+03 -3.891391e+00
9.578000e+03 -3.929092e+00
9.579000e+03 -3.754337e+00
9.580000e+03 -3.658689e+00
9.581000e+03 -3.511524e+00
9.582000e+03 -3.522466e+00
9.583000e+03 -3.486388e+00
9.584000e+03 -3.571691e+00
9.585000e+03 -3.590912e+00
9.586000e+03 -3.719552e+00
9.587000e+03 -3.796491e+00
9.588000e+03 -4.001834e+00
9.589000e+03 -4.145075e+00
9.590000e+03 -4.332231e+00
9.591000e+03 -4.314089e+00
9.592000e+03 -4.138297e+00
9.593000e+03 -3.558515e+00
9.594000e+03 -2.684287e+00
9.595000e+03 -1.400509e+00
9.596000e+03 3.181094e-02
9.597000e+03 1.562783e+00
9.598000e+03 2.830766e+00
9.599000e+03 3.752747e+00
9.600000e+03 4.019177e+00
9.601000e+03 3.797268e+00
9.602000e+03 2.842694e+00
9.603000e+03 1.632645e+00
9.604000e+03 5.083317e-02
9.605000e+03 -1.344445e+00
9.606000e+03 -2.710714e+00
9.607000e+03 -3.594914e+00
9.608000e+03 -4.305769e+00
9.609000e+03 -4.542872e+00
9.610000e+03 -4.748789e+00
9.611000e+03 -4.660224e+00
9.612000e+03 -4.715640e+00
9.613000e+03 -4.597042e+00
9.614000e+03 -4.692987e+00
9.615000e+03 -4.625244e+00
9.616000e+03 -4.746402e+00
9.617000e+03 -4.680672e+00
9.618000e+03 -4.813144e+00
9.619000e+03 -4.752742e+00
9.620000e+03 -4.889938e+00
9.621000e+03 -4.824519e+00
9.622000e+03 -4.937850e+00
9.623000e+03 -4.814662e+00
9.624000e+03 -4.838813e+00
9.625000e+03 -4.619567e+00
9.626000e+03 -4.583897e+00
9.627000e+03 -4.341376e+00
9.628000e+03 -4.326397e+00
9.629000e+03 -4.136144e+00
9.630000e+03 -4.187421e+00
9.631000e+03 -4.040736e+00
9.632000e+03 -4.110351e+00
9.633000e+03 -3.982289e+00
9.634000e+03 -4.092166e+00
9.635000e+03 -4.023514e+00
9.636000e+03 -4.218471e+00
9.637000e+03 -4.218513e+00
9.638000e+03 -4.397656e+00
9.639000e+03 -4.230299e+00
9.640000e+03 -4.060975e+00
9.641000e+03 -3.377638e+00
9.642000e+03 -2.605034e+00
9.643000e+03 -1.349760e+00
9.644000e+03 -1.738517e-01
9.645000e+03 1.213658e+00
9.646000e+03 2.219467e+00
9.647000e+03 3.185043e+00
9.648000e+03 3.614358e+00
9.649000e+03 3.999957e+00
9.650000e+03 3.981398e+00
9.651000e+03 4.106837e+00
9.652000e+03 4.001520e+00
9.653000e+03 4.149158e+00
9.654000e+03 4.053299e+00
9.655000e+03 4.077353e+00
9.656000e+03 3.671273e+00
9.657000e+03 3.216317e+00
9.658000e+03 2.235225e+00
9.659000e+03 1.245298e+00
9.660000e+03 -8.235693e-02
9.661000e+03 -1.138153e+00
9.662000e+03 -2.237283e+00
9.663000e+03 -2.826481e+00
9.664000e+03 -3.327630e+00
9.665000e+03 -3.351650e+00
9.666000e+03 -3.462389e+00
9.667000e+03 -3.323844e+00
9.668000e+03 -3.486393e+00
9.669000e+03 -3.536229e+00
9.670000e+03 -3.861178e+00
9.671000e+03 -3.900562e+00
9.672000e+03 -3.956329e+00
9.673000e+03 -3.436810e+00
9.674000e+03 -2.708078e+00
9.675000e+03 -1.363384e+00
9.676000e+03 3.572476e-02
9.677000e+03 1.717060e+00
9.678000e+03 2.983755e+00
9.679000e+03 4.027808e+00
9.680000e+03 4.263402e+00
9.681000e+03 4.055759e+00
9.682000e+03 3.036458e+00
9.683000e+03 1.804239e+00
9.684000e+03 1.666742e-01
9.685000e+03 -1.226451e+00
9.686000e+03 -2.604779e+00
9.687000e+03 -3.435889e+00
9.688000e+03 -4.099388e+00
9.689000e+03 -4.253468e+00
9.690000e+03 -4.396976e+00
9.691000e+03 -4.228544e+00
9.692000e+03 -4.236641e+00
9.693000e+03 -4.064063e+00
9.694000e+03 -4.108974e+00
9.695000e+03 -3.969336e+00
9.696000e+03 -4.002689e+00
9.697000e+03 -3.825925e+00
9.698000e+03 -3.851443e+00
9.699000e+03 -3.736621e+00
9.700000e+03 -3.883188e+00
9.701000e+03 -3.928162e+00
9.702000e+03 -4.181730e+00
9.703000e+03 -4.189810e+00
9.704000e+03 -4.191215e+00
9.705000e+03 -3.705089e+00
9.706000e+03 -3.010520e+00
9.707000e+03 -1.779298e+00
9.708000e+03 -4.541863e-01
9.709000e+03 1.117101e+00
9.710000e+03 2.377215e+00
9.711000e+03 3.425882e+00
9.712000e+03 3.759873e+00
9.713000e+03 3.641740e+00
9.714000e+03 2.793272e+00
9.715000e+03 1.661157e+00
9.716000e+03 1.471375e-01
9.717000e+03 -1.219322e+00
9.718000e+03 -2.547879e+00
9.719000e+03 -3.416041e+00
9.720000e+03 -4.083792e+00
9.721000e+03 -4.299477e+00
9.722000e+03 -4.445014e+00
9.723000e+03 -4.353695e+00
9.724000e+03 -4.394340e+00
9.725000e+03 -4.333216e+00
9.726000e+03 -4.405942e+00
9.727000e+03 -4.270206e+00
9.728000e+03 -4.078187e+00
9.729000e+03 -3.455354e+00
9.730000e+03 -2.602987e+00
9.731000e+03 -1.305467e+00
9.732000e+03 8.352846e-02
9.733000e+03 1.618057e+00
9.734000e+03 2.831067e+00
9.735000e+03 3.739435e+00
9.736000e+03 3.972712e+00
9.737000e+03 3.710700e+00
9.738000e+03 2.788018e+00
9.739000e+03 1.584914e+00
9.740000e+03 1.036692e-01
9.741000e+03 -1.229967e+00
9.742000e+03 -2.443542e+00
9.743000e+03 -3.233144e+00
9.744000e+03 -3.775029e+00
9.745000e+03 -3.918911e+00
9.746000e+03 -3.944710e+00
9.747000e+03 -3.760108e+00
9.748000e+03 -3.631605e+00
9.749000e+03 -3.433167e+00
9.750000e+03 -3.371236e+00
9.751000e+03 -3.275645e+00
9.752000e+03 -3.319450e+00
9.753000e+03 -3.329404e+00
9.754000e+03 -3.462938e+00
9.755000e+03 -3.548853e+00
9.756000e+03 -3.731175e+00
9.757000e+03 -3.835531e+00
9.758000e+03 -3.992297e+00
9.759000e+03 -4.024328e+00
9.760000e+03 -4.093743e+00
9.761000e+03 -4.003730e+00
9.762000e+03 -4.000957e+00
9.763000e+03 -3.851665e+00
9.764000e+03 -3.829603e+00
9.765000e+03 -3.687774e+00
9.766000e+03 -3.685244e+00
9.767000e+03 -3.580827e+00
9.768000e+03 -3.627839e+00
9.769000e+03 -3.590664e+00
9.770000e+03 -3.718611e+00
9.771000e+03 -3.767359e+00
9.772000e+03 -3.957745e+00
9.773000e+03 -4.029654e+00
9.774000e+03 -4.178032e+00
9.775000e+03 -4.138664e+00
9.776000e+03 -4.139512e+00
9.777000e+03 -3.967944e+00
9.778000e+03 -3.875006e+00
9.779000e+03 -3.694018e+00
9.780000e+03 -3.686181e+00
9.781000e+03 -3.655347e+00
9.782000e+03 -3.797618e+00
9.783000e+03 -3.886363e+00
9.784000e+03 -4.091593e+00
9.785000e+03 -4.173980e+00
9.786000e+03 -4.328962e+00
9.787000e+03 -4.378304e+00
9.788000e+03 -4.516760e+00
9.789000e+03 -4.560402e+00
9.790000e+03 -4.651071e+00
9.791000e+03 -4.532795e+00
9.792000e+03 -4.286378e+00
9.793000e+03 -3.646113e+00
9.794000e+03 -2.724573e+00
9.795000e+03 -1.396237e+00
9.796000e+03 6.257987e-02
9.797000e+03 1.609131e+00
9.798000e+03 2.855925e+00
9.799000e+03 3.733380e+00
9.800000e+03 3.953961e+00
9.801000e+03 3.601600e+00
9.802000e+03 2.621098e+00
9.803000e+03 1.320980e+00
9.804000e+03 -1.914669e-01
9.805000e+03 -1.562626e+00
9.806000e+03 -2.728273e+00
9.807000e+03 -3.472614e+00
9.808000e+03 -3.895560e+00
9.809000e+03 -3.993610e+00
9.810000e+03 -3.995617e+00
9.811000e+03 -3.932830e+00
9.812000e+03 -3.990866e+00
9.813000e+03 -4.101297e+00
9.814000e+03 -4.271479e+00
9.815000e+03 -4.309542e+00
9.816000e+03 -4.146301e+00
9.817000e+03 -3.597402e+00
9.818000e+03 -2.688787e+00
9.819000e+03 -1.424295e+00
9.820000e+03 5.559683e-03
9.821000e+03 1.454804e+00
9.822000e+03 2.684848e+00
9.823000e+03 3.602102e+00
9.824000e+03 4.117500e+00
9.825000e+03 4.306929e+00
9.826000e+03 4.269547e+00
9.827000e+03 4.174556e+00
9.828000e+03 4.112978e+00
9.829000e+03 4.147362e+00
9.830000e+03 4.231563e+00
9.831000e+03 4.253718e+00
9.832000e+03 4.059898e+00
9.833000e+03 3.540221e+00
9.834000e+03 2.656031e+00
9.835000e+03 1.435311e+00
9.836000e+03 2.776402e-02
9.837000e+03 -1.397228e+00
9.838000e+03 -2.645963e+00
9.839000e+03 -3.606290e+00
9.840000e+03 -4.201598e+00
9.841000e+03 -4.504502e+00
9.842000e+03 -4.582441e+00
9.843000e+03 -4.586190e+00
9.844000e+03 -4.576238e+00
9.845000e+03 -4.627868e+00
9.846000e+03 -4.654658e+00
9.847000e+03 -4.615893e+00
9.848000e+03 -4.334446e+00
9.849000e+03 -3.756662e+00
9.850000e+03 -2.794821e+00
9.851000e+03 -1.552461e+00
9.852000e+03 -9.065104e-02
9.853000e+03 1.356873e+00
9.854000e+03 2.680322e+00
9.855000e+03 3.664743e+00
9.856000e+03 4.323794e+00
9.857000e+03 4.620910e+00
9.858000e+03 4.710863e+00
9.859000e+03 4.639000e+00
9.860000e+03 4.591990e+00
9.861000e+03 4.534970e+00
9.862000e+03 4.524190e+00
9.863000e+03 4.393630e+00
9.864000e+03 4.116945e+00
9.865000e+03 3.516288e+00
9.866000e+03 2.639917e+00
9.867000e+03 1.445044e+00
9.868000e+03 1.317880e-01
9.869000e+03 -1.235318e+00
9.870000e+03 -2.414175e+00
9.871000e+03 -3.385121e+00
9.872000e+03 -4.011907e+00
9.873000e+03 -4.401633e+00
9.874000e+03 -4.525125e+00
9.875000e+03 -4.551952e+00
9.876000e+03 -4.455064e+00
9.877000e+03 -4.363514e+00
9.878000e+03 -4.200488e+00
9.879000e+03 -4.053648e+00
9.880000e+03 -3.848207e+00
9.881000e+03 -3.704116e+00
9.882000e+03 -3.568375e+00
9.883000e+03 -3.573529e+00
9.884000e+03 -3.656718e+00
9.885000e+03 -3.879337e+00
9.886000e+03 -4.083042e+00
9.887000e+03 -4.237629e+00
9.888000e+03 -4.131105e+00
9.889000e+03 -3.738624e+00
9.890000e+03 -2.928819e+00
9.891000e+03 -1.805519e+00
9.892000e+03 -4.017773e-01
9.893000e+03 1.035565e+00
9.894000e+03 2.364129e+00
9.895000e+03 3.299380e+00
9.896000e+03 3.751870e+00
9.897000e+03 3.565923e+00
9.898000e+03 2.809188e+00
9.899000e+03 1.533283e+00
9.900000e+03 -5.150080e-03
9.901000e+03 -1.616969e+00
9.902000e+03 -2.984833e+00
9.903000e+03 -3.933856e+00
9.904000e+03 -4.265631e+00
9.905000e+03 -3.980643e+00
9.906000e+03 -3.098321e+00
9.907000e+03 -1.819715e+00
9.908000e+03 -3.198472e-01
9.909000e+03 1.143557e+00
9.910000e+03 2.410861e+00
9.911000e+03 3.344820e+00
9.912000e+03 3.939644e+00
9.913000e+03 4.212941e+00
9.914000e+03 4.277277e+00
9.915000e+03 4.225355e+00
9.916000e+03 4.152428e+00
9.917000e+03 4.106473e+00
9.918000e+03 4.101597e+00
9.919000e+03 4.135009e+00
9.920000e+03 4.213031e+00
9.921000e+03 4.244681e+00
9.922000e+03 4.366689e+00
9.923000e+03 4.427678e+00
9.924000e+03 4.579790e+00
9.925000e+03 4.614482e+00
9.926000e+03 4.637304e+00
9.927000e+03 4.392980e+00
9.928000e+03 3.981819e+00
9.929000e+03 3.162151e+00
9.930000e+03 2.139985e+00
9.931000e+03 7.959948e-01
9.932000e+03 -5.412425e-01
9.933000e+03 -1.916850e+00
9.934000e+03 -2.976185e+00
9.935000e+03 -3.835076e+00
9.936000e+03 -4.249499e+00
9.937000e+03 -4.479555e+00
9.938000e+03 -4.388731e+00
9.939000e+03 -4.311385e+00
9.940000e+03 -4.100791e+00
9.941000e+03 -4.046471e+00
9.942000e+03 -3.927505e+00
9.943000e+03 -3.970977e+00
9.944000e+03 -3.918046e+00
9.945000e+03 -4.008827e+00
9.946000e+03 -3.994548e+00
9.947000e+03 -4.136645e+00
9.948000e+03 -4.175673e+00
9.949000e+03 -4.344145e+00
9.950000e+03 -4.319978e+00
9.951000e+03 -4.268055e+00
9.952000e+03 -3.841926e+00
9.953000e+03 -3.249463e+00
9.954000e+03 -2.200933e+00
9.955000e+03 -1.029105e+00
9.956000e+03 4.046903e-01
9.957000e+03 1.657349e+00
9.958000e+03 2.808058e+00
9.959000e+03 3.412158e+00
9.960000e+03 3.635243e+00
9.961000e+03 3.169460e+00
9.962000e+03 2.350463e+00
9.963000e+03 1.039162e+00
9.964000e+03 -2.963469e-01
9.965000e+03 -1.729493e+00
9.966000e+03 -2.801992e+00
9.967000e+03 -3.676434e+00
9.968000e+03 -4.043557e+00
9.969000e+03 -4.231264e+00
9.970000e+03 -4.076591e+00
9.971000e+03 -3.990982e+00
9.972000e+03 -3.804985e+00
9.973000e+03 -3.842097e+00
9.974000e+03 -3.801225e+00
9.975000e+03 -3.847731e+00
9.976000e+03 -3.572311e+00
9.977000e+03 -3.133581e+00
9.978000e+03 -2.206643e+00
9.979000e+03 -1.090611e+00
9.980000e+03 3.528325e-01
9.981000e+03 1.678475e+00
9.982000e+03 2.954461e+00
9.983000e+03 3.771800e+00
9.984000e+03 4.319337e+00
9.985000e+03 4.367290e+00
9.986000e+03 4.261846e+00
9.987000e+03 3.891455e+00
9.988000e+03 3.634624e+00
9.989000e+03 3.336908e+00
9.990000e+03 3.282771e+00
9.991000e+03 3.228434e+00
9.992000e+03 3.358490e+00
9.993000e+03 3.403122e+00
9.994000e+03 3.555903e+00
9.995000e+03 3.570253e+00
9.996000e+03 3.658020e+00
9.997000e+03 3.615808e+00
9.998000e+03 3.665704e+00
9.999000e+03 3.598492e+00
1.000000e+04 3.627918e+00
1.000100e+04 3.585278e+00
1.000200e+04 3.677474e+00
1.000300e+04 3.731359e+00
1.000400e+04 3.942818e+00
1.000500e+04 4.106170e+00
1.000600e+04 4.326399e+00
1.000700e+04 4.333735e+00
1.000800e+04 4.183290e+00
1.000900e+04 3.614237e+00
1.001000e+04 2.735738e+00
1.001100e+04 1.443636e+00
1.001200e+04 9.407520e-03
1.001300e+04 -1.512575e+00
1.001400e+04 -2.753256e+00
1.001500e+04 -3.632287e+00
1.001600e+04 -3.887254e+00
1.001700e+04 -3.597439e+00
1.001800e+04 -2.722731e+00
1.001900e+04 -1.534890e+00
1.002000e+04 -1.432059e-01
1.002100e+04 1.145499e+00
1.002200e+04 2.260267e+00
1.002300e+04 3.027452e+00
1.002400e+04 3.519340e+00
1.002500e+04 3.728260e+00
1.002600e+04 3.819376e+00
1.002700e+04 3.830288e+00
1.002800e+04 3.891654e+00
1.002900e+04 3.990130e+00
1.003000e+04 4.171365e+00
1.003100e+04 4.353631e+00
1.003200e+04 4.521889e+00
1.003300e+04 4.615356e+00
1.003400e+04 4.620219e+00
1.003500e+04 4.514128e+00
1.003600e+04 4.331881e+00
1.003700e+04 4.106722e+00
1.003800e+04 3.887362e+00
1.003900e+04 3.731216e+00
1.004000e+04 3.664012e+00
1.004100e+04 3.719395e+00
1.004200e+04 3.861000e+00
1.004300e+04 4.081289e+00
1.004400e+04 4.283885e+00
1.004500e+04 4.453687e+00
1.004600e+04 4.501506e+00
1.004700e+04 4.453428e+00
1.004800e+04 4.268846e+00
1.004900e+04 4.060184e+00
1.005000e+04 3.810086e+00
1.005100e+04 3.640666e+00
1.005200e+04 3.512729e+00
1.005300e+04 3.506342e+00
1.005400e+04 3.508672e+00
1.005500e+04 3.587518e+00
1.005600e+04 3.628020e+00
1.005700e+04 3.718170e+00
1.005800e+04 3.772662e+00
1.005900e+04 3.931955e+00
1.006000e+04 4.084198e+00
1.006100e+04 4.324492e+00
1.006200e+04 4.461795e+00
1.006300e+04 4.508205e+00
1.006400e+04 4.226054e+00
1.006500e+04 3.670002e+00
1.006600e+04 2.673295e+00
1.006700e+04 1.438531e+00
1.006800e+04 -3.734970e-02
1.006900e+04 -1.427826e+00
1.007000e+04 -2.710987e+00
1.007100e+04 -3.607701e+00
1.007200e+04 -4.220572e+00
1.007300e+04 -4.423977e+00
1.007400e+04 -4.480069e+00
1.007500e+04 -4.334467e+00
1.007600e+04 -4.257644e+00
1.007700e+04 -4.142065e+00
1.007800e+04 -4.168469e+00
1.007900e+04 -4.128606e+00
1.008000e+04 -4.165857e+00
1.008100e+04 -4.065052e+00
1.008200e+04 -4.019993e+00
1.008300e+04 -3.848714e+00
1.008400e+04 -3.810141e+00
1.008500e+04 -3.714578e+00
1.008600e+04 -3.800760e+00
1.008700e+04 -3.845523e+00
1.008800e+04 -4.036761e+00
1.008900e+04 -4.107669e+00
1.009000e+04 -4.266092e+00
1.009100e+04 -4.252908e+00
1.009200e+04 -4.293461e+00
1.009300e+04 -4.160931e+00
1.009400e+04 -4.120018e+00
1.009500e+04 -3.943594e+00
1.009600e+04 -3.901822e+00
1.009700e+04 -3.788965e+00
1.009800e+04 -3.872896e+00
1.009900e+04 -3.908972e+00
1.010000e+04 -4.139379e+00
1.010100e+04 -4.264631e+00
1.010200e+04 -4.456952e+00
1.010300e+04 -4.362954e+00
1.010400e+04 -4.143627e+00
1.010500e+04 -3.486221e+00
1.010600e+04 -2.643796e+00
1.010700e+04 -1.425226e+00
1.010800e+04 -2.060689e-01
1.010900e+04 1.129432e+00
1.011000e+04 2.194267e+00
1.011100e+04 3.156163e+00
1.011200e+04 3.732258e+00
1.011300e+04 4.206651e+00
1.011400e+04 4.385607e+00
1.011500e+04 4.584435e+00
1.011600e+04 4.599031e+00
1.011700e+04 4.697011e+00
1.011800e+04 4.624947e+00
1.011900e+04 4.615919e+00
1.012000e+04 4.427709e+00
1.012100e+04 4.324523e+00
1.012200e+04 4.105259e+00
1.012300e+04 4.052280e+00
1.012400e+04 3.955983e+00
1.012500e+04 4.046279e+00
1.012600e+04 4.058767e+00
1.012700e+04 4.170880e+00
1.012800e+04 4.121246e+00
1.012900e+04 4.115557e+00
1.013000e+04 3.956632e+00
1.013100e+04 3.900822e+00
1.013200e+04 3.779682e+00
1.013300e+04 3.810288e+00
1.013400e+04 3.752882e+00
1.013500e+04 3.725138e+00
1.013600e+04 3.427199e+00
1.013700e+04 2.957118e+00
1.013800e+04 2.092011e+00
1.013900e+04 1.049337e+00
1.014000e+04 -2.324642e-01
1.014100e+04 -1.420950e+00
1.014200e+04 -2.521753e+00
1.014300e+04 -3.260365e+00
1.014400e+04 -3.757775e+00
1.014500e+04 -3.917789e+00
1.014600e+04 -4.005493e+00
1.014700e+04 -4.013154e+00
1.014800e+04 -4.173631e+00
1.014900e+04 -4.380398e+00
1.015000e+04 -4.678207e+00
1.015100e+04 -4.815385e+00
1.015200e+04 -4.751474e+00
1.015300e+04 -4.241572e+00
1.015400e+04 -3.343391e+00
1.015500e+04 -2.036077e+00
1.015600e+04 -5.632609e-01
1.015700e+04 9.459182e-01
1.015800e+04 2.206633e+00
1.015900e+04 3.145575e+00
1.016000e+04 3.656718e+00
1.016100e+04 3.856013e+00
1.016200e+04 3.825484e+00
1.016300e+04 3.767220e+00
1.016400e+04 3.758235e+00
1.016500e+04 3.866536e+00
1.016600e+04 4.009891e+00
1.016700e+04 4.075965e+00
1.016800e+04 3.893409e+00
1.016900e+04 3.343138e+00
1.017000e+04 2.388133e+00
1.017100e+04 1.085737e+00
1.017200e+04 -3.887168e-01
1.017300e+04 -1.839118e+00
1.017400e+04 -3.034615e+00
1.017500e+04 -3.877610e+00
1.017600e+04 -4.283520e+00
1.017700e+04 -4.369900e+00
1.017800e+04 -4.232730e+00
1.017900e+04 -4.089092e+00
1.018000e+04 -3.991141e+00
1.018100e+04 -4.063757e+00
1.018200e+04 -4.171072e+00
1.018300e+04 -4.269874e+00
1.018400e+04 -4.126487e+00
1.018500e+04 -3.707674e+00
1.018600e+04 -2.839143e+00
1.018700e+04 -1.675544e+00
1.018800e+04 -2.275308e-01
1.018900e+04 1.188169e+00
1.019000e+04 2.486194e+00
1.019100e+04 3.337387e+00
1.019200e+04 3.735497e+00
1.019300e+04 3.481330e+00
1.019400e+04 2.764070e+00
1.019500e+04 1.534092e+00
1.019600e+04 1.338156e-01
1.019700e+04 -1.379624e+00
1.019800e+04 -2.606340e+00
1.019900e+04 -3.530433e+00
1.020000e+04 -3.820330e+00
1.020100e+04 -3.606018e+00
1.020200e+04 -2.743680e+00
1.020300e+04 -1.566337e+00
1.020400e+04 -6.867409e-02
1.020500e+04 1.315890e+00
1.020600e+04 2.601054e+00
1.020700e+04 3.435968e+00
1.020800e+04 4.018667e+00
1.020900e+04 4.182112e+00
1.021000e+04 4.261326e+00
1.021100e+04 4.160293e+00
1.021200e+04 4.215336e+00
1.021300e+04 4.213511e+00
1.021400e+04 4.346089e+00
1.021500e+04 4.251927e+00
1.021600e+04 4.066065e+00
1.021700e+04 3.440019e+00
1.021800e+04 2.594231e+00
1.021900e+04 1.336662e+00
1.022000e+04 6.719971e-02
1.022100e+04 -1.307486e+00
1.022200e+04 -2.357977e+00
1.022300e+04 -3.244596e+00
1.022400e+04 -3.669305e+00
1.022500e+04 -3.957253e+00
1.022600e+04 -3.941871e+00
1.022700e+04 -4.012006e+00
1.022800e+04 -3.972158e+00
1.022900e+04 -4.115897e+00
1.023000e+04 -4.109169e+00
1.023100e+04 -4.122060e+00
1.023200e+04 -3.753988e+00
1.023300e+04 -3.194397e+00
1.023400e+04 -2.136710e+00
1.023500e+04 -9.240092e-01
1.023600e+04 5.820528e-01
1.023700e+04 1.903105e+00
1.023800e+04 3.113760e+00
1.023900e+04 3.763238e+00
1.024000e+04 4.002500e+00
1.024100e+04 3.576090e+00
1.024200e+04 2.740836e+00
1.024300e+04 1.453277e+00
1.024400e+04 6.846094e-02
1.024500e+04 -1.379893e+00
1.024600e+04 -2.532927e+00
1.024700e+04 -3.389914e+00
1.024800e+04 -3.664903e+00
1.024900e+04 -3.494191e+00
1.025000e+04 -2.733247e+00
1.025100e+04 -1.638160e+00
1.025200e+04 -2.081017e-01
1.025300e+04 1.192889e+00
1.025400e+04 2.504262e+00
1.025500e+04 3.371393e+00
1.025600e+04 3.804201e+00
1.025700e+04 3.556742e+00
1.025800e+04 2.799273e+00
1.025900e+04 1.490112e+00
1.026000e+04 -3.978729e-02
1.026100e+04 -1.697555e+00
1.026200e+04 -3.071055e+00
1.026300e+04 -4.086412e+00
1.026400e+04 -4.442494e+00
1.026500e+04 -4.211662e+00
1.026600e+04 -3.313209e+00
1.026700e+04 -2.043818e+00
1.026800e+04 -4.774233e-01
1.026900e+04 1.008880e+00
1.027000e+04 2.338194e+00
1.027100e+04 3.255770e+00
1.027200e+04 3.838116e+00
1.027300e+04 3.999326e+00
1.027400e+04 3.977259e+00
1.027500e+04 3.776582e+00
1.027600e+04 3.624387e+00
1.027700e+04 3.483824e+00
1.027800e+04 3.487942e+00
1.027900e+04 3.508365e+00
1.028000e+04 3.635553e+00
1.028100e+04 3.722166e+00
1.028200e+04 3.845913e+00
1.028300e+04 3.906726e+00
1.028400e+04 4.002255e+00
1.028500e+04 4.032106e+00
1.028600e+04 4.090355e+00
1.028700e+04 4.063188e+00
1.028800e+04 4.042107e+00
1.028900e+04 3.957883e+00
1.029000e+04 3.920193e+00
1.029100e+04 3.881376e+00
1.029200e+04 3.954266e+00
1.029300e+04 4.051220e+00
1.029400e+04 4.199808e+00
1.029500e+04 4.221329e+00
1.029600e+04 4.061529e+00
1.029700e+04 3.544721e+00
1.029800e+04 2.677888e+00
1.029900e+04 1.416135e+00
1.030000e+04 -5.046037e-02
1.030100e+04 -1.582161e+00
1.030200e+04 -2.883014e+00
1.030300e+04 -3.788105e+00
1.030400e+04 -4.087749e+00
1.030500e+04 -3.786804e+00
1.030600e+04 -2.894860e+00
1.030700e+04 -1.620617e+00
1.030800e+04 -1.311877e-01
1.030900e+04 1.305212e+00
1.031000e+04 2.543896e+00
1.031100e+04 3.441426e+00
1.031200e+04 4.010738e+00
1.031300e+04 4.257652e+00
1.031400e+04 4.324471e+00
1.031500e+04 4.295337e+00
1.031600e+04 4.282279e+00
1.031700e+04 4.291124e+00
1.031800e+04 4.317101e+00
1.031900e+04 4.250014e+00
1.032000e+04 4.009708e+00
1.032100e+04 3.480085e+00
1.032200e+04 2.639735e+00
1.032300e+04 1.505859e+00
1.032400e+04 2.041351e-01
1.032500e+04 -1.121007e+00
1.032600e+04 -2.284094e+00
1.032700e+04 -3.174775e+00
1.032800e+04 -3.718665e+00
1.032900e+04 -3.944362e+00
1.033000e+04 -3.939534e+00
1.033100e+04 -3.835650e+00
1.033200e+04 -3.735698e+00
1.033300e+04 -3.711718e+00
1.033400e+04 -3.773230e+00
1.033500e+04 -3.893326e+00
1.033600e+04 -4.006258e+00
1.033700e+04 -4.072574e+00
1.033800e+04 -4.089270e+00
1.033900e+04 -4.067875e+00
1.034000e+04 -4.040326e+00
1.034100e+04 -4.019149e+00
1.034200e+04 -3.981776e+00
1.034300e+04 -3.865872e+00
1.034400e+04 -3.578415e+00
1.034500e+04 -3.030043e+00
1.034600e+04 -2.198240e+00
1.034700e+04 -1.113965e+00
1.034800e+04 1.103349e-01
1.034900e+04 1.326361e+00
1.035000e+04 2.375385e+00
1.035100e+04 3.141495e+00
1.035200e+04 3.573594e+00
1.035300e+04 3.719884e+00
1.035400e+04 3.661341e+00
1.035500e+04 3.514736e+00
1.035600e+04 3.381521e+00
1.035700e+04 3.323394e+00
1.035800e+04 3.341986e+00
1.035900e+04 3.428519e+00
1.036000e+04 3.538037e+00
1.036100e+04 3.633130e+00
1.036200e+04 3.704660e+00
1.036300e+04 3.761620e+00
1.036400e+04 3.801806e+00
1.036500e+04 3.838020e+00
1.036600e+04 3.866442e+00
1.036700e+04 3.878856e+00
1.036800e+04 3.868863e+00
1.036900e+04 3.843836e+00
1.037000e+04 3.831626e+00
1.037100e+04 3.861048e+00
1.037200e+04 3.961158e+00
1.037300e+04 4.116788e+00
1.037400e+04 4.284276e+00
1.037500e+04 4.365954e+00
1.037600e+04 4.239077e+00
1.037700e+04 3.781693e+00
1.037800e+04 2.950825e+00
1.037900e+04 1.746249e+00
1.038000e+04 2.895479e-01
1.038100e+04 -1.243566e+00
1.038200e+04 -2.604764e+00
1.038300e+04 -3.577836e+00
1.038400e+04 -3.976092e+00
1.038500e+04 -3.750360e+00
1.038600e+04 -2.905881e+00
1.038700e+04 -1.610488e+00
1.038800e+04 -6.001455e-02
1.038900e+04 1.461933e+00
1.039000e+04 2.732692e+00
1.039100e+04 3.531577e+00
1.039200e+04 3.774117e+00
1.039300e+04 3.395082e+00
1.039400e+04 2.511639e+00
1.039500e+04 1.240704e+00
1.039600e+04 -1.849700e-01
1.039700e+04 -1.605474e+00
1.039800e+04 -2.792493e+00
1.039900e+04 -3.677156e+00
1.040000e+04 -4.162322e+00
1.040100e+04 -4.406827e+00
1.040200e+04 -4.301067e+00
1.040300e+04 -4.172492e+00
1.040400e+04 -3.908425e+00
1.040500e+04 -3.786054e+00
1.040600e+04 -3.605462e+00
1.040700e+04 -3.584023e+00
1.040800e+04 -3.485381e+00
1.040900e+04 -3.506020e+00
1.041000e+04 -3.426453e+00
1.041100e+04 -3.502135e+00
1.041200e+04 -3.520269e+00
1.041300e+04 -3.710993e+00
1.041400e+04 -3.803544e+00
1.041500e+04 -3.941339e+00
1.041600e+04 -3.794430e+00
1.041700e+04 -3.484859e+00
1.041800e+04 -2.706578e+00
1.041900e+04 -1.694853e+00
1.042000e+04 -3.071506e-01
1.042100e+04 1.067494e+00
1.042200e+04 2.451887e+00
1.042300e+04 3.401721e+00
1.042400e+04 3.961217e+00
1.042500e+04 3.806740e+00
1.042600e+04 3.162882e+00
1.042700e+04 1.891734e+00
1.042800e+04 4.021072e-01
1.042900e+04 -1.288776e+00
1.043000e+04 -2.704146e+00
1.043100e+04 -3.823771e+00
1.043200e+04 -4.252404e+00
1.043300e+04 -4.122952e+00
1.043400e+04 -3.245115e+00
1.043500e+04 -1.962225e+00
1.043600e+04 -2.772178e-01
1.043700e+04 1.347393e+00
1.043800e+04 2.876895e+00
1.043900e+04 3.935872e+00
1.044000e+04 4.647997e+00
1.044100e+04 4.846219e+00
1.044200e+04 4.841035e+00
1.044300e+04 4.597599e+00
1.044400e+04 4.445359e+00
1.044500e+04 4.279600e+00
1.044600e+04 4.273732e+00
1.044700e+04 4.166049e+00
1.044800e+04 3.995330e+00
1.044900e+04 3.458428e+00
1.045000e+04 2.643802e+00
1.045100e+04 1.403614e+00
1.045200e+04 6.966472e-03
1.045300e+04 -1.507030e+00
1.045400e+04 -2.752756e+00
1.045500e+04 -3.656169e+00
1.045600e+04 -3.922279e+00
1.045700e+04 -3.631763e+00
1.045800e+04 -2.708368e+00
1.045900e+04 -1.434091e+00
1.046000e+04 9.611666e-02
1.046100e+04 1.536064e+00
1.046200e+04 2.791806e+00
1.046300e+04 3.619252e+00
1.046400e+04 4.097004e+00
1.046500e+04 4.180629e+00
1.046600e+04 4.072996e+00
1.046700e+04 3.839308e+00
1.046800e+04 3.686884e+00
1.046900e+04 3.603251e+00
1.047000e+04 3.645874e+00
1.047100e+04 3.650314e+00
1.047200e+04 3.556686e+00
1.047300e+04 3.192501e+00
1.047400e+04 2.521539e+00
1.047500e+04 1.512761e+00
1.047600e+04 3.051294e-01
1.047700e+04 -9.782356e-01
1.047800e+04 -2.143114e+00
1.047900e+04 -3.074220e+00
1.048000e+04 -3.680763e+00
1.048100e+04 -3.998067e+00
1.048200e+04 -4.123888e+00
1.048300e+04 -4.167883e+00
1.048400e+04 -4.239061e+00
1.048500e+04 -4.368475e+00
1.048600e+04 -4.524570e+00
1.048700e+04 -4.575531e+00
1.048800e+04 -4.420897e+00
1.048900e+04 -3.904774e+00
1.049000e+04 -3.018882e+00
1.049100e+04 -1.773026e+00
1.049200e+04 -3.487850e-01
1.049300e+04 1.134200e+00
1.049400e+04 2.425234e+00
1.049500e+04 3.468257e+00
1.049600e+04 4.134686e+00
1.049700e+04 4.522285e+00
1.049800e+04 4.631739e+00
1.049900e+04 4.658362e+00
1.050000e+04 4.588070e+00
1.050100e+04 4.569454e+00
1.050200e+04 4.505798e+00
1.050300e+04 4.492296e+00
1.050400e+04 4.404672e+00
1.050500e+04 4.369312e+00
1.050600e+04 4.289629e+00
1.050700e+04 4.334445e+00
1.050800e+04 4.389808e+00
1.050900e+04 4.575824e+00
1.051000e+04 4.664989e+00
1.051100e+04 4.696189e+00
1.051200e+04 4.400640e+00
1.051300e+04 3.833489e+00
1.051400e+04 2.811800e+00
1.051500e+04 1.578848e+00
1.051600e+04 1.064542e-01
1.051700e+04 -1.250522e+00
1.051800e+04 -2.494719e+00
1.051900e+04 -3.316432e+00
1.052000e+04 -3.868382e+00
1.052100e+04 -4.024452e+00
1.052200e+04 -4.072444e+00
1.052300e+04 -3.934186e+00
1.052400e+04 -3.905424e+00
1.052500e+04 -3.825498e+00
1.052600e+04 -3.890281e+00
1.052700e+04 -3.860886e+00
1.052800e+04 -3.909140e+00
1.052900e+04 -3.817195e+00
1.053000e+04 -3.822579e+00
1.053100e+04 -3.752695e+00
1.053200e+04 -3.864078e+00
1.053300e+04 -3.932714e+00
1.053400e+04 -4.115137e+00
1.053500e+04 -4.084417e+00
1.053600e+04 -3.941618e+00
1.053700e+04 -3.347413e+00
1.053800e+04 -2.491591e+00
1.053900e+04 -1.198060e+00
1.054000e+04 1.768166e-01
1.054100e+04 1.679353e+00
1.054200e+04 2.891684e+00
1.054300e+04 3.918695e+00
1.054400e+04 4.464365e+00
1.054500e+04 4.784099e+00
1.054600e+04 4.742168e+00
1.054700e+04 4.682842e+00
1.054800e+04 4.463694e+00
1.054900e+04 4.377976e+00
1.055000e+04 4.195658e+00
1.055100e+04 4.125405e+00
1.055200e+04 3.918307e+00
1.055300e+04 3.802807e+00
1.055400e+04 3.573592e+00
1.055500e+04 3.519733e+00
1.055600e+04 3.462549e+00
1.055700e+04 3.637805e+00
1.055800e+04 3.778225e+00
1.055900e+04 3.997383e+00
1.056000e+04 3.924340e+00
1.056100e+04 3.631999e+00
1.056200e+04 2.832294e+00
1.056300e+04 1.716784e+00
1.056400e+04 2.048823e-01
1.056500e+04 -1.310281e+00
1.056600e+04 -2.763789e+00
1.056700e+04 -3.701164e+00
1.056800e+04 -4.139263e+00
1.056900e+04 -3.806078e+00
1.057000e+04 -2.926737e+00
1.057100e+04 -1.479706e+00
1.057200e+04 9.542513e-02
1.057300e+04 1.716986e+00
1.057400e+04 2.941928e+00
1.057500e+04 3.759442e+00
1.057600e+04 3.880185e+00
1.057700e+04 3.496097e+00
1.057800e+04 2.519078e+00
1.057900e+04 1.293465e+00
1.058000e+04 -1.507164e-01
1.058100e+04 -1.436282e+00
1.058200e+04 -2.585836e+00
1.058300e+04 -3.332455e+00
1.058400e+04 -3.833081e+00
1.058500e+04 -3.984650e+00
1.058600e+04 -4.063891e+00
1.058700e+04 -4.008048e+00
1.058800e+04 -4.063271e+00
1.058900e+04 -4.080285e+00
1.059000e+04 -4.159528e+00
1.059100e+04 -4.048913e+00
1.059200e+04 -3.769452e+00
1.059300e+04 -3.073778e+00
1.059400e+04 -2.102492e+00
1.059500e+04 -7.781349e-01
1.059600e+04 6.155024e-01
1.059700e+04 2.017200e+00
1.059800e+04 3.112565e+00
1.059900e+04 3.921791e+00
1.060000e+04 4.282622e+00
1.060100e+04 4.389340e+00
1.060200e+04 4.257225e+00
1.060300e+04 4.149446e+00
1.060400e+04 4.050858e+00
1.060500e+04 4.103236e+00
1.060600e+04 4.148491e+00
1.060700e+04 4.161950e+00
1.060800e+04 3.896442e+00
1.060900e+04 3.352757e+00
1.061000e+04 2.402973e+00
1.061100e+04 1.183871e+00
1.061200e+04 -2.475364e-01
1.061300e+04 -1.636420e+00
1.061400e+04 -2.893271e+00
1.061500e+04 -3.829382e+00
1.061600e+04 -4.469446e+00
1.061700e+04 -4.775128e+00
1.061800e+04 -4.882329e+00
1.061900e+04 -4.831087e+00
1.062000e+04 -4.751132e+00
1.062100e+04 -4.648324e+00
1.062200e+04 -4.572424e+00
1.062300e+04 -4.472292e+00
1.062400e+04 -4.383244e+00
1.062500e+04 -4.278273e+00
1.062600e+04 -4.189126e+00
1.062700e+04 -4.129568e+00
1.062800e+04 -4.132225e+00
1.062900e+04 -4.180338e+00
1.063000e+04 -4.261381e+00
1.063100e+04 -4.323736e+00
1.063200e+04 -4.328722e+00
1.063300e+04 -4.278215e+00
1.063400e+04 -4.174184e+00
1.063500e+04 -4.070260e+00
1.063600e+04 -3.999664e+00
1.063700e+04 -4.002228e+00
1.063800e+04 -4.016667e+00
1.063900e+04 -4.004159e+00
1.064000e+04 -3.806647e+00
1.064100e+04 -3.338312e+00
1.064200e+04 -2.491958e+00
1.064300e+04 -1.332248e+00
1.064400e+04 9.086578e-02
1.064500e+04 1.523791e+00
1.064600e+04 2.800234e+00
1.064700e+04 3.624891e+00
1.064800e+04 3.905651e+00
1.064900e+04 3.527360e+00
1.065000e+04 2.622640e+00
1.065100e+04 1.256047e+00
1.065200e+04 -2.625524e-01
1.065300e+04 -1.784845e+00
1.065400e+04 -3.003540e+00
1.065500e+04 -3.837044e+00
1.065600e+04 -4.078737e+00
1.065700e+04 -3.811391e+00
1.065800e+04 -2.968534e+00
1.065900e+04 -1.767716e+00
1.066000e+04 -2.715824e-01
1.066100e+04 1.201617e+00
1.066200e+04 2.552061e+00
1.066300e+04 3.448518e+00
1.066400e+04 3.873328e+00
1.066500e+04 3.634335e+00
1.066600e+04 2.874909e+00
1.066700e+04 1.581558e+00
1.066800e+04 9.194028e-02
1.066900e+04 -1.501101e+00
1.067000e+04 -2.813421e+00
1.067100e+04 -3.768259e+00
1.067200e+04 -4.090206e+00
1.067300e+04 -3.880531e+00
1.067400e+04 -3.028413e+00
1.067500e+04 -1.823900e+00
1.067600e+04 -3.231852e-01
1.067700e+04 1.104596e+00
1.067800e+04 2.409310e+00
1.067900e+04 3.287572e+00
1.068000e+04 3.849172e+00
1.068100e+04 3.975865e+00
1.068200e+04 3.934494e+00
1.068300e+04 3.710011e+00
1.068400e+04 3.598574e+00
1.068500e+04 3.500340e+00
1.068600e+04 3.561463e+00
1.068700e+04 3.534554e+00
1.068800e+04 3.446263e+00
1.068900e+04 2.995546e+00
1.069000e+04 2.283382e+00
1.069100e+04 1.162718e+00
1.069200e+04 -9.813517e-02
1.069300e+04 -1.488704e+00
1.069400e+04 -2.655947e+00
1.069500e+04 -3.620619e+00
1.069600e+04 -4.147411e+00
1.069700e+04 -4.424538e+00
1.069800e+04 -4.384543e+00
1.069900e+04 -4.318995e+00
1.070000e+04 -4.169050e+00
1.070100e+04 -4.146097e+00
1.070200e+04 -4.056134e+00
1.070300e+04 -3.952721e+00
1.070400e+04 -3.551601e+00
1.070500e+04 -2.910208e+00
1.070600e+04 -1.830821e+00
1.070700e+04 -5.275551e-01
1.070800e+04 1.000989e+00
1.070900e+04 2.411552e+00
1.071000e+04 3.658460e+00
1.071100e+04 4.444235e+00
1.071200e+04 4.878757e+00
1.071300e+04 4.880985e+00
1.071400e+04 4.716249e+00
1.071500e+04 4.413882e+00
1.071600e+04 4.256806e+00
1.071700e+04 4.177994e+00
1.071800e+04 4.275550e+00
1.071900e+04 4.310903e+00
1.072000e+04 4.229399e+00
1.072100e+04 3.837252e+00
1.072200e+04 3.011192e+00
1.072300e+04 1.816254e+00
1.072400e+04 3.153461e-01
1.072500e+04 -1.241601e+00
1.072600e+04 -2.647570e+00
1.072700e+04 -3.620982e+00
1.072800e+04 -4.048808e+00
1.072900e+04 -3.818216e+00
1.073000e+04 -3.020022e+00
1.073100e+04 -1.777533e+00
1.073200e+04 -3.494786e-01
1.073300e+04 1.072828e+00
1.073400e+04 2.257184e+00
1.073500e+04 3.125728e+00
1.073600e+04 3.626403e+00
1.073700e+04 3.857617e+00
1.073800e+04 3.913981e+00
1.073900e+04 3.953425e+00
1.074000e+04 4.037151e+00
1.074100e+04 4.206497e+00
1.074200e+04 4.366865e+00
1.074300e+04 4.427603e+00
1.074400e+04 4.233216e+00
1.074500e+04 3.687125e+00
1.074600e+04 2.752713e+00
1.074700e+04 1.515131e+00
1.074800e+04 1.000062e-01
1.074900e+04 -1.300438e+00
1.075000e+04 -2.513929e+00
1.075100e+04 -3.410216e+00
1.075200e+04 -3.960042e+00
1.075300e+04 -4.196452e+00
1.075400e+04 -4.204875e+00
1.075500e+04 -4.105909e+00
1.075600e+04 -3.990820e+00
1.075700e+04 -3.919668e+00
1.075800e+04 -3.895814e+00
1.075900e+04 -3.908540e+00
1.076000e+04 -3.909215e+00
1.076100e+04 -3.887233e+00
1.076200e+04 -3.815756e+00
1.076300e+04 -3.723559e+00
1.076400e+04 -3.611652e+00
1.076500e+04 -3.530465e+00
1.076600e+04 -3.468081e+00
1.076700e+04 -3.462823e+00
1.076800e+04 -3.480401e+00
1.076900e+04 -3.543917e+00
1.077000e+04 -3.607844e+00
1.077100e+04 -3.700442e+00
1.077200e+04 -3.766691e+00
1.077300e+04 -3.840482e+00
1.077400e+04 -3.855760e+00
1.077500e+04 -3.856735e+00
1.077600e+04 -3.806986e+00
1.077700e+04 -3.762017e+00
1.077800e+04 -3.681439e+00
1.077900e+04 -3.648667e+00
1.078000e+04 -3.607858e+00
1.078100e+04 -3.614996e+00
1.078200e+04 -3.592822e+00
1.078300e+04 -3.591123e+00
1.078400e+04 -3.540413e+00
1.078500e+04 -3.526507e+00
1.078600e+04 -3.505433e+00
1.078700e+04 -3.587119e+00
1.078800e+04 -3.708133e+00
1.078900e+04 -3.921527e+00
1.079000e+04 -4.084104e+00
1.079100e+04 -4.165082e+00
1.079200e+04 -3.950923e+00
1.079300e+04 -3.448956e+00
1.079400e+04 -2.539947e+00
1.079500e+04 -1.356129e+00
1.079600e+04 6.164801e-02
1.079700e+04 1.441567e+00
1.079800e+04 2.694959e+00
1.079900e+04 3.592821e+00
1.080000e+04 4.184169e+00
1.080100e+04 4.394818e+00
1.080200e+04 4.431082e+00
1.080300e+04 4.325524e+00
1.080400e+04 4.289598e+00
1.080500e+04 4.263393e+00
1.080600e+04 4.321704e+00
1.080700e+04 4.254619e+00
1.080800e+04 4.036228e+00
1.080900e+04 3.431773e+00
1.081000e+04 2.496060e+00
1.081100e+04 1.149816e+00
1.081200e+04 -3.646402e-01
1.081300e+04 -1.957068e+00
1.081400e+04 -3.269396e+00
1.081500e+04 -4.206161e+00
1.081600e+04 -4.482541e+00
1.081700e+04 -4.149979e+00
1.081800e+04 -3.148633e+00
1.081900e+04 -1.753141e+00
1.082000e+04 -6.601006e-02
1.082100e+04 1.522072e+00
1.082200e+04 2.877425e+00
1.082300e+04 3.660805e+00
1.082400e+04 3.878039e+00
1.082500e+04 3.390635e+00
1.082600e+04 2.395517e+00
1.082700e+04 9.372873e-01
1.082800e+04 -6.253166e-01
1.082900e+04 -2.172233e+00
1.083000e+04 -3.346004e+00
1.083100e+04 -4.095345e+00
1.083200e+04 -4.189625e+00
1.083300e+04 -3.741834e+00
1.083400e+04 -2.699847e+00
1.083500e+04 -1.333286e+00
1.083600e+04 2.873054e-01
1.083700e+04 1.814050e+00
1.083800e+04 3.158846e+00
1.083900e+04 4.011500e+00
1.084000e+04 4.367977e+00
1.084100e+04 4.051105e+00
1.084200e+04 3.219445e+00
1.084300e+04 1.867630e+00
1.084400e+04 3.094941e-01
1.084500e+04 -1.335388e+00
1.084600e+04 -2.702067e+00
1.084700e+04 -3.693429e+00
1.084800e+04 -4.035106e+00
1.084900e+04 -3.796663e+00
1.085000e+04 -2.913461e+00
1.085100e+04 -1.643764e+00
1.085200e+04 -8.126265e-02
1.085300e+04 1.409309e+00
1.085400e+04 2.708447e+00
1.085500e+04 3.526360e+00
1.085600e+04 3.854532e+00
1.085700e+04 3.539009e+00
1.085800e+04 2.748560e+00
1.085900e+04 1.495906e+00
1.086000e+04 5.055773e-02
1.086100e+04 -1.479877e+00
1.086200e+04 -2.780734e+00
1.086300e+04 -3.769196e+00
1.086400e+04 -4.191306e+00
1.086500e+04 -4.061370e+00
1.086600e+04 -3.296209e+00
1.086700e+04 -2.084910e+00
1.086800e+04 -5.071806e-01
1.086900e+04 1.109486e+00
1.087000e+04 2.589442e+00
1.087100e+04 3.608390e+00
1.087200e+04 4.092669e+00
1.087300e+04 3.887544e+00
1.087400e+04 3.114977e+00
1.087500e+04 1.852625e+00
1.087600e+04 3.995848e-01
1.087700e+04 -1.079601e+00
1.087800e+04 -2.301961e+00
1.087900e+04 -3.208849e+00
1.088000e+04 -3.715422e+00
1.088100e+04 -3.906374e+00
1.088200e+04 -3.934149e+00
1.088300e+04 -3.906288e+00
1.088400e+04 -3.975569e+00
1.088500e+04 -4.120668e+00
1.088600e+04 -4.343748e+00
1.088700e+04 -4.449229e+00
1.088800e+04 -4.360394e+00
1.088900e+04 -3.867680e+00
1.089000e+04 -3.013811e+00
1.089100e+04 -1.753614e+00
1.089200e+04 -3.404428e-01
1.089300e+04 1.147907e+00
1.089400e+04 2.395947e+00
1.089500e+04 3.385478e+00
1.089600e+04 3.930294e+00
1.089700e+04 4.226490e+00
1.089800e+04 4.209843e+00
1.089900e+04 4.168688e+00
1.090000e+04 4.038062e+00
1.090100e+04 4.043288e+00
1.090200e+04 4.000658e+00
1.090300e+04 4.081978e+00
1.090400e+04 4.037152e+00
1.090500e+04 4.072026e+00
1.090600e+04 3.991144e+00
1.090700e+04 4.051001e+00
1.090800e+04 4.038491e+00
1.090900e+04 4.190800e+00
1.091000e+04 4.191770e+00
1.091100e+04 4.212361e+00
1.091200e+04 3.854200e+00
1.091300e+04 3.305434e+00
1.091400e+04 2.265754e+00
1.091500e+04 1.091904e+00
1.091600e+04 -3.914762e-01
1.091700e+04 -1.690544e+00
1.091800e+04 -2.958418e+00
1.091900e+04 -3.738166e+00
1.092000e+04 -4.331848e+00
1.092100e+04 -4.439430e+00
1.092200e+04 -4.509575e+00
1.092300e+04 -4.304985e+00
1.092400e+04 -4.299294e+00
1.092500e+04 -4.159692e+00
1.092600e+04 -4.247208e+00
1.092700e+04 -4.087293e+00
1.092800e+04 -3.981465e+00
1.092900e+04 -3.414762e+00
1.093000e+04 -2.739306e+00
1.093100e+04 -1.552255e+00
1.093200e+04 -3.715854e-01
1.093300e+04 1.078409e+00
1.093400e+04 2.156288e+00
1.093500e+04 3.112359e+00
1.093600e+04 3.337197e+00
1.093700e+04 3.223534e+00
1.093800e+04 2.337278e+00
1.093900e+04 1.281547e+00
1.094000e+04 -2.192646e-01
1.094100e+04 -1.458863e+00
1.094200e+04 -2.722919e+00
1.094300e+04 -3.395435e+00
1.094400e+04 -3.955839e+00
1.094500e+04 -3.957732e+00
1.094600e+04 -4.038603e+00
1.094700e+04 -3.831171e+00
1.094800e+04 -3.957115e+00
1.094900e+04 -3.915286e+00
1.095000e+04 -4.169488e+00
1.095100e+04 -4.069091e+00
1.095200e+04 -3.998291e+00
1.095300e+04 -3.288268e+00
1.095400e+04 -2.447924e+00
1.095500e+04 -9.964821e-01
1.095600e+04 3.684024e-01
1.095700e+04 1.986044e+00
1.095800e+04 3.085896e+00
1.095900e+04 4.077919e+00
1.096000e+04 4.356981e+00
1.096100e+04 4.531321e+00
1.096200e+04 4.181701e+00
1.096300e+04 4.055155e+00
1.096400e+04 3.730565e+00
1.096500e+04 3.841271e+00
1.096600e+04 3.786491e+00
1.096700e+04 4.019728e+00
1.096800e+04 3.799054e+00
1.096900e+04 3.525070e+00
1.097000e+04 2.545726e+00
1.097100e+04 1.450475e+00
1.097200e+04 -2.008204e-01
1.097300e+04 -1.612380e+00
1.097400e+04 -3.087080e+00
1.097500e+04 -3.818660e+00
1.097600e+04 -4.213291e+00
1.097700e+04 -3.655478e+00
1.097800e+04 -2.778389e+00
1.097900e+04 -1.192693e+00
1.098000e+04 3.025563e-01
1.098100e+04 2.003705e+00
1.098200e+04 3.112984e+00
1.098300e+04 4.001322e+00
1.098400e+04 4.013636e+00
1.098500e+04 3.690980e+00
1.098600e+04 2.575622e+00
1.098700e+04 1.370609e+00
1.098800e+04 -2.527351e-01
1.098900e+04 -1.546872e+00
1.099000e+04 -2.866442e+00
1.099100e+04 -3.579806e+00
1.099200e+04 -4.186937e+00
1.099300e+04 -4.230492e+00
1.099400e+04 -4.331786e+00
1.099500e+04 -4.101766e+00
1.099600e+04 -4.138175e+00
1.099700e+04 -3.983404e+00
1.099800e+04 -4.129073e+00
1.099900e+04 -4.047860e+00
1.100000e+04 -4.168026e+00
1.100100e+04 -4.000179e+00
1.100200e+04 -4.042046e+00
1.100300e+04 -3.863762e+00
1.100400e+04 -3.973465e+00
1.100500e+04 -3.936152e+00
1.100600e+04 -4.156036e+00
1.100700e+04 -4.097421e+00
1.100800e+04 -4.060792e+00
1.100900e+04 -3.497990e+00
1.101000e+04 -2.766809e+00
1.101100e+04 -1.485195e+00
1.101200e+04 -1.792843e-01
1.101300e+04 1.364941e+00
1.101400e+04 2.548951e+00
1.101500e+04 3.598802e+00
1.101600e+04 4.078608e+00
1.101700e+04 4.379985e+00
1.101800e+04 4.252570e+00
1.101900e+04 4.207303e+00
1.102000e+04 4.023882e+00
1.102100e+04 4.091992e+00
1.102200e+04 4.047393e+00
1.102300e+04 4.108460e+00
1.102400e+04 3.838709e+00
1.102500e+04 3.419944e+00
1.102600e+04 2.505774e+00
1.102700e+04 1.436838e+00
1.102800e+04 4.923487e-02
1.102900e+04 -1.212411e+00
1.103000e+04 -2.441472e+00
1.103100e+04 -3.268072e+00
1.103200e+04 -3.876223e+00
1.103300e+04 -4.044591e+00
1.103400e+04 -4.092995e+00
1.103500e+04 -3.903866e+00
1.103600e+04 -3.784183e+00
1.103700e+04 -3.597035e+00
1.103800e+04 -3.579466e+00
1.103900e+04 -3.546186e+00
1.104000e+04 -3.654839e+00
1.104100e+04 -3.694200e+00
1.104200e+04 -3.856721e+00
1.104300e+04 -3.925456e+00
1.104400e+04 -4.077489e+00
1.104500e+04 -4.130021e+00
1.104600e+04 -4.230762e+00
1.104700e+04 -4.209907e+00
1.104800e+04 -4.198561e+00
1.104900e+04 -4.066309e+00
1.105000e+04 -3.955368e+00
1.105100e+04 -3.783730e+00
1.105200e+04 -3.689292e+00
1.105300e+04 -3.607517e+00
1.105400e+04 -3.628895e+00
1.105500e+04 -3.677886e+00
1.105600e+04 -3.797071e+00
1.105700e+04 -3.904198e+00
1.105800e+04 -4.024904e+00
1.105900e+04 -4.126757e+00
1.106000e+04 -4.225249e+00
1.106100e+04 -4.300694e+00
1.106200e+04 -4.327826e+00
1.106300e+04 -4.266654e+00
1.106400e+04 -4.021574e+00
1.106500e+04 -3.533888e+00
1.106600e+04 -2.724881e+00
1.106700e+04 -1.643503e+00
1.106800e+04 -3.172958e-01
1.106900e+04 1.033571e+00
1.107000e+04 2.279787e+00
1.107100e+04 3.124687e+00
1.107200e+04 3.498868e+00
1.107300e+04 3.245234e+00
1.107400e+04 2.501214e+00
1.107500e+04 1.289678e+00
1.107600e+04 -6.085336e-02
1.107700e+04 -1.455214e+00
1.107800e+04 -2.576940e+00
1.107900e+04 -3.460227e+00
1.108000e+04 -3.924014e+00
1.108100e+04 -4.166335e+00
1.108200e+04 -4.124672e+00
1.108300e+04 -4.070038e+00
1.108400e+04 -3.910834e+00
1.108500e+04 -3.889146e+00
1.108600e+04 -3.832986e+00
1.108700e+04 -3.916594e+00
1.108800e+04 -3.935429e+00
1.108900e+04 -4.074954e+00
1.109000e+04 -4.109120e+00
1.109100e+04 -4.250392e+00
1.109200e+04 -4.285078e+00
1.109300e+04 -4.421772e+00
1.109400e+04 -4.414965e+00
1.109500e+04 -4.477474e+00
1.109600e+04 -4.381267e+00
1.109700e+04 -4.359150e+00
1.109800e+04 -4.197299e+00
1.109900e+04 -4.184886e+00
1.110000e+04 -4.114063e+00
1.110100e+04 -4.237638e+00
1.110200e+04 -4.277343e+00
1.110300e+04 -4.400371e+00
1.110400e+04 -4.244795e+00
1.110500e+04 -3.934985e+00
1.110600e+04 -3.133763e+00
1.110700e+04 -2.077358e+00
1.110800e+04 -5.972769e-01
1.110900e+04 8.724149e-01
1.111000e+04 2.343377e+00
1.111100e+04 3.316271e+00
1.111200e+04 3.831325e+00
1.111300e+04 3.549657e+00
1.111400e+04 2.763922e+00
1.111500e+04 1.384452e+00
1.111600e+04 -9.891081e-02
1.111700e+04 -1.659665e+00
1.111800e+04 -2.835993e+00
1.111900e+04 -3.730037e+00
1.112000e+04 -4.098529e+00
1.112100e+04 -4.255003e+00
1.112200e+04 -4.093699e+00
1.112300e+04 -3.982581e+00
1.112400e+04 -3.801678e+00
1.112500e+04 -3.810233e+00
1.112600e+04 -3.787224e+00
1.112700e+04 -3.891741e+00
1.112800e+04 -3.885425e+00
1.112900e+04 -3.960956e+00
1.113000e+04 -3.934837e+00
1.113100e+04 -4.028408e+00
1.113200e+04 -4.093324e+00
1.113300e+04 -4.297750e+00
1.113400e+04 -4.409346e+00
1.113500e+04 -4.498157e+00
1.113600e+04 -4.287923e+00
1.113700e+04 -3.819348e+00
1.113800e+04 -2.903074e+00
1.113900e+04 -1.712923e+00
1.114000e+04 -2.331066e-01
1.114100e+04 1.231791e+00
1.114200e+04 2.567776e+00
1.114300e+04 3.462047e+00
1.114400e+04 3.865523e+00
1.114500e+04 3.609372e+00
1.114600e+04 2.805560e+00
1.114700e+04 1.512529e+00
1.114800e+04 -3.761292e-03
1.114900e+04 -1.561605e+00
1.115000e+04 -2.870427e+00
1.115100e+04 -3.755003e+00
1.115200e+04 -4.045851e+00
1.115300e+04 -3.723368e+00
1.115400e+04 -2.817576e+00
1.115500e+04 -1.462466e+00
1.115600e+04 1.221979e-01
1.115700e+04 1.715356e+00
1.115800e+04 3.052476e+00
1.115900e+04 3.961462e+00
1.116000e+04 4.253093e+00
1.116100e+04 3.939175e+00
1.116200e+04 2.997278e+00
1.116300e+04 1.633176e+00
1.116400e+04 -3.249466e-02
1.116500e+04 -1.658521e+00
1.116600e+04 -3.110803e+00
1.116700e+04 -4.050563e+00
1.116800e+04 -4.469856e+00
1.116900e+04 -4.178919e+00
1.117000e+04 -3.366675e+00
1.117100e+04 -2.005181e+00
1.117200e+04 -4.740021e-01
1.117300e+04 1.166763e+00
1.117400e+04 2.492709e+00
1.117500e+04 3.501852e+00
1.117600e+04 3.829247e+00
1.117700e+04 3.653611e+00
1.117800e+04 2.780149e+00
1.117900e+04 1.569631e+00
1.118000e+04 -3.791368e-02
1.118100e+04 -1.531574e+00
1.118200e+04 -2.943274e+00
1.118300e+04 -3.771013e+00
1.118400e+04 -4.168222e+00
1.118500e+04 -3.777583e+00
1.118600e+04 -2.975183e+00
1.118700e+04 -1.589859e+00
1.118800e+04 -1.727855e-01
1.118900e+04 1.391065e+00
1.119000e+04 2.537642e+00
1.119100e+04 3.515900e+00
1.119200e+04 3.930122e+00
1.119300e+04 4.212435e+00
1.119400e+04 4.081501e+00
1.119500e+04 4.078284e+00
1.119600e+04 3.885720e+00
1.119700e+04 3.976272e+00
1.119800e+04 3.910624e+00
1.119900e+04 4.075855e+00
1.120000e+04 4.052732e+00
1.120100e+04 4.010893e+00
1.120200e+04 3.952835e+00
1.120300e+04 3.863134e+00
1.120400e+04 3.853106e+00
1.120500e+04 3.886113e+00
1.120600e+04 3.984684e+00
1.120700e+04 3.993682e+00
1.120800e+04 3.848729e+00
1.120900e+04 3.373867e+00
1.121000e+04 2.532347e+00
1.121100e+04 1.293694e+00
1.121200e+04 -1.760745e-01
1.121300e+04 -1.728586e+00
1.121400e+04 -3.069414e+00
1.121500e+04 -4.006730e+00
1.121600e+04 -4.326096e+00
1.121700e+04 -3.996490e+00
1.121800e+04 -3.026452e+00
1.121900e+04 -1.606600e+00
1.122000e+04 7.397205e-02
1.122100e+04 1.725240e+00
1.122200e+04 3.141074e+00
1.122300e+04 4.078055e+00
1.122400e+04 4.436747e+00
1.122500e+04 4.154015e+00
1.122600e+04 3.294161e+00
1.122700e+04 1.950693e+00
1.122800e+04 3.527490e-01
1.122900e+04 -1.284676e+00
1.123000e+04 -2.680953e+00
1.123100e+04 -3.630837e+00
1.123200e+04 -3.967344e+00
1.123300e+04 -3.658396e+00
1.123400e+04 -2.742425e+00
1.123500e+04 -1.411605e+00
1.123600e+04 1.148109e-01
1.123700e+04 1.570749e+00
1.123800e+04 2.760843e+00
1.123900e+04 3.547788e+00
1.124000e+04 3.920079e+00
1.124100e+04 3.935272e+00
1.124200e+04 3.735604e+00
1.124300e+04 3.462906e+00
1.124400e+04 3.246203e+00
1.124500e+04 3.151789e+00
1.124600e+04 3.209636e+00
1.124700e+04 3.376435e+00
1.124800e+04 3.596626e+00
1.124900e+04 3.826687e+00
1.125000e+04 4.031043e+00
1.125100e+04 4.185705e+00
1.125200e+04 4.303929e+00
1.125300e+04 4.393098e+00
1.125400e+04 4.464211e+00
1.125500e+04 4.530252e+00
1.125600e+04 4.583028e+00
1.125700e+04 4.607302e+00
1.125800e+04 4.606359e+00
1.125900e+04 4.574591e+00
1.126000e+04 4.498140e+00
1.126100e+04 4.381648e+00
1.126200e+04 4.220209e+00
1.126300e+04 4.022739e+00
1.126400e+04 3.825297e+00
1.126500e+04 3.666507e+00
1.126600e+04 3.576493e+00
1.126700e+04 3.598854e+00
1.126800e+04 3.732440e+00
1.126900e+04 3.934958e+00
1.127000e+04 4.103455e+00
1.127100e+04 4.111767e+00
1.127200e+04 3.842788e+00
1.127300e+04 3.212491e+00
1.127400e+04 2.200545e+00
1.127500e+04 8.979592e-01
1.127600e+04 -5.454303e-01
1.127700e+04 -1.935852e+00
1.127800e+04 -3.099465e+00
1.127900e+04 -3.924564e+00
1.128000e+04 -4.375122e+00
1.128100e+04 -4.503613e+00
1.128200e+04 -4.438186e+00
1.128300e+04 -4.304572e+00
1.128400e+04 -4.204557e+00
1.128500e+04 -4.188422e+00
1.128600e+04 -4.234528e+00
1.128700e+04 -4.302496e+00
1.128800e+04 -4.339637e+00
1.128900e+04 -4.305964e+00
1.129000e+04 -4.209110e+00
1.129100e+04 -4.102926e+00
1.129200e+04 -4.025103e+00
1.129300e+04 -4.004836e+00
1.129400e+04 -4.015098e+00
1.129500e+04 -3.976417e+00
1.129600e+04 -3.767420e+00
1.129700e+04 -3.299558e+00
1.129800e+04 -2.502024e+00
1.129900e+04 -1.399897e+00
1.130000e+04 -8.767962e-02
1.130100e+04 1.258191e+00
1.130200e+04 2.476767e+00
1.130300e+04 3.412021e+00
1.130400e+04 4.015304e+00
1.130500e+04 4.287154e+00
1.130600e+04 4.340297e+00
1.130700e+04 4.278061e+00
1.130800e+04 4.226017e+00
1.130900e+04 4.216395e+00
1.131000e+04 4.244117e+00
1.131100e+04 4.180465e+00
1.131200e+04 3.934360e+00
1.131300e+04 3.371605e+00
1.131400e+04 2.458373e+00
1.131500e+04 1.199898e+00
1.131600e+04 -2.435461e-01
1.131700e+04 -1.722233e+00
1.131800e+04 -2.989828e+00
1.131900e+04 -3.870284e+00
1.132000e+04 -4.183291e+00
1.132100e+04 -3.916821e+00
1.132200e+04 -3.055568e+00
1.132300e+04 -1.760505e+00
1.132400e+04 -1.897206e-01
1.132500e+04 1.381739e+00
1.132600e+04 2.759130e+00
1.132700e+04 3.687746e+00
1.132800e+04 4.076556e+00
1.132900e+04 3.823953e+00
1.133000e+04 3.030432e+00
1.133100e+04 1.784028e+00
1.133200e+04 3.440967e-01
1.133300e+04 -1.125141e+00
1.133400e+04 -2.365678e+00
1.133500e+04 -3.301405e+00
1.133600e+04 -3.840514e+00
1.133700e+04 -4.092600e+00
1.133800e+04 -4.096618e+00
1.133900e+04 -4.059116e+00
1.134000e+04 -4.023696e+00
1.134100e+04 -4.107435e+00
1.134200e+04 -4.221336e+00
1.134300e+04 -4.339087e+00
1.134400e+04 -4.245165e+00
1.134500e+04 -3.892818e+00
1.134600e+04 -3.127128e+00
1.134700e+04 -2.019590e+00
1.134800e+04 -5.939915e-01
1.134900e+04 8.882940e-01
1.135000e+04 2.274587e+00
1.135100e+04 3.251670e+00
1.135200e+04 3.735518e+00
1.135300e+04 3.557065e+00
1.135400e+04 2.826539e+00
1.135500e+04 1.596669e+00
1.135600e+04 1.645330e-01
1.135700e+04 -1.331457e+00
1.135800e+04 -2.595078e+00
1.135900e+04 -3.583263e+00
1.136000e+04 -4.144066e+00
1.136100e+04 -4.447325e+00
1.136200e+04 -4.423315e+00
1.136300e+04 -4.348144e+00
1.136400e+04 -4.149849e+00
1.136500e+04 -4.047020e+00
1.136600e+04 -3.883806e+00
1.136700e+04 -3.805108e+00
1.136800e+04 -3.645426e+00
1.136900e+04 -3.559163e+00
1.137000e+04 -3.414126e+00
1.137100e+04 -3.407768e+00
1.137200e+04 -3.416427e+00
1.137300e+04 -3.580333e+00
1.137400e+04 -3.697262e+00
1.137500e+04 -3.792455e+00
1.137600e+04 -3.610043e+00
1.137700e+04 -3.189545e+00
1.137800e+04 -2.345947e+00
1.137900e+04 -1.248163e+00
1.138000e+04 9.952021e-02
1.138100e+04 1.404612e+00
1.138200e+04 2.595032e+00
1.138300e+04 3.421330e+00
1.138400e+04 3.939121e+00
1.138500e+04 4.064087e+00
1.138600e+04 3.994014e+00
1.138700e+04 3.770471e+00
1.138800e+04 3.601855e+00
1.138900e+04 3.466256e+00
1.139000e+04 3.465215e+00
1.139100e+04 3.488793e+00
1.139200e+04 3.553507e+00
1.139300e+04 3.556060e+00
1.139400e+04 3.569104e+00
1.139500e+04 3.554453e+00
1.139600e+04 3.606341e+00
1.139700e+04 3.695812e+00
1.139800e+04 3.833807e+00
1.139900e+04 3.894677e+00
1.140000e+04 3.786103e+00
1.140100e+04 3.352664e+00
1.140200e+04 2.547713e+00
1.140300e+04 1.362995e+00
1.140400e+04 -7.575560e-02
1.140500e+04 -1.594538e+00
1.140600e+04 -2.978333e+00
1.140700e+04 -4.035855e+00
1.140800e+04 -4.681815e+00
1.140900e+04 -4.920497e+00
1.141000e+04 -4.862084e+00
1.141100e+04 -4.632130e+00
1.141200e+04 -4.404010e+00
1.141300e+04 -4.218350e+00
1.141400e+04 -4.097561e+00
1.141500e+04 -3.907393e+00
1.141600e+04 -3.571450e+00
1.141700e+04 -2.924134e+00
1.141800e+04 -1.985029e+00
1.141900e+04 -7.451252e-01
1.142000e+04 5.885766e-01
1.142100e+04 1.906462e+00
1.142200e+04 2.956011e+00
1.142300e+04 3.721751e+00
1.142400e+04 4.089100e+00
1.142500e+04 4.217386e+00
1.142600e+04 4.126382e+00
1.142700e+04 4.045367e+00
1.142800e+04 3.939875e+00
1.142900e+04 3.958048e+00
1.143000e+04 3.952188e+00
1.143100e+04 4.001944e+00
1.143200e+04 3.933851e+00
1.143300e+04 3.888285e+00
1.143400e+04 3.763284e+00
1.143500e+04 3.769356e+00
1.143600e+04 3.803910e+00
1.143700e+04 4.025434e+00
1.143800e+04 4.202954e+00
1.143900e+04 4.382229e+00
1.144000e+04 4.224952e+00
1.144100e+04 3.771238e+00
1.144200e+04 2.787394e+00
1.144300e+04 1.499397e+00
1.144400e+04 -1.282097e-01
1.144500e+04 -1.662255e+00
1.144600e+04 -3.036659e+00
1.144700e+04 -3.829152e+00
1.144800e+04 -4.107687e+00
1.144900e+04 -3.637613e+00
1.145000e+04 -2.736822e+00
1.145100e+04 -1.377476e+00
1.145200e+04 -4.316479e-03
1.145300e+04 1.388521e+00
1.145400e+04 2.418152e+00
1.145500e+04 3.231516e+00
1.145600e+04 3.599980e+00
1.145700e+04 3.845502e+00
1.145800e+04 3.839370e+00
1.145900e+04 3.928454e+00
1.146000e+04 3.949765e+00
1.146100e+04 4.163681e+00
1.146200e+04 4.276890e+00
1.146300e+04 4.449569e+00
1.146400e+04 4.309818e+00
1.146500e+04 3.999695e+00
1.146600e+04 3.207546e+00
1.146700e+04 2.195380e+00
1.146800e+04 7.873760e-01
1.146900e+04 -5.926709e-01
1.147000e+04 -2.007565e+00
1.147100e+04 -2.982708e+00
1.147200e+04 -3.597326e+00
1.147300e+04 -3.486368e+00
1.147400e+04 -2.911200e+00
1.147500e+04 -1.699129e+00
1.147600e+04 -3.016146e-01
1.147700e+04 1.298907e+00
1.147800e+04 2.579662e+00
1.147900e+04 3.589235e+00
1.148000e+04 3.898780e+00
1.148100e+04 3.711236e+00
1.148200e+04 2.815063e+00
1.148300e+04 1.611962e+00
1.148400e+04 3.968810e-02
1.148500e+04 -1.396301e+00
1.148600e+04 -2.727684e+00
1.148700e+04 -3.504638e+00
1.148800e+04 -3.870090e+00
1.148900e+04 -3.523497e+00
1.149000e+04 -2.771310e+00
1.149100e+04 -1.479646e+00
1.149200e+04 -8.404922e-02
1.149300e+04 1.451354e+00
1.149400e+04 2.659474e+00
1.149500e+04 3.603789e+00
1.149600e+04 3.892327e+00
1.149700e+04 3.715578e+00
1.149800e+04 2.872038e+00
1.149900e+04 1.717849e+00
1.150000e+04 2.010150e-01
1.150100e+04 -1.222162e+00
1.150200e+04 -2.577833e+00
1.150300e+04 -3.483550e+00
1.150400e+04 -4.097168e+00
1.150500e+04 -4.218232e+00
1.150600e+04 -4.169136e+00
1.150700e+04 -3.873661e+00
1.150800e+04 -3.680421e+00
1.150900e+04 -3.460471e+00
1.151000e+04 -3.423140e+00
1.151100e+04 -3.299405e+00
1.151200e+04 -3.161838e+00
1.151300e+04 -2.674027e+00
1.151400e+04 -1.945329e+00
1.151500e+04 -7.881019e-01
1.151600e+04 5.234512e-01
1.151700e+04 1.988256e+00
1.151800e+04 3.200823e+00
1.151900e+04 4.099967e+00
1.152000e+04 4.388159e+00
1.152100e+04 4.072425e+00
1.152200e+04 3.199654e+00
1.152300e+04 1.887746e+00
1.152400e+04 3.944159e-01
1.152500e+04 -1.102871e+00
1.152600e+04 -2.362805e+00
1.152700e+04 -3.322158e+00
1.152800e+04 -3.875075e+00
1.152900e+04 -4.146934e+00
1.153000e+04 -4.173965e+00
1.153100e+04 -4.156741e+00
1.153200e+04 -4.113492e+00
1.153300e+04 -4.188550e+00
1.153400e+04 -4.260323e+00
1.153500e+04 -4.345959e+00
1.153600e+04 -4.213658e+00
1.153700e+04 -3.847958e+00
1.153800e+04 -3.054578e+00
1.153900e+04 -1.954744e+00
1.154000e+04 -5.240164e-01
1.154100e+04 9.218559e-01
1.154200e+04 2.274356e+00
1.154300e+04 3.169149e+00
1.154400e+04 3.560888e+00
1.154500e+04 3.227834e+00
1.154600e+04 2.379058e+00
1.154700e+04 1.035089e+00
1.154800e+04 -4.084508e-01
1.154900e+04 -1.842336e+00
1.155000e+04 -2.903329e+00
1.155100e+04 -3.629279e+00
1.155200e+04 -3.864933e+00
1.155300e+04 -3.894238e+00
1.155400e+04 -3.712036e+00
1.155500e+04 -3.645951e+00
1.155600e+04 -3.633376e+00
1.155700e+04 -3.846668e+00
1.155800e+04 -4.026616e+00
1.155900e+04 -4.182589e+00
1.156000e+04 -3.969428e+00
1.156100e+04 -3.450784e+00
1.156200e+04 -2.427212e+00
1.156300e+04 -1.149889e+00
1.156400e+04 3.772994e-01
1.156500e+04 1.769069e+00
1.156600e+04 3.010159e+00
1.156700e+04 3.804804e+00
1.156800e+04 4.300900e+00
1.156900e+04 4.393592e+00
1.157000e+04 4.378395e+00
1.157100e+04 4.222489e+00
1.157200e+04 4.196339e+00
1.157300e+04 4.184052e+00
1.157400e+04 4.339340e+00
1.157500e+04 4.435643e+00
1.157600e+04 4.581669e+00
1.157700e+04 4.592380e+00
1.157800e+04 4.612996e+00
1.157900e+04 4.516592e+00
1.158000e+04 4.497271e+00
1.158100e+04 4.422411e+00
1.158200e+04 4.410638e+00
1.158300e+04 4.253026e+00
1.158400e+04 4.000881e+00
1.158500e+04 3.419593e+00
1.158600e+04 2.588516e+00
1.158700e+04 1.403598e+00
1.158800e+04 8.865416e-02
1.158900e+04 -1.308077e+00
1.159000e+04 -2.459363e+00
1.159100e+04 -3.288044e+00
1.159200e+04 -3.526968e+00
1.159300e+04 -3.212074e+00
1.159400e+04 -2.296456e+00
1.159500e+04 -1.009113e+00
1.159600e+04 5.290782e-01
1.159700e+04 1.985378e+00
1.159800e+04 3.203600e+00
1.159900e+04 3.908370e+00
1.160000e+04 4.057664e+00
1.160100e+04 3.582924e+00
1.160200e+04 2.610509e+00
1.160300e+04 1.236602e+00
1.160400e+04 -2.820877e-01
1.160500e+04 -1.770014e+00
1.160600e+04 -2.997248e+00
1.160700e+04 -3.817230e+00
1.160800e+04 -4.092845e+00
1.160900e+04 -3.808686e+00
1.161000e+04 -2.986292e+00
1.161100e+04 -1.723946e+00
1.161200e+04 -2.064159e-01
1.161300e+04 1.350882e+00
1.161400e+04 2.688714e+00
1.161500e+04 3.614606e+00
1.161600e+04 3.930813e+00
1.161700e+04 3.617448e+00
1.161800e+04 2.692811e+00
1.161900e+04 1.372470e+00
1.162000e+04 -1.667541e-01
1.162100e+04 -1.598827e+00
1.162200e+04 -2.788222e+00
1.162300e+04 -3.542700e+00
1.162400e+04 -3.936641e+00
1.162500e+04 -3.956671e+00
1.162600e+04 -3.850998e+00
1.162700e+04 -3.651155e+00
1.162800e+04 -3.567186e+00
1.162900e+04 -3.509134e+00
1.163000e+04 -3.582063e+00
1.163100e+04 -3.590758e+00
1.163200e+04 -3.634700e+00
1.163300e+04 -3.547570e+00
1.163400e+04 -3.521620e+00
1.163500e+04 -3.451461e+00
1.163600e+04 -3.561794e+00
1.163700e+04 -3.677101e+00
1.163800e+04 -3.929041e+00
1.163900e+04 -4.006042e+00
1.164000e+04 -3.969804e+00
1.164100e+04 -3.493028e+00
1.164200e+04 -2.741590e+00
1.164300e+04 -1.536945e+00
1.164400e+04 -2.411195e-01
1.164500e+04 1.201146e+00
1.164600e+04 2.367081e+00
1.164700e+04 3.368538e+00
1.164800e+04 3.903304e+00
1.164900e+04 4.274234e+00
1.165000e+04 4.299124e+00
1.165100e+04 4.365825e+00
1.165200e+04 4.287210e+00
1.165300e+04 4.399266e+00
1.165400e+04 4.411724e+00
1.165500e+04 4.578528e+00
1.165600e+04 4.557305e+00
1.165700e+04 4.636666e+00
1.165800e+04 4.484915e+00
1.165900e+04 4.438972e+00
1.166000e+04 4.209424e+00
1.166100e+04 4.149775e+00
1.166200e+04 3.935605e+00
1.166300e+04 3.898723e+00
1.166400e+04 3.689662e+00
1.166500e+04 3.659561e+00
1.166600e+04 3.451312e+00
1.166700e+04 3.439436e+00
1.166800e+04 3.283846e+00
1.166900e+04 3.359194e+00
1.167000e+04 3.294057e+00
1.167100e+04 3.449940e+00
1.167200e+04 3.429974e+00
1.167300e+04 3.597455e+00
1.167400e+04 3.561767e+00
1.167500e+04 3.718065e+00
1.167600e+04 3.682718e+00
1.167700e+04 3.845543e+00
1.167800e+04 3.784482e+00
1.167900e+04 3.823323e+00
1.168000e+04 3.525095e+00
1.168100e+04 3.018620e+00
1.168200e+04 2.184220e+00
1.168300e+04 1.026192e+00
1.168400e+04 -3.575501e-01
1.168500e+04 -1.817095e+00
1.168600e+04 -3.128814e+00
1.168700e+04 -4.083504e+00
1.168800e+04 -4.475814e+00
1.168900e+04 -4.249982e+00
1.169000e+04 -3.370248e+00
1.169100e+04 -2.000234e+00
1.169200e+04 -3.048856e-01
1.169300e+04 1.400671e+00
1.169400e+04 2.911038e+00
1.169500e+04 3.928062e+00
1.169600e+04 4.371319e+00
1.169700e+04 4.101562e+00
1.169800e+04 3.246580e+00
1.169900e+04 1.858087e+00
1.170000e+04 2.441366e-01
1.170100e+04 -1.438519e+00
1.170200e+04 -2.816588e+00
1.170300e+04 -3.791581e+00
1.170400e+04 -4.100915e+00
1.170500e+04 -3.803960e+00
1.170600e+04 -2.830781e+00
1.170700e+04 -1.465798e+00
1.170800e+04 2.243117e-01
1.170900e+04 1.846697e+00
1.171000e+04 3.306036e+00
1.171100e+04 4.240531e+00
1.171200e+04 4.669353e+00
1.171300e+04 4.373993e+00
1.171400e+04 3.556309e+00
1.171500e+04 2.168165e+00
1.171600e+04 5.846167e-01
1.171700e+04 -1.131220e+00
1.171800e+04 -2.533714e+00
1.171900e+04 -3.581820e+00
1.172000e+04 -3.920896e+00
1.172100e+04 -3.689399e+00
1.172200e+04 -2.739411e+00
1.172300e+04 -1.438074e+00
1.172400e+04 1.865937e-01
1.172500e+04 1.669748e+00
1.172600e+04 3.016946e+00
1.172700e+04 3.868776e+00
1.172800e+04 4.429468e+00
1.172900e+04 4.556262e+00
1.173000e+04 4.608869e+00
1.173100e+04 4.503089e+00
1.173200e+04 4.582022e+00
1.173300e+04 4.630466e+00
1.173400e+04 4.830265e+00
1.173500e+04 4.799987e+00
1.173600e+04 4.644614e+00
1.173700e+04 4.013672e+00
1.173800e+04 3.108762e+00
1.173900e+04 1.731350e+00
1.174000e+04 2.834957e-01
1.174100e+04 -1.296270e+00
1.174200e+04 -2.535697e+00
1.174300e+04 -3.493398e+00
1.174400e+04 -3.779972e+00
1.174500e+04 -3.602927e+00
1.174600e+04 -2.718460e+00
1.174700e+04 -1.500485e+00
1.174800e+04 1.291604e-01
1.174900e+04 1.673805e+00
1.175000e+04 3.144042e+00
1.175100e+04 4.053610e+00
1.175200e+04 4.487744e+00
1.175300e+04 4.106760e+00
1.175400e+04 3.232269e+00
1.175500e+04 1.756321e+00
1.175600e+04 1.757007e-01
1.175700e+04 -1.504296e+00
1.175800e+04 -2.793929e+00
1.175900e+04 -3.806692e+00
1.176000e+04 -4.249831e+00
1.176100e+04 -4.451022e+00
1.176200e+04 -4.284940e+00
1.176300e+04 -4.159997e+00
1.176400e+04 -3.945250e+00
1.176500e+04 -3.959879e+00
1.176600e+04 -3.962691e+00
1.176700e+04 -4.154309e+00
1.176800e+04 -4.239537e+00
1.176900e+04 -4.423246e+00
1.177000e+04 -4.435588e+00
1.177100e+04 -4.518610e+00
1.177200e+04 -4.459236e+00
1.177300e+04 -4.508498e+00
1.177400e+04 -4.440980e+00
1.177500e+04 -4.471807e+00
1.177600e+04 -4.371773e+00
1.177700e+04 -4.355430e+00
1.177800e+04 -4.203904e+00
1.177900e+04 -4.151955e+00
1.178000e+04 -4.016007e+00
1.178100e+04 -4.012340e+00
1.178200e+04 -3.942808e+00
1.178300e+04 -4.001122e+00
1.178400e+04 -3.972847e+00
1.178500e+04 -4.028169e+00
1.178600e+04 -3.982158e+00
1.178700e+04 -4.021980e+00
1.178800e+04 -3.975113e+00
1.178900e+04 -4.015029e+00
1.179000e+04 -3.953111e+00
1.179100e+04 -3.887825e+00
1.179200e+04 -3.584106e+00
1.179300e+04 -3.128995e+00
1.179400e+04 -2.323748e+00
1.179500e+04 -1.317757e+00
1.179600e+04 -6.277466e-02
1.179700e+04 1.164498e+00
1.179800e+04 2.302058e+00
1.179900e+04 3.037059e+00
1.180000e+04 3.338975e+00
1.180100e+04 3.024096e+00
1.180200e+04 2.228219e+00
1.180300e+04 9.797175e-01
1.180400e+04 -4.214607e-01
1.180500e+04 -1.820553e+00
1.180600e+04 -2.907715e+00
1.180700e+04 -3.571399e+00
1.180800e+04 -3.640706e+00
1.180900e+04 -3.198620e+00
1.181000e+04 -2.276500e+00
1.181100e+04 -1.084176e+00
1.181200e+04 2.317617e-01
1.181300e+04 1.443996e+00
1.181400e+04 2.462396e+00
1.181500e+04 3.193012e+00
1.181600e+04 3.652522e+00
1.181700e+04 3.874056e+00
1.181800e+04 3.959923e+00
1.181900e+04 3.979274e+00
1.182000e+04 3.997384e+00
1.182100e+04 4.057034e+00
1.182200e+04 4.151864e+00
1.182300e+04 4.278143e+00
1.182400e+04 4.388519e+00
1.182500e+04 4.481593e+00
1.182600e+04 4.507973e+00
1.182700e+04 4.500286e+00
1.182800e+04 4.422954e+00
1.182900e+04 4.334935e+00
1.183000e+04 4.200997e+00
1.183100e+04 4.109904e+00
1.183200e+04 4.006076e+00
1.183300e+04 3.967171e+00
1.183400e+04 3.935409e+00
1.183500e+04 3.989106e+00
1.183600e+04 4.028100e+00
1.183700e+04 4.135279e+00
1.183800e+04 4.197938e+00
1.183900e+04 4.296087e+00
1.184000e+04 4.331991e+00
1.184100e+04 4.343381e+00
1.184200e+04 4.324750e+00
1.184300e+04 4.269693e+00
1.184400e+04 4.192698e+00
1.184500e+04 4.105703e+00
1.184600e+04 4.006746e+00
1.184700e+04 3.909573e+00
1.184800e+04 3.808286e+00
1.184900e+04 3.736767e+00
1.185000e+04 3.652147e+00
1.185100e+04 3.603440e+00
1.185200e+04 3.548888e+00
1.185300e+04 3.542818e+00
1.185400e+04 3.528304e+00
1.185500e+04 3.579866e+00
1.185600e+04 3.626313e+00
1.185700e+04 3.749078e+00
1.185800e+04 3.855167e+00
1.185900e+04 4.027617e+00
1.186000e+04 4.143438e+00
1.186100e+04 4.287485e+00
1.186200e+04 4.328423e+00
1.186300e+04 4.379216e+00
1.186400e+04 4.317492e+00
1.186500e+04 4.294095e+00
1.186600e+04 4.197209e+00
1.186700e+04 4.192101e+00
1.186800e+04 4.138725e+00
1.186900e+04 4.187089e+00
1.187000e+04 4.152300e+00
1.187100e+04 4.184505e+00
1.187200e+04 4.096847e+00
1.187300e+04 4.069993e+00
1.187400e+04 3.951428e+00
1.187500e+04 3.978134e+00
1.187600e+04 3.984402e+00
1.187700e+04 4.171921e+00
1.187800e+04 4.288043e+00
1.187900e+04 4.447396e+00
1.188000e+04 4.305575e+00
1.188100e+04 3.957390e+00
1.188200e+04 3.100565e+00
1.188300e+04 1.967015e+00
1.188400e+04 4.233073e-01
1.188500e+04 -1.099858e+00
1.188600e+04 -2.596992e+00
1.188700e+04 -3.584822e+00
1.188800e+04 -4.121335e+00
1.188900e+04 -3.857969e+00
1.189000e+04 -3.087266e+00
1.189100e+04 -1.700933e+00
1.189200e+04 -1.888570e-01
1.189300e+04 1.435492e+00
1.189400e+04 2.643611e+00
1.189500e+04 3.505323e+00
1.189600e+04 3.625258e+00
1.189700e+04 3.271271e+00
1.189800e+04 2.260681e+00
1.189900e+04 1.036754e+00
1.190000e+04 -4.752421e-01
1.190100e+04 -1.783427e+00
1.190200e+04 -2.998936e+00
1.190300e+04 -3.741787e+00
1.190400e+04 -4.292892e+00
1.190500e+04 -4.417986e+00
1.190600e+04 -4.516663e+00
1.190700e+04 -4.424621e+00
1.190800e+04 -4.517458e+00
1.190900e+04 -4.520271e+00
1.191000e+04 -4.682420e+00
1.191100e+04 -4.606069e+00
1.191200e+04 -4.446154e+00
1.191300e+04 -3.803433e+00
1.191400e+04 -2.926536e+00
1.191500e+04 -1.558194e+00
1.191600e+04 -1.159523e-01
1.191700e+04 1.488083e+00
1.191800e+04 2.735592e+00
1.191900e+04 3.715728e+00
1.192000e+04 3.994187e+00
1.192100e+04 3.781592e+00
1.192200e+04 2.841760e+00
1.192300e+04 1.587987e+00
1.192400e+04 -6.547529e-02
1.192500e+04 -1.600762e+00
1.192600e+04 -3.057663e+00
1.192700e+04 -3.958908e+00
1.192800e+04 -4.427154e+00
1.192900e+04 -4.146544e+00
1.193000e+04 -3.428567e+00
1.193100e+04 -2.136378e+00
1.193200e+04 -7.266690e-01
1.193300e+04 8.273690e-01
1.193400e+04 2.076841e+00
1.193500e+04 3.120907e+00
1.193600e+04 3.646379e+00
1.193700e+04 3.935840e+00
1.193800e+04 3.865069e+00
1.193900e+04 3.797780e+00
1.194000e+04 3.640403e+00
1.194100e+04 3.694008e+00
1.194200e+04 3.734186e+00
1.194300e+04 3.893248e+00
1.194400e+04 3.828267e+00
1.194500e+04 3.601836e+00
1.194600e+04 2.919703e+00
1.194700e+04 1.959606e+00
1.194800e+04 6.126531e-01
1.194900e+04 -7.717001e-01
1.195000e+04 -2.148218e+00
1.195100e+04 -3.129731e+00
1.195200e+04 -3.702195e+00
1.195300e+04 -3.601585e+00
1.195400e+04 -2.991674e+00
1.195500e+04 -1.830121e+00
1.195600e+04 -4.369442e-01
1.195700e+04 1.098308e+00
1.195800e+04 2.407560e+00
1.195900e+04 3.400567e+00
1.196000e+04 3.816628e+00
1.196100e+04 3.695862e+00
1.196200e+04 2.944866e+00
1.196300e+04 1.772883e+00
1.196400e+04 2.751131e-01
1.196500e+04 -1.229394e+00
1.196600e+04 -2.576972e+00
1.196700e+04 -3.479829e+00
1.196800e+04 -3.847701e+00
1.196900e+04 -3.576967e+00
1.197000e+04 -2.778569e+00
1.197100e+04 -1.551211e+00
1.197200e+04 -1.407530e-01
1.197300e+04 1.263122e+00
1.197400e+04 2.453726e+00
1.197500e+04 3.338381e+00
1.197600e+04 3.877189e+00
1.197700e+04 4.121067e+00
1.197800e+04 4.167986e+00
1.197900e+04 4.114746e+00
1.198000e+04 4.059705e+00
1.198100e+04 4.023542e+00
1.198200e+04 4.043040e+00
1.198300e+04 4.058749e+00
1.198400e+04 4.083026e+00
1.198500e+04 4.061427e+00
1.198600e+04 4.062335e+00
1.198700e+04 4.043607e+00
1.198800e+04 4.094856e+00
1.198900e+04 4.140829e+00
1.199000e+04 4.210161e+00
1.199100e+04 4.129621e+00
1.199200e+04 3.898899e+00
1.199300e+04 3.326424e+00
1.199400e+04 2.472959e+00
1.199500e+04 1.268151e+00
1.199600e+04 -5.893207e-02
1.199700e+04 -1.469096e+00
1.199800e+04 -2.661645e+00
1.199900e+04 -3.627360e+00
1.200000e+04 -4.182703e+00
1.200100e+04 -4.384176e+00
1.200200e+04 -4.387490e+00
1.200300e+04 -4.243947e+00
1.200400e+04 -4.156888e+00
1.200500e+04 -4.129819e+00
1.200600e+04 -4.203494e+00
1.200700e+04 -4.222424e+00
1.200800e+04 -4.100819e+00
1.200900e+04 -3.645456e+00
1.201000e+04 -2.802596e+00
1.201100e+04 -1.556195e+00
1.201200e+04 -4.444838e-02
1.201300e+04 1.553422e+00
1.201400e+04 2.972645e+00
1.201500e+04 3.977717e+00
1.201600e+04 4.400772e+00
1.201700e+04 4.163404e+00
1.201800e+04 3.313919e+00
1.201900e+04 1.979510e+00
1.202000e+04 4.024792e-01
1.202100e+04 -1.204171e+00
1.202200e+04 -2.550426e+00
1.202300e+04 -3.495682e+00
1.202400e+04 -3.853400e+00
1.202500e+04 -3.622935e+00
1.202600e+04 -2.777071e+00
1.202700e+04 -1.520395e+00
1.202800e+04 5.226374e-02
1.202900e+04 1.614669e+00
1.203000e+04 3.005997e+00
1.203100e+04 3.904380e+00
1.203200e+04 4.277190e+00
1.203300e+04 3.940846e+00
1.203400e+04 3.079821e+00
1.203500e+04 1.725991e+00
1.203600e+04 2.375519e-01
1.203700e+04 -1.304714e+00
1.203800e+04 -2.548949e+00
1.203900e+04 -3.530352e+00
1.204000e+04 -4.062950e+00
1.204100e+04 -4.380286e+00
1.204200e+04 -4.400613e+00
1.204300e+04 -4.429017e+00
1.204400e+04 -4.362731e+00
1.204500e+04 -4.438776e+00
1.204600e+04 -4.437075e+00
1.204700e+04 -4.528583e+00
1.204800e+04 -4.460544e+00
1.204900e+04 -4.431535e+00
1.205000e+04 -4.214520e+00
1.205100e+04 -4.088588e+00
1.205200e+04 -3.854258e+00
1.205300e+04 -3.792603e+00
1.205400e+04 -3.663468e+00
1.205500e+04 -3.714642e+00
1.205600e+04 -3.659981e+00
1.205700e+04 -3.749751e+00
1.205800e+04 -3.704007e+00
1.205900e+04 -3.814865e+00
1.206000e+04 -3.814771e+00
1.206100e+04 -3.987893e+00
1.206200e+04 -3.999876e+00
1.206300e+04 -4.074834e+00
1.206400e+04 -3.799464e+00
1.206500e+04 -3.373164e+00
1.206600e+04 -2.432631e+00
1.206700e+04 -1.311977e+00
1.206800e+04 2.030385e-01
1.206900e+04 1.604379e+00
1.207000e+04 3.018689e+00
1.207100e+04 3.942903e+00
1.207200e+04 4.608493e+00
1.207300e+04 4.696900e+00
1.207400e+04 4.665529e+00
1.207500e+04 4.326366e+00
1.207600e+04 4.178114e+00
1.207700e+04 3.962550e+00
1.207800e+04 4.006548e+00
1.207900e+04 3.856760e+00
1.208000e+04 3.715066e+00
1.208100e+04 3.080196e+00
1.208200e+04 2.249805e+00
1.208300e+04 9.194188e-01
1.208400e+04 -4.036083e-01
1.208500e+04 -1.877032e+00
1.208600e+04 -2.928648e+00
1.208700e+04 -3.777676e+00
1.208800e+04 -4.035771e+00
1.208900e+04 -4.141857e+00
1.209000e+04 -3.862901e+00
1.209100e+04 -3.726454e+00
1.209200e+04 -3.492640e+00
1.209300e+04 -3.572462e+00
1.209400e+04 -3.575188e+00
1.209500e+04 -3.806430e+00
1.209600e+04 -3.838696e+00
1.209700e+04 -3.989320e+00
1.209800e+04 -3.912860e+00
1.209900e+04 -4.019439e+00
1.210000e+04 -3.993975e+00
1.210100e+04 -4.202436e+00
1.210200e+04 -4.241008e+00
1.210300e+04 -4.369466e+00
1.210400e+04 -4.101681e+00
1.210500e+04 -3.674423e+00
1.210600e+04 -2.710186e+00
1.210700e+04 -1.605450e+00
1.210800e+04 -1.543328e-01
1.210900e+04 1.108477e+00
1.211000e+04 2.329185e+00
1.211100e+04 3.044345e+00
1.211200e+04 3.544127e+00
1.211300e+04 3.560628e+00
1.211400e+04 3.548581e+00
1.211500e+04 3.340473e+00
1.211600e+04 3.370022e+00
1.211700e+04 3.368708e+00
1.211800e+04 3.600040e+00
1.211900e+04 3.653541e+00
1.212000e+04 3.676315e+00
1.212100e+04 3.248379e+00
1.212200e+04 2.604693e+00
1.212300e+04 1.487698e+00
1.212400e+04 2.842762e-01
1.212500e+04 -1.104480e+00
1.212600e+04 -2.229917e+00
1.212700e+04 -3.219995e+00
1.212800e+04 -3.751531e+00
1.212900e+04 -4.092017e+00
1.213000e+04 -4.095315e+00
1.213100e+04 -4.127772e+00
1.213200e+04 -4.057915e+00
1.213300e+04 -4.163725e+00
1.213400e+04 -4.186698e+00
1.213500e+04 -4.251655e+00
1.213600e+04 -4.022150e+00
1.213700e+04 -3.580842e+00
1.213800e+04 -2.687548e+00
1.213900e+04 -1.581787e+00
1.214000e+04 -2.014818e-01
1.214100e+04 1.100357e+00
1.214200e+04 2.311618e+00
1.214300e+04 3.143006e+00
1.214400e+04 3.714795e+00
1.214500e+04 3.906314e+00
1.214600e+04 3.960169e+00
1.214700e+04 3.867479e+00
1.214800e+04 3.853189e+00
1.214900e+04 3.842206e+00
1.215000e+04 3.954886e+00
1.215100e+04 4.035402e+00
1.215200e+04 4.139942e+00
1.215300e+04 4.151457e+00
1.215400e+04 4.157053e+00
1.215500e+04 4.103801e+00
1.215600e+04 4.115603e+00
1.215700e+04 4.151320e+00
1.215800e+04 4.279345e+00
1.215900e+04 4.428940e+00
1.216000e+04 4.602000e+00
1.216100e+04 4.685708e+00
1.216200e+04 4.736906e+00
1.216300e+04 4.669647e+00
1.216400e+04 4.575292e+00
1.216500e+04 4.430456e+00
1.216600e+04 4.322958e+00
1.216700e+04 4.224219e+00
1.216800e+04 4.190991e+00
1.216900e+04 4.165543e+00
1.217000e+04 4.156097e+00
1.217100e+04 4.121204e+00
1.217200e+04 4.071119e+00
1.217300e+04 3.981098e+00
1.217400e+04 3.884508e+00
1.217500e+04 3.792384e+00
1.217600e+04 3.719478e+00
1.217700e+04 3.697982e+00
1.217800e+04 3.734591e+00
1.217900e+04 3.832921e+00
1.218000e+04 3.960765e+00
1.218100e+04 4.117250e+00
1.218200e+04 4.237648e+00
1.218300e+04 4.315421e+00
1.218400e+04 4.304815e+00
1.218500e+04 4.264814e+00
1.218600e+04 4.179947e+00
1.218700e+04 4.146399e+00
1.218800e+04 4.149186e+00
1.218900e+04 4.236444e+00
1.219000e+04 4.292526e+00
1.219100e+04 4.284767e+00
1.219200e+04 4.026572e+00
1.219300e+04 3.478146e+00
1.219400e+04 2.534627e+00
1.219500e+04 1.319959e+00
1.219600e+04 -1.106701e-01
1.219700e+04 -1.489480e+00
1.219800e+04 -2.709757e+00
1.219900e+04 -3.537901e+00
1.220000e+04 -4.014577e+00
1.220100e+04 -4.117120e+00
1.220200e+04 -4.055362e+00
1.220300e+04 -3.889044e+00
1.220400e+04 -3.837699e+00
1.220500e+04 -3.847630e+00
1.220600e+04 -3.951137e+00
1.220700e+04 -3.936165e+00
1.220800e+04 -3.755436e+00
1.220900e+04 -3.185257e+00
1.221000e+04 -2.285307e+00
1.221100e+04 -1.028107e+00
1.221200e+04 3.537332e-01
1.221300e+04 1.774989e+00
1.221400e+04 2.960921e+00
1.221500e+04 3.878201e+00
1.221600e+04 4.397356e+00
1.221700e+04 4.641078e+00
1.221800e+04 4.594963e+00
1.221900e+04 4.460358e+00
1.222000e+04 4.245145e+00
1.222100e+04 4.091603e+00
1.222200e+04 3.945220e+00
1.222300e+04 3.903981e+00
1.222400e+04 3.877004e+00
1.222500e+04 3.931633e+00
1.222600e+04 3.992417e+00
1.222700e+04 4.121428e+00
1.222800e+04 4.218935e+00
1.222900e+04 4.324212e+00
1.223000e+04 4.324624e+00
1.223100e+04 4.262235e+00
1.223200e+04 4.091470e+00
1.223300e+04 3.895774e+00
1.223400e+04 3.691056e+00
1.223500e+04 3.605440e+00
1.223600e+04 3.629387e+00
1.223700e+04 3.786891e+00
1.223800e+04 3.959824e+00
1.223900e+04 4.053249e+00
1.224000e+04 3.897825e+00
1.224100e+04 3.409500e+00
1.224200e+04 2.536880e+00
1.224300e+04 1.351980e+00
1.224400e+04 -1.635349e-02
1.224500e+04 -1.385557e+00
1.224600e+04 -2.577923e+00
1.224700e+04 -3.476655e+00
1.224800e+04 -4.033487e+00
1.224900e+04 -4.292574e+00
1.225000e+04 -4.313631e+00
1.225100e+04 -4.233762e+00
1.225200e+04 -4.110921e+00
1.225300e+04 -4.035579e+00
1.225400e+04 -3.977095e+00
1.225500e+04 -3.981939e+00
1.225600e+04 -3.979248e+00
1.225700e+04 -4.011162e+00
1.225800e+04 -4.013204e+00
1.225900e+04 -4.071888e+00
1.226000e+04 -4.104567e+00
1.226100e+04 -4.192812e+00
1.226200e+04 -4.215961e+00
1.226300e+04 -4.254993e+00
1.226400e+04 -4.194666e+00
1.226500e+04 -4.145887e+00
1.226600e+04 -4.009444e+00
1.226700e+04 -3.960611e+00
1.226800e+04 -3.890415e+00
1.226900e+04 -3.937688e+00
1.227000e+04 -3.923578e+00
1.227100e+04 -3.913713e+00
1.227200e+04 -3.631390e+00
1.227300e+04 -3.155785e+00
1.227400e+04 -2.250628e+00
1.227500e+04 -1.102235e+00
1.227600e+04 3.738759e-01
1.227700e+04 1.794134e+00
1.227800e+04 3.133033e+00
1.227900e+04 3.953256e+00
1.228000e+04 4.289839e+00
1.228100e+04 3.840666e+00
1.228200e+04 2.892939e+00
1.228300e+04 1.375108e+00
1.228400e+04 -2.168243e-01
1.228500e+04 -1.849549e+00
1.228600e+04 -3.035665e+00
1.228700e+04 -3.911626e+00
1.228800e+04 -4.185536e+00
1.228900e+04 -4.238019e+00
1.229000e+04 -3.974509e+00
1.229100e+04 -3.861851e+00
1.229200e+04 -3.731624e+00
1.229300e+04 -3.917256e+00
1.229400e+04 -4.031881e+00
1.229500e+04 -4.245639e+00
1.229600e+04 -4.053079e+00
1.229700e+04 -3.629875e+00
1.229800e+04 -2.601818e+00
1.229900e+04 -1.363865e+00
1.230000e+04 2.729903e-01
1.230100e+04 1.731698e+00
1.230200e+04 3.123421e+00
1.230300e+04 3.881919e+00
1.230400e+04 4.240680e+00
1.230500e+04 3.789107e+00
1.230600e+04 2.957470e+00
1.230700e+04 1.507420e+00
1.230800e+04 3.116596e-02
1.230900e+04 -1.625738e+00
1.231000e+04 -2.833312e+00
1.231100e+04 -3.778944e+00
1.231200e+04 -3.923565e+00
1.231300e+04 -3.643080e+00
1.231400e+04 -2.585820e+00
1.231500e+04 -1.325004e+00
1.231600e+04 3.263962e-01
1.231700e+04 1.713812e+00
1.231800e+04 3.062270e+00
1.231900e+04 3.818233e+00
1.232000e+04 4.356424e+00
1.232100e+04 4.486393e+00
1.232200e+04 4.457864e+00
1.232300e+04 4.312494e+00
1.232400e+04 4.247464e+00
1.232500e+04 4.196644e+00
1.232600e+04 4.259187e+00
1.232700e+04 4.279106e+00
1.232800e+04 4.319507e+00
1.232900e+04 4.251760e+00
1.233000e+04 4.224905e+00
1.233100e+04 4.148698e+00
1.233200e+04 4.202937e+00
1.233300e+04 4.258151e+00
1.233400e+04 4.417593e+00
1.233500e+04 4.433632e+00
1.233600e+04 4.315050e+00
1.233700e+04 3.796272e+00
1.233800e+04 2.978124e+00
1.233900e+04 1.709891e+00
1.234000e+04 2.810290e-01
1.234100e+04 -1.284735e+00
1.234200e+04 -2.581956e+00
1.234300e+04 -3.570179e+00
1.234400e+04 -3.917572e+00
1.234500e+04 -3.766248e+00
1.234600e+04 -2.966261e+00
1.234700e+04 -1.857823e+00
1.234800e+04 -4.412968e-01
1.234900e+04 8.735319e-01
1.235000e+04 2.110929e+00
1.235100e+04 2.939118e+00
1.235200e+04 3.551822e+00
1.235300e+04 3.771777e+00
1.235400e+04 3.918489e+00
1.235500e+04 3.890965e+00
1.235600e+04 4.014793e+00
1.235700e+04 4.091922e+00
1.235800e+04 4.320794e+00
1.235900e+04 4.355435e+00
1.236000e+04 4.296688e+00
1.236100e+04 3.773152e+00
1.236200e+04 2.962645e+00
1.236300e+04 1.644233e+00
1.236400e+04 1.981056e-01
1.236500e+04 -1.430330e+00
1.236600e+04 -2.752912e+00
1.236700e+04 -3.853933e+00
1.236800e+04 -4.381563e+00
1.236900e+04 -4.604516e+00
1.237000e+04 -4.375868e+00
1.237100e+04 -4.143012e+00
1.237200e+04 -3.798497e+00
1.237300e+04 -3.719292e+00
1.237400e+04 -3.646715e+00
1.237500e+04 -3.772765e+00
1.237600e+04 -3.674008e+00
1.237700e+04 -3.467760e+00
1.237800e+04 -2.763290e+00
1.237900e+04 -1.814931e+00
1.238000e+04 -4.221217e-01
1.238100e+04 9.515153e-01
1.238200e+04 2.360627e+00
1.238300e+04 3.295093e+00
1.238400e+04 3.843142e+00
1.238500e+04 3.637651e+00
1.238600e+04 2.994262e+00
1.238700e+04 1.748655e+00
1.238800e+04 3.840001e-01
1.238900e+04 -1.155344e+00
1.239000e+04 -2.377350e+00
1.239100e+04 -3.419935e+00
1.239200e+04 -3.952765e+00
1.239300e+04 -4.292159e+00
1.239400e+04 -4.250961e+00
1.239500e+04 -4.245270e+00
1.239600e+04 -4.106516e+00
1.239700e+04 -4.170054e+00
1.239800e+04 -4.141905e+00
1.239900e+04 -4.213936e+00
1.240000e+04 -3.979234e+00
1.240100e+04 -3.589043e+00
1.240200e+04 -2.697767e+00
1.240300e+04 -1.586480e+00
1.240400e+04 -9.462768e-02
1.240500e+04 1.318429e+00
1.240600e+04 2.689043e+00
1.240700e+04 3.535881e+00
1.240800e+04 3.956779e+00
1.240900e+04 3.625089e+00
1.241000e+04 2.843020e+00
1.241100e+04 1.495435e+00
1.241200e+04 4.768908e-02
1.241300e+04 -1.507265e+00
1.241400e+04 -2.686897e+00
1.241500e+04 -3.544454e+00
1.241600e+04 -3.718715e+00
1.241700e+04 -3.415925e+00
1.241800e+04 -2.457862e+00
1.241900e+04 -1.216631e+00
1.242000e+04 3.359343e-01
1.242100e+04 1.746282e+00
1.242200e+04 3.006351e+00
1.242300e+04 3.703533e+00
1.242400e+04 3.951958e+00
1.242500e+04 3.515492e+00
1.242600e+04 2.672519e+00
1.242700e+04 1.384665e+00
1.242800e+04 6.443453e-02
1.242900e+04 -1.276705e+00
1.243000e+04 -2.278898e+00
1.243100e+04 -3.035377e+00
1.243200e+04 -3.348040e+00
1.243300e+04 -3.488082e+00
1.243400e+04 -3.406498e+00
1.243500e+04 -3.398962e+00
1.243600e+04 -3.389763e+00
1.243700e+04 -3.562840e+00
1.243800e+04 -3.692336e+00
1.243900e+04 -3.816556e+00
1.244000e+04 -3.647220e+00
1.244100e+04 -3.227410e+00
1.244200e+04 -2.384643e+00
1.244300e+04 -1.320699e+00
1.244400e+04 -3.600205e-02
1.244500e+04 1.155270e+00
1.244600e+04 2.206249e+00
1.244700e+04 2.891418e+00
1.244800e+04 3.300906e+00
1.244900e+04 3.379683e+00
1.245000e+04 3.368834e+00
1.245100e+04 3.309800e+00
1.245200e+04 3.399079e+00
1.245300e+04 3.570135e+00
1.245400e+04 3.847726e+00
1.245500e+04 4.016045e+00
1.245600e+04 3.992170e+00
1.245700e+04 3.547995e+00
1.245800e+04 2.687195e+00
1.245900e+04 1.380880e+00
1.246000e+04 -1.677642e-01
1.246100e+04 -1.790456e+00
1.246200e+04 -3.169432e+00
1.246300e+04 -4.107740e+00
1.246400e+04 -4.399906e+00
1.246500e+04 -4.041505e+00
1.246600e+04 -3.064404e+00
1.246700e+04 -1.679517e+00
1.246800e+04 -1.002497e-01
1.246900e+04 1.409388e+00
1.247000e+04 2.670834e+00
1.247100e+04 3.563302e+00
1.247200e+04 4.080549e+00
1.247300e+04 4.269464e+00
1.247400e+04 4.244491e+00
1.247500e+04 4.124646e+00
1.247600e+04 3.989526e+00
1.247700e+04 3.901766e+00
1.247800e+04 3.858639e+00
1.247900e+04 3.851692e+00
1.248000e+04 3.868584e+00
1.248100e+04 3.828697e+00
1.248200e+04 3.853689e+00
1.248300e+04 3.808583e+00
1.248400e+04 3.861246e+00
1.248500e+04 3.872544e+00
1.248600e+04 3.983663e+00
1.248700e+04 4.037077e+00
1.248800e+04 4.155638e+00
1.248900e+04 4.186951e+00
1.249000e+04 4.260266e+00
1.249100e+04 4.240070e+00
1.249200e+04 4.266990e+00
1.249300e+04 4.205573e+00
1.249400e+04 4.184267e+00
1.249500e+04 4.081544e+00
1.249600e+04 4.025234e+00
1.249700e+04 3.895975e+00
1.249800e+04 3.860804e+00
1.249900e+04 3.826406e+00
1.250000e+04 3.927225e+00
1.250100e+04 4.034959e+00
1.250200e+04 4.223036e+00
1.250300e+04 4.268448e+00
1.250400e+04 4.176364e+00
1.250500e+04 3.739293e+00
1.250600e+04 3.009828e+00
1.250700e+04 1.879616e+00
1.250800e+04 5.680801e-01
1.250900e+04 -8.728790e-01
1.251000e+04 -2.110603e+00
1.251100e+04 -3.055971e+00
1.251200e+04 -3.450110e+00
1.251300e+04 -3.323840e+00
1.251400e+04 -2.598429e+00
1.251500e+04 -1.523327e+00
1.251600e+04 -1.779167e-01
1.251700e+04 1.114445e+00
1.251800e+04 2.278971e+00
1.251900e+04 3.083928e+00
1.252000e+04 3.601576e+00
1.252100e+04 3.782482e+00
1.252200e+04 3.846576e+00
1.252300e+04 3.808722e+00
1.252400e+04 3.880992e+00
1.252500e+04 3.988876e+00
1.252600e+04 4.204304e+00
1.252700e+04 4.306507e+00
1.252800e+04 4.247745e+00
1.252900e+04 3.786810e+00
1.253000e+04 2.964588e+00
1.253100e+04 1.680878e+00
1.253200e+04 1.729710e-01
1.253300e+04 -1.457399e+00
1.253400e+04 -2.852927e+00
1.253500e+04 -3.885435e+00
1.253600e+04 -4.255300e+00
1.253700e+04 -4.019248e+00
1.253800e+04 -3.118584e+00
1.253900e+04 -1.820098e+00
1.254000e+04 -2.393415e-01
1.254100e+04 1.252188e+00
1.254200e+04 2.571984e+00
1.254300e+04 3.457931e+00
1.254400e+04 3.995442e+00
1.254500e+04 4.133489e+00
1.254600e+04 4.114733e+00
1.254700e+04 3.949023e+00
1.254800e+04 3.885994e+00
1.254900e+04 3.848995e+00
1.255000e+04 3.931926e+00
1.255100e+04 3.901899e+00
1.255200e+04 3.763516e+00
1.255300e+04 3.258912e+00
1.255400e+04 2.452319e+00
1.255500e+04 1.237805e+00
1.255600e+04 -1.284404e-01
1.255700e+04 -1.593930e+00
1.255800e+04 -2.794036e+00
1.255900e+04 -3.677150e+00
1.256000e+04 -3.953707e+00
1.256100e+04 -3.724624e+00
1.256200e+04 -2.907030e+00
1.256300e+04 -1.788845e+00
1.256400e+04 -4.097657e-01
1.256500e+04 8.629752e-01
1.256600e+04 1.985050e+00
1.256700e+04 2.635491e+00
1.256800e+04 2.891449e+00
1.256900e+04 2.572235e+00
1.257000e+04 1.884211e+00
1.257100e+04 7.856741e-01
1.257200e+04 -3.866892e-01
1.257300e+04 -1.630085e+00
1.257400e+04 -2.606449e+00
1.257500e+04 -3.376367e+00
1.257600e+04 -3.732809e+00
1.257700e+04 -3.894691e+00
1.257800e+04 -3.777181e+00
1.257900e+04 -3.694778e+00
1.258000e+04 -3.571177e+00
1.258100e+04 -3.643321e+00
1.258200e+04 -3.703647e+00
1.258300e+04 -3.843751e+00
1.258400e+04 -3.734391e+00
1.258500e+04 -3.464195e+00
1.258600e+04 -2.760184e+00
1.258700e+04 -1.829289e+00
1.258800e+04 -5.717077e-01
1.258900e+04 6.617542e-01
1.259000e+04 1.914061e+00
1.259100e+04 2.829788e+00
1.259200e+04 3.553022e+00
1.259300e+04 3.870947e+00
1.259400e+04 4.043227e+00
1.259500e+04 3.945274e+00
1.259600e+04 3.900372e+00
1.259700e+04 3.754879e+00
1.259800e+04 3.777938e+00
1.259900e+04 3.757793e+00
1.260000e+04 3.905151e+00
1.260100e+04 3.961923e+00
1.260200e+04 4.142991e+00
1.260300e+04 4.186989e+00
1.260400e+04 4.310638e+00
1.260500e+04 4.261208e+00
1.260600e+04 4.271082e+00
1.260700e+04 4.107273e+00
1.260800e+04 4.030922e+00
1.260900e+04 3.817164e+00
1.261000e+04 3.757139e+00
1.261100e+04 3.630824e+00
1.261200e+04 3.702464e+00
1.261300e+04 3.712480e+00
1.261400e+04 3.893972e+00
1.261500e+04 3.953202e+00
1.261600e+04 4.122179e+00
1.261700e+04 4.125759e+00
1.261800e+04 4.234517e+00
1.261900e+04 4.204705e+00
1.262000e+04 4.319789e+00
1.262100e+04 4.306025e+00
1.262200e+04 4.384891e+00
1.262300e+04 4.210395e+00
1.262400e+04 3.972068e+00
1.262500e+04 3.315195e+00
1.262600e+04 2.486210e+00
1.262700e+04 1.257390e+00
1.262800e+04 1.255596e-02
1.262900e+04 -1.372104e+00
1.263000e+04 -2.447855e+00
1.263100e+04 -3.376808e+00
1.263200e+04 -3.836898e+00
1.263300e+04 -4.134238e+00
1.263400e+04 -4.088424e+00
1.263500e+04 -4.124142e+00
1.263600e+04 -4.062422e+00
1.263700e+04 -4.232335e+00
1.263800e+04 -4.313298e+00
1.263900e+04 -4.475460e+00
1.264000e+04 -4.287202e+00
1.264100e+04 -3.903651e+00
1.264200e+04 -2.958902e+00
1.264300e+04 -1.760701e+00
1.264400e+04 -1.737850e-01
1.264500e+04 1.325870e+00
1.264600e+04 2.742885e+00
1.264700e+04 3.600519e+00
1.264800e+04 3.978532e+00
1.264900e+04 3.598468e+00
1.265000e+04 2.751017e+00
1.265100e+04 1.387900e+00
1.265200e+04 -6.304288e-02
1.265300e+04 -1.569757e+00
1.265400e+04 -2.763798e+00
1.265500e+04 -3.695578e+00
1.265600e+04 -4.178131e+00
1.265700e+04 -4.423857e+00
1.265800e+04 -4.373027e+00
1.265900e+04 -4.271780e+00
1.266000e+04 -4.093632e+00
1.266100e+04 -4.012808e+00
1.266200e+04 -3.947210e+00
1.266300e+04 -3.988280e+00
1.266400e+04 -4.031479e+00
1.266500e+04 -4.138122e+00
1.266600e+04 -4.227436e+00
1.266700e+04 -4.348187e+00
1.266800e+04 -4.442865e+00
1.266900e+04 -4.526601e+00
1.267000e+04 -4.560259e+00
1.267100e+04 -4.533737e+00
1.267200e+04 -4.431767e+00
1.267300e+04 -4.283526e+00
1.267400e+04 -4.150323e+00
1.267500e+04 -4.047222e+00
1.267600e+04 -4.048744e+00
1.267700e+04 -4.103311e+00
1.267800e+04 -4.196499e+00
1.267900e+04 -4.158071e+00
1.268000e+04 -3.947301e+00
1.268100e+04 -3.369718e+00
1.268200e+04 -2.487879e+00
1.268300e+04 -1.254491e+00
1.268400e+04 8.991432e-02
1.268500e+04 1.487521e+00
1.268600e+04 2.623792e+00
1.268700e+04 3.522614e+00
1.268800e+04 3.970138e+00
1.268900e+04 4.167612e+00
1.269000e+04 4.057858e+00
1.269100e+04 3.945795e+00
1.269200e+04 3.748653e+00
1.269300e+04 3.737801e+00
1.269400e+04 3.719755e+00
1.269500e+04 3.883057e+00
1.269600e+04 3.957229e+00
1.269700e+04 4.132864e+00
1.269800e+04 4.143744e+00
1.269900e+04 4.237990e+00
1.270000e+04 4.169172e+00
1.270100e+04 4.218010e+00
1.270200e+04 4.118893e+00
1.270300e+04 4.144070e+00
1.270400e+04 4.009807e+00
1.270500e+04 4.017488e+00
1.270600e+04 3.866945e+00
1.270700e+04 3.882991e+00
1.270800e+04 3.773660e+00
1.270900e+04 3.862283e+00
1.271000e+04 3.812705e+00
1.271100e+04 3.951993e+00
1.271200e+04 3.925954e+00
1.271300e+04 4.056219e+00
1.271400e+04 3.998053e+00
1.271500e+04 4.111617e+00
1.271600e+04 4.038744e+00
1.271700e+04 4.144285e+00
1.271800e+04 4.054342e+00
1.271900e+04 4.119423e+00
1.272000e+04 3.960757e+00
1.272100e+04 3.961279e+00
1.272200e+04 3.756222e+00
1.272300e+04 3.770539e+00
1.272400e+04 3.659664e+00
1.272500e+04 3.824749e+00
1.272600e+04 3.843500e+00
1.272700e+04 4.025268e+00
1.272800e+04 3.853931e+00
1.272900e+04 3.600197e+00
1.273000e+04 2.774478e+00
1.273100e+04 1.765578e+00
1.273200e+04 2.629061e-01
1.273300e+04 -1.145128e+00
1.273400e+04 -2.617780e+00
1.273500e+04 -3.501016e+00
1.273600e+04 -3.991597e+00
1.273700e+04 -3.614148e+00
1.273800e+04 -2.821998e+00
1.273900e+04 -1.375445e+00
1.274000e+04 7.891202e-02
1.274100e+04 1.673222e+00
1.274200e+04 2.798380e+00
1.274300e+04 3.726726e+00
1.274400e+04 4.051960e+00
1.274500e+04 4.242753e+00
1.274600e+04 4.049170e+00
1.274700e+04 3.993137e+00
1.274800e+04 3.796461e+00
1.274900e+04 3.883425e+00
1.275000e+04 3.869023e+00
1.275100e+04 4.077391e+00
1.275200e+04 4.094084e+00
1.275300e+04 4.257665e+00
1.275400e+04 4.218886e+00
1.275500e+04 4.356476e+00
1.275600e+04 4.344779e+00
1.275700e+04 4.516038e+00
1.275800e+04 4.481759e+00
1.275900e+04 4.473028e+00
1.276000e+04 4.048909e+00
1.276100e+04 3.454675e+00
1.276200e+04 2.360483e+00
1.276300e+04 1.138019e+00
1.276400e+04 -3.669794e-01
1.276500e+04 -1.677947e+00
1.276600e+04 -2.908160e+00
1.276700e+04 -3.665452e+00
1.276800e+04 -4.195937e+00
1.276900e+04 -4.293099e+00
1.277000e+04 -4.325827e+00
1.277100e+04 -4.172881e+00
1.277200e+04 -4.173239e+00
1.277300e+04 -4.129043e+00
1.277400e+04 -4.253674e+00
1.277500e+04 -4.287495e+00
1.277600e+04 -4.377940e+00
1.277700e+04 -4.301961e+00
1.277800e+04 -4.265421e+00
1.277900e+04 -4.116224e+00
1.278000e+04 -4.064439e+00
1.278100e+04 -3.972533e+00
1.278200e+04 -3.992961e+00
1.278300e+04 -3.957814e+00
1.278400e+04 -3.965586e+00
1.278500e+04 -3.890113e+00
1.278600e+04 -3.868850e+00
1.278700e+04 -3.830850e+00
1.278800e+04 -3.912580e+00
1.278900e+04 -4.030324e+00
1.279000e+04 -4.212769e+00
1.279100e+04 -4.290729e+00
1.279200e+04 -4.172554e+00
1.279300e+04 -3.695286e+00
1.279400e+04 -2.844045e+00
1.279500e+04 -1.625642e+00
1.279600e+04 -1.880450e-01
1.279700e+04 1.269926e+00
1.279800e+04 2.548279e+00
1.279900e+04 3.489040e+00
1.280000e+04 4.024125e+00
1.280100e+04 4.288685e+00
1.280200e+04 4.211851e+00
1.280300e+04 4.156373e+00
1.280400e+04 4.013696e+00
1.280500e+04 4.035075e+00
1.280600e+04 4.019737e+00
1.280700e+04 4.095295e+00
1.280800e+04 4.023946e+00
1.280900e+04 3.951622e+00
1.281000e+04 3.756857e+00
1.281100e+04 3.634141e+00
1.281200e+04 3.516105e+00
1.281300e+04 3.551181e+00
1.281400e+04 3.590674e+00
1.281500e+04 3.637673e+00
1.281600e+04 3.471750e+00
1.281700e+04 3.050999e+00
1.281800e+04 2.255270e+00
1.281900e+04 1.164673e+00
1.282000e+04 -1.495886e-01
1.282100e+04 -1.488766e+00
1.282200e+04 -2.700981e+00
1.282300e+04 -3.633177e+00
1.282400e+04 -4.215832e+00
1.282500e+04 -4.495557e+00
1.282600e+04 -4.518044e+00
1.282700e+04 -4.423388e+00
1.282800e+04 -4.266216e+00
1.282900e+04 -4.173324e+00
1.283000e+04 -4.088929e+00
1.283100e+04 -4.093219e+00
1.283200e+04 -4.058567e+00
1.283300e+04 -4.061799e+00
1.283400e+04 -3.975011e+00
1.283500e+04 -3.941171e+00
1.283600e+04 -3.824875e+00
1.283700e+04 -3.797434e+00
1.283800e+04 -3.687825e+00
1.283900e+04 -3.683388e+00
1.284000e+04 -3.576199e+00
1.284100e+04 -3.549852e+00
1.284200e+04 -3.396039e+00
1.284300e+04 -3.357021e+00
1.284400e+04 -3.206709e+00
1.284500e+04 -3.216203e+00
1.284600e+04 -3.142995e+00
1.284700e+04 -3.276790e+00
1.284800e+04 -3.318086e+00
1.284900e+04 -3.545444e+00
1.285000e+04 -3.642028e+00
1.285100e+04 -3.894634e+00
1.285200e+04 -3.951350e+00
1.285300e+04 -4.141937e+00
1.285400e+04 -4.111241e+00
1.285500e+04 -4.214948e+00
1.285600e+04 -4.100243e+00
1.285700e+04 -4.155641e+00
1.285800e+04 -3.999224e+00
1.285900e+04 -4.038150e+00
1.286000e+04 -3.872414e+00
1.286100e+04 -3.915901e+00
1.286200e+04 -3.745241e+00
1.286300e+04 -3.802306e+00
1.286400e+04 -3.672374e+00
1.286500e+04 -3.810765e+00
1.286600e+04 -3.767799e+00
1.286700e+04 -4.007255e+00
1.286800e+04 -4.026890e+00
1.286900e+04 -4.265095e+00
1.287000e+04 -4.193896e+00
1.287100e+04 -4.268003e+00
1.287200e+04 -4.003676e+00
1.287300e+04 -3.950387e+00
1.287400e+04 -3.661073e+00
1.287500e+04 -3.725970e+00
1.287600e+04 -3.674994e+00
1.287700e+04 -4.012442e+00
1.287800e+04 -4.118516e+00
1.287900e+04 -4.400386e+00
1.288000e+04 -4.161519e+00
1.288100e+04 -3.812102e+00
1.288200e+04 -2.769918e+00
1.288300e+04 -1.648703e+00
1.288400e+04 -3.948259e-02
1.288500e+04 1.292660e+00
1.288600e+04 2.704696e+00
1.288700e+04 3.492610e+00
1.288800e+04 4.170595e+00
1.288900e+04 4.216610e+00
1.289000e+04 4.313678e+00
1.289100e+04 4.031728e+00
1.289200e+04 4.054823e+00
1.289300e+04 3.875698e+00
1.289400e+04 4.062481e+00
1.289500e+04 3.996897e+00
1.289600e+04 4.206656e+00
1.289700e+04 4.089280e+00
1.289800e+04 4.213722e+00
1.289900e+04 4.050943e+00
1.290000e+04 4.211377e+00
1.290100e+04 4.145167e+00
1.290200e+04 4.380971e+00
1.290300e+04 4.258750e+00
1.290400e+04 4.216921e+00
1.290500e+04 3.583441e+00
1.290600e+04 2.830174e+00
1.290700e+04 1.423668e+00
1.290800e+04 2.993131e-02
1.290900e+04 -1.698421e+00
1.291000e+04 -2.973249e+00
1.291100e+04 -4.088693e+00
1.291200e+04 -4.357507e+00
1.291300e+04 -4.237078e+00
1.291400e+04 -3.261838e+00
1.291500e+04 -2.110780e+00
1.291600e+04 -4.985096e-01
1.291700e+04 8.534099e-01
1.291800e+04 2.261457e+00
1.291900e+04 3.120059e+00
1.292000e+04 3.890302e+00
1.292100e+04 4.153259e+00
1.292200e+04 4.446818e+00
1.292300e+04 4.388775e+00
1.292400e+04 4.492274e+00
1.292500e+04 4.334779e+00
1.292600e+04 4.351631e+00
1.292700e+04 4.110940e+00
1.292800e+04 4.046214e+00
1.292900e+04 3.779407e+00
1.293000e+04 3.765423e+00
1.293100e+04 3.662061e+00
1.293200e+04 3.869344e+00
1.293300e+04 3.983060e+00
1.293400e+04 4.278552e+00
1.293500e+04 4.273279e+00
1.293600e+04 4.173783e+00
1.293700e+04 3.539385e+00
1.293800e+04 2.659065e+00
1.293900e+04 1.279152e+00
1.294000e+04 -1.468748e-01
1.294100e+04 -1.703625e+00
1.294200e+04 -2.880904e+00
1.294300e+04 -3.742066e+00
1.294400e+04 -3.915119e+00
1.294500e+04 -3.632983e+00
1.294600e+04 -2.730866e+00
1.294700e+04 -1.593066e+00
1.294800e+04 -2.026104e-01
1.294900e+04 1.056091e+00
1.295000e+04 2.224261e+00
1.295100e+04 3.046477e+00
1.295200e+04 3.685906e+00
1.295300e+04 4.013064e+00
1.295400e+04 4.235725e+00
1.295500e+04 4.299334e+00
1.295600e+04 4.369986e+00
1.295700e+04 4.369006e+00
1.295800e+04 4.400002e+00
1.295900e+04 4.381172e+00
1.296000e+04 4.389230e+00
1.296100e+04 4.358617e+00
1.296200e+04 4.347869e+00
1.296300e+04 4.324424e+00
1.296400e+04 4.315356e+00
1.296500e+04 4.283709e+00
1.296600e+04 4.222606e+00
1.296700e+04 4.116158e+00
1.296800e+04 3.977877e+00
1.296900e+04 3.847381e+00
1.297000e+04 3.751086e+00
1.297100e+04 3.772254e+00
1.297200e+04 3.891819e+00
1.297300e+04 4.125847e+00
1.297400e+04 4.331433e+00
1.297500e+04 4.459791e+00
1.297600e+04 4.291834e+00
1.297700e+04 3.799622e+00
1.297800e+04 2.865436e+00
1.297900e+04 1.649393e+00
1.298000e+04 1.752522e-01
1.298100e+04 -1.244751e+00
1.298200e+04 -2.551860e+00
1.298300e+04 -3.468306e+00
1.298400e+04 -4.087342e+00
1.298500e+04 -4.290155e+00
1.298600e+04 -4.346537e+00
1.298700e+04 -4.210846e+00
1.298800e+04 -4.171183e+00
1.298900e+04 -4.082854e+00
1.299000e+04 -4.106213e+00
1.299100e+04 -3.938303e+00
1.299200e+04 -3.685663e+00
1.299300e+04 -3.024870e+00
1.299400e+04 -2.141427e+00
1.299500e+04 -8.441870e-01
1.299600e+04 5.038667e-01
1.299700e+04 1.987427e+00
1.299800e+04 3.142891e+00
1.299900e+04 4.060493e+00
1.300000e+04 4.337245e+00
1.300100e+04 4.177604e+00
1.300200e+04 3.311697e+00
1.300300e+04 2.141400e+00
1.300400e+04 5.360116e-01
1.300500e+04 -9.710255e-01
1.300600e+04 -2.441686e+00
1.300700e+04 -3.346112e+00
1.300800e+04 -3.844656e+00
1.300900e+04 -3.538793e+00
1.301000e+04 -2.821089e+00
1.301100e+04 -1.502093e+00
1.301200e+04 -1.351960e-01
1.301300e+04 1.396703e+00
1.301400e+04 2.538679e+00
1.301500e+04 3.537361e+00
1.301600e+04 4.003444e+00
1.301700e+04 4.341941e+00
1.301800e+04 4.285122e+00
1.301900e+04 4.315793e+00
1.302000e+04 4.134187e+00
1.302100e+04 4.159414e+00
1.302200e+04 4.012886e+00
1.302300e+04 4.066602e+00
1.302400e+04 3.918535e+00
1.302500e+04 3.961426e+00
1.302600e+04 3.823472e+00
1.302700e+04 3.923856e+00
1.302800e+04 3.881635e+00
1.302900e+04 4.084338e+00
1.303000e+04 4.110381e+00
1.303100e+04 4.326845e+00
1.303200e+04 4.300781e+00
1.303300e+04 4.429462e+00
1.303400e+04 4.339230e+00
1.303500e+04 4.454469e+00
1.303600e+04 4.391284e+00
1.303700e+04 4.540658e+00
1.303800e+04 4.449717e+00
1.303900e+04 4.412289e+00
1.304000e+04 3.930748e+00
1.304100e+04 3.336591e+00
1.304200e+04 2.214295e+00
1.304300e+04 1.017338e+00
1.304400e+04 -5.016870e-01
1.304500e+04 -1.786928e+00
1.304600e+04 -3.053074e+00
1.304700e+04 -3.799861e+00
1.304800e+04 -4.379606e+00
1.304900e+04 -4.452692e+00
1.305000e+04 -4.490184e+00
1.305100e+04 -4.255190e+00
1.305200e+04 -4.213076e+00
1.305300e+04 -4.051881e+00
1.305400e+04 -4.129039e+00
1.305500e+04 -4.066128e+00
1.305600e+04 -4.160615e+00
1.305700e+04 -4.033735e+00
1.305800e+04 -4.040183e+00
1.305900e+04 -3.879665e+00
1.306000e+04 -3.916997e+00
1.306100e+04 -3.852004e+00
1.306200e+04 -3.970698e+00
1.306300e+04 -3.895610e+00
1.306400e+04 -3.823382e+00
1.306500e+04 -3.325468e+00
1.306600e+04 -2.625218e+00
1.306700e+04 -1.439571e+00
1.306800e+04 -1.282714e-01
1.306900e+04 1.410210e+00
1.307000e+04 2.691323e+00
1.307100e+04 3.739282e+00
1.307200e+04 4.125784e+00
1.307300e+04 4.012331e+00
1.307400e+04 3.174981e+00
1.307500e+04 1.962751e+00
1.307600e+04 3.652540e-01
1.307700e+04 -1.158939e+00
1.307800e+04 -2.563304e+00
1.307900e+04 -3.450052e+00
1.308000e+04 -3.880581e+00
1.308100e+04 -3.621833e+00
1.308200e+04 -2.889190e+00
1.308300e+04 -1.650124e+00
1.308400e+04 -2.403419e-01
1.308500e+04 1.265952e+00
1.308600e+04 2.507807e+00
1.308700e+04 3.417926e+00
1.308800e+04 3.738728e+00
1.308900e+04 3.526520e+00
1.309000e+04 2.715924e+00
1.309100e+04 1.519972e+00
1.309200e+04 4.501390e-02
1.309300e+04 -1.420385e+00
1.309400e+04 -2.724088e+00
1.309500e+04 -3.661324e+00
1.309600e+04 -4.223222e+00
1.309700e+04 -4.390525e+00
1.309800e+04 -4.294977e+00
1.309900e+04 -4.077922e+00
1.310000e+04 -3.887154e+00
1.310100e+04 -3.807440e+00
1.310200e+04 -3.833741e+00
1.310300e+04 -3.893059e+00
1.310400e+04 -3.819824e+00
1.310500e+04 -3.498069e+00
1.310600e+04 -2.764891e+00
1.310700e+04 -1.658709e+00
1.310800e+04 -2.133730e-01
1.310900e+04 1.306260e+00
1.311000e+04 2.741431e+00
1.311100e+04 3.750008e+00
1.311200e+04 4.235369e+00
1.311300e+04 4.015448e+00
1.311400e+04 3.239937e+00
1.311500e+04 1.917577e+00
1.311600e+04 4.056164e-01
1.311700e+04 -1.182276e+00
1.311800e+04 -2.458840e+00
1.311900e+04 -3.384989e+00
1.312000e+04 -3.732759e+00
1.312100e+04 -3.393810e+00
1.312200e+04 -2.652329e+00
1.312300e+04 -1.327977e+00
1.312400e+04 9.820205e-02
1.312500e+04 1.695148e+00
1.312600e+04 2.937268e+00
1.312700e+04 3.910422e+00
1.312800e+04 4.182025e+00
1.312900e+04 3.967361e+00
1.313000e+04 3.036849e+00
1.313100e+04 1.798013e+00
1.313200e+04 1.865898e-01
1.313300e+04 -1.291733e+00
1.313400e+04 -2.662788e+00
1.313500e+04 -3.473238e+00
1.313600e+04 -3.842831e+00
1.313700e+04 -3.501513e+00
1.313800e+04 -2.733349e+00
1.313900e+04 -1.430336e+00
1.314000e+04 -1.564908e-02
1.314100e+04 1.513274e+00
1.314200e+04 2.713814e+00
1.314300e+04 3.609904e+00
1.314400e+04 3.879063e+00
1.314500e+04 3.673844e+00
1.314600e+04 2.850530e+00
1.314700e+04 1.731836e+00
1.314800e+04 3.136693e-01
1.314900e+04 -1.039055e+00
1.315000e+04 -2.330298e+00
1.315100e+04 -3.273687e+00
1.315200e+04 -3.974338e+00
1.315300e+04 -4.307258e+00
1.315400e+04 -4.467081e+00
1.315500e+04 -4.397964e+00
1.315600e+04 -4.312782e+00
1.315700e+04 -4.152169e+00
1.315800e+04 -4.075535e+00
1.315900e+04 -3.987858e+00
1.316000e+04 -3.980915e+00
1.316100e+04 -3.965585e+00
1.316200e+04 -4.012446e+00
1.316300e+04 -4.025495e+00
1.316400e+04 -4.069675e+00
1.316500e+04 -4.072985e+00
1.316600e+04 -4.092900e+00
1.316700e+04 -4.081281e+00
1.316800e+04 -4.076014e+00
1.316900e+04 -4.057877e+00
1.317000e+04 -4.067115e+00
1.317100e+04 -4.080427e+00
1.317200e+04 -4.109412e+00
1.317300e+04 -4.142459e+00
1.317400e+04 -4.167766e+00
1.317500e+04 -4.187772e+00
1.317600e+04 -4.180279e+00
1.317700e+04 -4.177940e+00
1.317800e+04 -4.158209e+00
1.317900e+04 -4.166162e+00
1.318000e+04 -4.155906e+00
1.318100e+04 -4.174299e+00
1.318200e+04 -4.145029e+00
1.318300e+04 -4.128458e+00
1.318400e+04 -4.053708e+00
1.318500e+04 -4.021268e+00
1.318600e+04 -3.976916e+00
1.318700e+04 -4.050491e+00
1.318800e+04 -4.156565e+00
1.318900e+04 -4.377285e+00
1.319000e+04 -4.534986e+00
1.319100e+04 -4.641479e+00
1.319200e+04 -4.430996e+00
1.319300e+04 -3.931461e+00
1.319400e+04 -2.953816e+00
1.319500e+04 -1.669154e+00
1.319600e+04 -5.323666e-02
1.319700e+04 1.525252e+00
1.319800e+04 2.981020e+00
1.319900e+04 3.904304e+00
1.320000e+04 4.296432e+00
1.320100e+04 3.904819e+00
1.320200e+04 2.962304e+00
1.320300e+04 1.437375e+00
1.320400e+04 -2.312962e-01
1.320500e+04 -1.971989e+00
1.320600e+04 -3.320125e+00
1.320700e+04 -4.269164e+00
1.320800e+04 -4.478675e+00
1.320900e+04 -4.141557e+00
1.321000e+04 -3.090598e+00
1.321100e+04 -1.700119e+00
1.321200e+04 4.412763e-02
1.321300e+04 1.656788e+00
1.321400e+04 3.123983e+00
1.321500e+04 3.986671e+00
1.321600e+04 4.345623e+00
1.321700e+04 3.908598e+00
1.321800e+04 2.998332e+00
1.321900e+04 1.528447e+00
1.322000e+04 -1.031093e-02
1.322100e+04 -1.624712e+00
1.322200e+04 -2.846871e+00
1.322300e+04 -3.808414e+00
1.322400e+04 -4.209265e+00
1.322500e+04 -4.389240e+00
1.322600e+04 -4.210544e+00
1.322700e+04 -4.083401e+00
1.322800e+04 -3.858089e+00
1.322900e+04 -3.872883e+00
1.323000e+04 -3.856910e+00
1.323100e+04 -4.035826e+00
1.323200e+04 -4.076644e+00
1.323300e+04 -4.207507e+00
1.323400e+04 -4.140155e+00
1.323500e+04 -4.166382e+00
1.323600e+04 -4.045761e+00
1.323700e+04 -4.071582e+00
1.323800e+04 -3.949191e+00
1.323900e+04 -3.897722e+00
1.324000e+04 -3.561046e+00
1.324100e+04 -3.106912e+00
1.324200e+04 -2.210269e+00
1.324300e+04 -1.152154e+00
1.324400e+04 2.457961e-01
1.324500e+04 1.558539e+00
1.324600e+04 2.850012e+00
1.324700e+04 3.654004e+00
1.324800e+04 4.071280e+00
1.324900e+04 3.797522e+00
1.325000e+04 3.117166e+00
1.325100e+04 1.901502e+00
1.325200e+04 5.906709e-01
1.325300e+04 -8.578558e-01
1.325400e+04 -2.026416e+00
1.325500e+04 -3.030956e+00
1.325600e+04 -3.609819e+00
1.325700e+04 -4.017464e+00
1.325800e+04 -4.095261e+00
1.325900e+04 -4.155533e+00
1.326000e+04 -4.058658e+00
1.326100e+04 -4.056026e+00
1.326200e+04 -3.948967e+00
1.326300e+04 -3.935203e+00
1.326400e+04 -3.818580e+00
1.326500e+04 -3.794815e+00
1.326600e+04 -3.700053e+00
1.326700e+04 -3.757871e+00
1.326800e+04 -3.806514e+00
1.326900e+04 -4.004879e+00
1.327000e+04 -4.124063e+00
1.327100e+04 -4.208404e+00
1.327200e+04 -3.991408e+00
1.327300e+04 -3.526972e+00
1.327400e+04 -2.619175e+00
1.327500e+04 -1.449638e+00
1.327600e+04 -1.760644e-02
1.327700e+04 1.383183e+00
1.327800e+04 2.673738e+00
1.327900e+04 3.595729e+00
1.328000e+04 4.200139e+00
1.328100e+04 4.394623e+00
1.328200e+04 4.386124e+00
1.328300e+04 4.203687e+00
1.328400e+04 4.085067e+00
1.328500e+04 3.971454e+00
1.328600e+04 3.963986e+00
1.328700e+04 3.872337e+00
1.328800e+04 3.668961e+00
1.328900e+04 3.125232e+00
1.329000e+04 2.290663e+00
1.329100e+04 1.075655e+00
1.329200e+04 -3.041281e-01
1.329300e+04 -1.753750e+00
1.329400e+04 -2.950545e+00
1.329500e+04 -3.776707e+00
1.329600e+04 -3.987878e+00
1.329700e+04 -3.642385e+00
1.329800e+04 -2.710269e+00
1.329900e+04 -1.437706e+00
1.330000e+04 4.361892e-02
1.330100e+04 1.424445e+00
1.330200e+04 2.612301e+00
1.330300e+04 3.407472e+00
1.330400e+04 3.881467e+00
1.330500e+04 4.018210e+00
1.330600e+04 3.993019e+00
1.330700e+04 3.841539e+00
1.330800e+04 3.736266e+00
1.330900e+04 3.646134e+00
1.331000e+04 3.660811e+00
1.331100e+04 3.684333e+00
1.331200e+04 3.754272e+00
1.331300e+04 3.801353e+00
1.331400e+04 3.900737e+00
1.331500e+04 3.994380e+00
1.331600e+04 4.158885e+00
1.331700e+04 4.309341e+00
1.331800e+04 4.447419e+00
1.331900e+04 4.410316e+00
1.332000e+04 4.144005e+00
1.332100e+04 3.520793e+00
1.332200e+04 2.579686e+00
1.332300e+04 1.321443e+00
1.332400e+04 -5.770372e-02
1.332500e+04 -1.434480e+00
1.332600e+04 -2.575364e+00
1.332700e+04 -3.408904e+00
1.332800e+04 -3.858349e+00
1.332900e+04 -4.019056e+00
1.333000e+04 -3.957902e+00
1.333100e+04 -3.871394e+00
1.333200e+04 -3.824989e+00
1.333300e+04 -3.899875e+00
1.333400e+04 -4.007033e+00
1.333500e+04 -4.073952e+00
1.333600e+04 -3.916111e+00
1.333700e+04 -3.456370e+00
1.333800e+04 -2.612282e+00
1.333900e+04 -1.472826e+00
1.334000e+04 -1.326835e-01
1.334100e+04 1.184479e+00
1.334200e+04 2.333762e+00
1.334300e+04 3.152657e+00
1.334400e+04 3.641092e+00
1.334500e+04 3.817729e+00
1.334600e+04 3.833590e+00
1.334700e+04 3.791841e+00
1.334800e+04 3.825353e+00
1.334900e+04 3.933057e+00
1.335000e+04 4.099524e+00
1.335100e+04 4.164933e+00
1.335200e+04 4.015306e+00
1.335300e+04 3.508123e+00
1.335400e+04 2.617626e+00
1.335500e+04 1.354428e+00
1.335600e+04 -1.095451e-01
1.335700e+04 -1.602560e+00
1.335800e+04 -2.869380e+00
1.335900e+04 -3.739237e+00
1.336000e+04 -4.046990e+00
1.336100e+04 -3.775351e+00
1.336200e+04 -2.946812e+00
1.336300e+04 -1.723635e+00
1.336400e+04 -2.684817e-01
1.336500e+04 1.169898e+00
1.336600e+04 2.400484e+00
1.336700e+04 3.205767e+00
1.336800e+04 3.496964e+00
1.336900e+04 3.186902e+00
1.337000e+04 2.336867e+00
1.337100e+04 1.042531e+00
1.337200e+04 -4.707012e-01
1.337300e+04 -1.999284e+00
1.337400e+04 -3.257589e+00
1.337500e+04 -4.062187e+00
1.337600e+04 -4.252373e+00
1.337700e+04 -3.832041e+00
1.337800e+04 -2.840554e+00
1.337900e+04 -1.496377e+00
1.338000e+04 7.433891e-04
1.338100e+04 1.384530e+00
1.338200e+04 2.509550e+00
1.338300e+04 3.231607e+00
1.338400e+04 3.601418e+00
1.338500e+04 3.676150e+00
1.338600e+04 3.629913e+00
1.338700e+04 3.564349e+00
1.338800e+04 3.620099e+00
1.338900e+04 3.771395e+00
1.339000e+04 3.997091e+00
1.339100e+04 4.112552e+00
1.339200e+04 4.021817e+00
1.339300e+04 3.557210e+00
1.339400e+04 2.703986e+00
1.339500e+04 1.459165e+00
1.339600e+04 2.380753e-02
1.339700e+04 -1.440755e+00
1.339800e+04 -2.636575e+00
1.339900e+04 -3.404236e+00
1.340000e+04 -3.547243e+00
1.340100e+04 -3.095726e+00
1.340200e+04 -2.074282e+00
1.340300e+04 -7.153888e-01
1.340400e+04 8.223085e-01
1.340500e+04 2.252594e+00
1.340600e+04 3.466294e+00
1.340700e+04 4.306179e+00
1.340800e+04 4.821239e+00
1.340900e+04 4.983978e+00
1.341000e+04 4.961140e+00
1.341100e+04 4.776034e+00
1.341200e+04 4.581624e+00
1.341300e+04 4.355259e+00
1.341400e+04 4.201002e+00
1.341500e+04 4.055576e+00
1.341600e+04 4.006112e+00
1.341700e+04 3.962040e+00
1.341800e+04 4.006371e+00
1.341900e+04 4.047758e+00
1.342000e+04 4.143183e+00
1.342100e+04 4.174154e+00
1.342200e+04 4.195679e+00
1.342300e+04 4.085306e+00
1.342400e+04 3.947700e+00
1.342500e+04 3.729957e+00
1.342600e+04 3.579578e+00
1.342700e+04 3.466419e+00
1.342800e+04 3.537620e+00
1.342900e+04 3.686185e+00
1.343000e+04 3.944067e+00
1.343100e+04 4.084009e+00
1.343200e+04 4.079375e+00
1.343300e+04 3.695155e+00
1.343400e+04 2.967064e+00
1.343500e+04 1.810576e+00
1.343600e+04 4.486651e-01
1.343700e+04 -1.048159e+00
1.343800e+04 -2.349289e+00
1.343900e+04 -3.354721e+00
1.344000e+04 -3.789991e+00
1.344100e+04 -3.664474e+00
1.344200e+04 -2.954866e+00
1.344300e+04 -1.793986e+00
1.344400e+04 -3.384699e-01
1.344500e+04 1.163028e+00
1.344600e+04 2.506706e+00
1.344700e+04 3.460672e+00
1.344800e+04 3.898683e+00
1.344900e+04 3.721364e+00
1.345000e+04 2.962647e+00
1.345100e+04 1.712992e+00
1.345200e+04 1.837983e-01
1.345300e+04 -1.395300e+00
1.345400e+04 -2.753286e+00
1.345500e+04 -3.663270e+00
1.345600e+04 -3.951344e+00
1.345700e+04 -3.586260e+00
1.345800e+04 -2.620959e+00
1.345900e+04 -1.224364e+00
1.346000e+04 3.636599e-01
1.346100e+04 1.890038e+00
1.346200e+04 3.145100e+00
1.346300e+04 3.995988e+00
1.346400e+04 4.422032e+00
1.346500e+04 4.508886e+00
1.346600e+04 4.384827e+00
1.346700e+04 4.216529e+00
1.346800e+04 4.114425e+00
1.346900e+04 4.133492e+00
1.347000e+04 4.205910e+00
1.347100e+04 4.226537e+00
1.347200e+04 4.035768e+00
1.347300e+04 3.528205e+00
1.347400e+04 2.626423e+00
1.347500e+04 1.405775e+00
1.347600e+04 -2.344298e-02
1.347700e+04 -1.444651e+00
1.347800e+04 -2.705553e+00
1.347900e+04 -3.629218e+00
1.348000e+04 -4.190354e+00
1.348100e+04 -4.395304e+00
1.348200e+04 -4.384420e+00
1.348300e+04 -4.238398e+00
1.348400e+04 -4.121149e+00
1.348500e+04 -4.057485e+00
1.348600e+04 -4.110816e+00
1.348700e+04 -4.202329e+00
1.348800e+04 -4.332961e+00
1.348900e+04 -4.403655e+00
1.349000e+04 -4.445307e+00
1.349100e+04 -4.398040e+00
1.349200e+04 -4.341475e+00
1.349300e+04 -4.237000e+00
1.349400e+04 -4.165163e+00
1.349500e+04 -4.062930e+00
1.349600e+04 -4.008245e+00
1.349700e+04 -3.938230e+00
1.349800e+04 -3.931386e+00
1.349900e+04 -3.934054e+00
1.350000e+04 -4.031837e+00
1.350100e+04 -4.122572e+00
1.350200e+04 -4.236219e+00
1.350300e+04 -4.201818e+00
1.350400e+04 -3.994698e+00
1.350500e+04 -3.453928e+00
1.350600e+04 -2.636829e+00
1.350700e+04 -1.486212e+00
1.350800e+04 -2.064368e-01
1.350900e+04 1.136676e+00
1.351000e+04 2.280110e+00
1.351100e+04 3.187805e+00
1.351200e+04 3.719107e+00
1.351300e+04 4.003340e+00
1.351400e+04 4.031742e+00
1.351500e+04 4.036594e+00
1.351600e+04 4.019835e+00
1.351700e+04 4.127354e+00
1.351800e+04 4.217754e+00
1.351900e+04 4.291268e+00
1.352000e+04 4.099391e+00
1.352100e+04 3.622200e+00
1.352200e+04 2.681911e+00
1.352300e+04 1.418199e+00
1.352400e+04 -1.544065e-01
1.352500e+04 -1.716910e+00
1.352600e+04 -3.142222e+00
1.352700e+04 -4.071043e+00
1.352800e+04 -4.454323e+00
1.352900e+04 -4.114003e+00
1.353000e+04 -3.206568e+00
1.353100e+04 -1.761192e+00
1.353200e+04 -1.291233e-01
1.353300e+04 1.559631e+00
1.353400e+04 2.956315e+00
1.353500e+04 4.023699e+00
1.353600e+04 4.574490e+00
1.353700e+04 4.767915e+00
1.353800e+04 4.600503e+00
1.353900e+04 4.352648e+00
1.354000e+04 4.048332e+00
1.354100e+04 3.905972e+00
1.354200e+04 3.801097e+00
1.354300e+04 3.782604e+00
1.354400e+04 3.597760e+00
1.354500e+04 3.218026e+00
1.354600e+04 2.416936e+00
1.354700e+04 1.317303e+00
1.354800e+04 -1.095359e-01
1.354900e+04 -1.542879e+00
1.355000e+04 -2.847169e+00
1.355100e+04 -3.658331e+00
1.355200e+04 -3.940281e+00
1.355300e+04 -3.506015e+00
1.355400e+04 -2.558918e+00
1.355500e+04 -1.172020e+00
1.355600e+04 2.914536e-01
1.355700e+04 1.711822e+00
1.355800e+04 2.787469e+00
1.355900e+04 3.562846e+00
1.356000e+04 3.921849e+00
1.356100e+04 4.070186e+00
1.356200e+04 4.016269e+00
1.356300e+04 3.981945e+00
1.356400e+04 3.912175e+00
1.356500e+04 3.941149e+00
1.356600e+04 3.940114e+00
1.356700e+04 3.982567e+00
1.356800e+04 3.932256e+00
1.356900e+04 3.927517e+00
1.357000e+04 3.895335e+00
1.357100e+04 3.983543e+00
1.357200e+04 4.115503e+00
1.357300e+04 4.377171e+00
1.357400e+04 4.581470e+00
1.357500e+04 4.708802e+00
1.357600e+04 4.513059e+00
1.357700e+04 3.982703e+00
1.357800e+04 2.972599e+00
1.357900e+04 1.627045e+00
1.358000e+04 -7.705390e-03
1.358100e+04 -1.622057e+00
1.358200e+04 -3.064766e+00
1.358300e+04 -4.015853e+00
1.358400e+04 -4.406101e+00
1.358500e+04 -4.086411e+00
1.358600e+04 -3.193572e+00
1.358700e+04 -1.794883e+00
1.358800e+04 -2.021905e-01
1.358900e+04 1.408392e+00
1.359000e+04 2.700761e+00
1.359100e+04 3.550119e+00
1.359200e+04 3.775188e+00
1.359300e+04 3.434693e+00
1.359400e+04 2.534584e+00
1.359500e+04 1.316712e+00
1.359600e+04 -8.244801e-02
1.359700e+04 -1.394249e+00
1.359800e+04 -2.515278e+00
1.359900e+04 -3.304379e+00
1.360000e+04 -3.814130e+00
1.360100e+04 -4.004226e+00
1.360200e+04 -4.077131e+00
1.360300e+04 -4.024640e+00
1.360400e+04 -4.021850e+00
1.360500e+04 -3.991239e+00
1.360600e+04 -4.040619e+00
1.360700e+04 -4.045075e+00
1.360800e+04 -4.098354e+00
1.360900e+04 -4.076649e+00
1.361000e+04 -4.113411e+00
1.361100e+04 -4.115536e+00
1.361200e+04 -4.212708e+00
1.361300e+04 -4.283956e+00
1.361400e+04 -4.429791e+00
1.361500e+04 -4.493672e+00
1.361600e+04 -4.570707e+00
1.361700e+04 -4.524660e+00
1.361800e+04 -4.500949e+00
1.361900e+04 -4.397566e+00
1.362000e+04 -4.376530e+00
1.362100e+04 -4.305953e+00
1.362200e+04 -4.283725e+00
1.362300e+04 -4.090811e+00
1.362400e+04 -3.771773e+00
1.362500e+04 -3.090793e+00
1.362600e+04 -2.153838e+00
1.362700e+04 -8.462288e-01
1.362800e+04 5.617187e-01
1.362900e+04 2.042710e+00
1.363000e+04 3.230260e+00
1.363100e+04 4.081444e+00
1.363200e+04 4.274846e+00
1.363300e+04 3.933736e+00
1.363400e+04 2.932129e+00
1.363500e+04 1.574344e+00
1.363600e+04 -9.962501e-02
1.363700e+04 -1.662889e+00
1.363800e+04 -3.048057e+00
1.363900e+04 -3.859899e+00
1.364000e+04 -4.174745e+00
1.364100e+04 -3.760158e+00
1.364200e+04 -2.877735e+00
1.364300e+04 -1.497551e+00
1.364400e+04 -4.043108e-02
1.364500e+04 1.472287e+00
1.364600e+04 2.630948e+00
1.364700e+04 3.525738e+00
1.364800e+04 3.917458e+00
1.364900e+04 4.095459e+00
1.365000e+04 3.965440e+00
1.365100e+04 3.904244e+00
1.365200e+04 3.791267e+00
1.365300e+04 3.906368e+00
1.365400e+04 3.961717e+00
1.365500e+04 4.085539e+00
1.365600e+04 3.895918e+00
1.365700e+04 3.524918e+00
1.365800e+04 2.659907e+00
1.365900e+04 1.603688e+00
1.366000e+04 2.213323e-01
1.366100e+04 -1.051402e+00
1.366200e+04 -2.306434e+00
1.366300e+04 -3.130544e+00
1.366400e+04 -3.750282e+00
1.366500e+04 -3.919949e+00
1.366600e+04 -4.013253e+00
1.366700e+04 -3.862479e+00
1.366800e+04 -3.869977e+00
1.366900e+04 -3.799135e+00
1.367000e+04 -3.953108e+00
1.367100e+04 -4.002396e+00
1.367200e+04 -4.205097e+00
1.367300e+04 -4.212061e+00
1.367400e+04 -4.335565e+00
1.367500e+04 -4.286979e+00
1.367600e+04 -4.413838e+00
1.367700e+04 -4.409067e+00
1.367800e+04 -4.571350e+00
1.367900e+04 -4.492419e+00
1.368000e+04 -4.392581e+00
1.368100e+04 -3.826411e+00
1.368200e+04 -3.058849e+00
1.368300e+04 -1.753880e+00
1.368400e+04 -3.578643e-01
1.368500e+04 1.289007e+00
1.368600e+04 2.601192e+00
1.368700e+04 3.699157e+00
1.368800e+04 4.055159e+00
1.368900e+04 3.953538e+00
1.369000e+04 3.079358e+00
1.369100e+04 1.949864e+00
1.369200e+04 4.152904e-01
1.369300e+04 -9.273329e-01
1.369400e+04 -2.251865e+00
1.369500e+04 -3.061353e+00
1.369600e+04 -3.706105e+00
1.369700e+04 -3.856524e+00
1.369800e+04 -3.981139e+00
1.369900e+04 -3.819851e+00
1.370000e+04 -3.853416e+00
1.370100e+04 -3.763571e+00
1.370200e+04 -3.948282e+00
1.370300e+04 -3.992267e+00
1.370400e+04 -4.255026e+00
1.370500e+04 -4.298474e+00
1.370600e+04 -4.472089e+00
1.370700e+04 -4.374194e+00
1.370800e+04 -4.401553e+00
1.370900e+04 -4.173936e+00
1.371000e+04 -4.109363e+00
1.371100e+04 -3.834719e+00
1.371200e+04 -3.781945e+00
1.371300e+04 -3.572318e+00
1.371400e+04 -3.619605e+00
1.371500e+04 -3.538037e+00
1.371600e+04 -3.725604e+00
1.371700e+04 -3.761083e+00
1.371800e+04 -4.009534e+00
1.371900e+04 -4.039329e+00
1.372000e+04 -4.236102e+00
1.372100e+04 -4.186674e+00
1.372200e+04 -4.316079e+00
1.372300e+04 -4.262933e+00
1.372400e+04 -4.450541e+00
1.372500e+04 -4.473993e+00
1.372600e+04 -4.686208e+00
1.372700e+04 -4.590536e+00
1.372800e+04 -4.464019e+00
1.372900e+04 -3.798476e+00
1.373000e+04 -2.944590e+00
1.373100e+04 -1.540222e+00
1.373200e+04 -1.157310e-01
1.373300e+04 1.529357e+00
1.373400e+04 2.783286e+00
1.373500e+04 3.863142e+00
1.373600e+04 4.312031e+00
1.373700e+04 4.561787e+00
1.373800e+04 4.350017e+00
1.373900e+04 4.250164e+00
1.374000e+04 4.029963e+00
1.374100e+04 4.139187e+00
1.374200e+04 4.156971e+00
1.374300e+04 4.340377e+00
1.374400e+04 4.130001e+00
1.374500e+04 3.754329e+00
1.374600e+04 2.784003e+00
1.374700e+04 1.647331e+00
1.374800e+04 1.298473e-01
1.374900e+04 -1.185683e+00
1.375000e+04 -2.457398e+00
1.375100e+04 -3.185934e+00
1.375200e+04 -3.715698e+00
1.375300e+04 -3.761246e+00
1.375400e+04 -3.816273e+00
1.375500e+04 -3.687926e+00
1.375600e+04 -3.835532e+00
1.375700e+04 -3.922137e+00
1.375800e+04 -4.231918e+00
1.375900e+04 -4.287267e+00
1.376000e+04 -4.244958e+00
1.376100e+04 -3.703305e+00
1.376200e+04 -2.850795e+00
1.376300e+04 -1.510182e+00
1.376400e+04 -3.871545e-02
1.376500e+04 1.548519e+00
1.376600e+04 2.804773e+00
1.376700e+04 3.724317e+00
1.376800e+04 3.947815e+00
1.376900e+04 3.626959e+00
1.377000e+04 2.641319e+00
1.377100e+04 1.342214e+00
1.377200e+04 -2.466967e-01
1.377300e+04 -1.704184e+00
1.377400e+04 -3.017400e+00
1.377500e+04 -3.886078e+00
1.377600e+04 -4.475889e+00
1.377700e+04 -4.656369e+00
1.377800e+04 -4.704803e+00
1.377900e+04 -4.578117e+00
1.378000e+04 -4.530988e+00
1.378100e+04 -4.440946e+00
1.378200e+04 -4.467206e+00
1.378300e+04 -4.403087e+00
1.378400e+04 -4.377488e+00
1.378500e+04 -4.227017e+00
1.378600e+04 -4.117188e+00
1.378700e+04 -3.947527e+00
1.378800e+04 -3.915117e+00
1.378900e+04 -3.878774e+00
1.379000e+04 -3.946247e+00
1.379100e+04 -3.882376e+00
1.379200e+04 -3.690154e+00
1.379300e+04 -3.119248e+00
1.379400e+04 -2.252966e+00
1.379500e+04 -9.783372e-01
1.379600e+04 4.476817e-01
1.379700e+04 1.953784e+00
1.379800e+04 3.169670e+00
1.379900e+04 4.002884e+00
1.380000e+04 4.199542e+00
1.380100e+04 3.839791e+00
1.380200e+04 2.871597e+00
1.380300e+04 1.591317e+00
1.380400e+04 1.000091e-01
1.380500e+04 -1.267504e+00
1.380600e+04 -2.448781e+00
1.380700e+04 -3.230133e+00
1.380800e+04 -3.706419e+00
1.380900e+04 -3.831690e+00
1.381000e+04 -3.825338e+00
1.381100e+04 -3.697532e+00
1.381200e+04 -3.647104e+00
1.381300e+04 -3.598525e+00
1.381400e+04 -3.636146e+00
1.381500e+04 -3.567470e+00
1.381600e+04 -3.372777e+00
1.381700e+04 -2.855278e+00
1.381800e+04 -2.071092e+00
1.381900e+04 -9.363829e-01
1.382000e+04 3.319732e-01
1.382100e+04 1.647638e+00
1.382200e+04 2.698195e+00
1.382300e+04 3.394768e+00
1.382400e+04 3.507698e+00
1.382500e+04 3.099131e+00
1.382600e+04 2.153121e+00
1.382700e+04 9.268574e-01
1.382800e+04 -4.760816e-01
1.382900e+04 -1.750831e+00
1.383000e+04 -2.842659e+00
1.383100e+04 -3.567294e+00
1.383200e+04 -4.024302e+00
1.383300e+04 -4.177154e+00
1.383400e+04 -4.221868e+00
1.383500e+04 -4.152629e+00
1.383600e+04 -4.141330e+00
1.383700e+04 -4.116953e+00
1.383800e+04 -4.178646e+00
1.383900e+04 -4.201315e+00
1.384000e+04 -4.262691e+00
1.384100e+04 -4.239832e+00
1.384200e+04 -4.240329e+00
1.384300e+04 -4.167792e+00
1.384400e+04 -4.149444e+00
1.384500e+04 -4.082208e+00
1.384600e+04 -4.073858e+00
1.384700e+04 -4.013335e+00
1.384800e+04 -3.999721e+00
1.384900e+04 -3.902031e+00
1.385000e+04 -3.845409e+00
1.385100e+04 -3.724627e+00
1.385200e+04 -3.669884e+00
1.385300e+04 -3.581345e+00
1.385400e+04 -3.596713e+00
1.385500e+04 -3.595819e+00
1.385600e+04 -3.702850e+00
1.385700e+04 -3.780703e+00
1.385800e+04 -3.941342e+00
1.385900e+04 -4.032046e+00
1.386000e+04 -4.166533e+00
1.386100e+04 -4.187567e+00
1.386200e+04 -4.222069e+00
1.386300e+04 -4.142540e+00
1.386400e+04 -4.105271e+00
1.386500e+04 -3.991547e+00
1.386600e+04 -3.989436e+00
1.386700e+04 -3.977307e+00
1.386800e+04 -4.102196e+00
1.386900e+04 -4.191103e+00
1.387000e+04 -4.365395e+00
1.387100e+04 -4.419692e+00
1.387200e+04 -4.476464e+00
1.387300e+04 -4.385074e+00
1.387400e+04 -4.346008e+00
1.387500e+04 -4.236258e+00
1.387600e+04 -4.280660e+00
1.387700e+04 -4.313824e+00
1.387800e+04 -4.466089e+00
1.387900e+04 -4.458885e+00
1.388000e+04 -4.329186e+00
1.388100e+04 -3.759935e+00
1.388200e+04 -2.873854e+00
1.388300e+04 -1.501431e+00
1.388400e+04 3.498590e-02
1.388500e+04 1.706194e+00
1.388600e+04 3.056709e+00
1.388700e+04 4.049310e+00
1.388800e+04 4.312060e+00
1.388900e+04 4.014612e+00
1.389000e+04 3.029599e+00
1.389100e+04 1.744608e+00
1.389200e+04 1.750456e-01
1.389300e+04 -1.230733e+00
1.389400e+04 -2.509467e+00
1.389500e+04 -3.340257e+00
1.389600e+04 -3.951441e+00
1.389700e+04 -4.166248e+00
1.389800e+04 -4.316106e+00
1.389900e+04 -4.283385e+00
1.390000e+04 -4.379156e+00
1.390100e+04 -4.378623e+00
1.390200e+04 -4.492213e+00
1.390300e+04 -4.382603e+00
1.390400e+04 -4.188319e+00
1.390500e+04 -3.582166e+00
1.390600e+04 -2.793192e+00
1.390700e+04 -1.603828e+00
1.390800e+04 -3.913333e-01
1.390900e+04 9.472063e-01
1.391000e+04 1.996853e+00
1.391100e+04 2.909342e+00
1.391200e+04 3.384398e+00
1.391300e+04 3.750183e+00
1.391400e+04 3.831140e+00
1.391500e+04 4.016009e+00
1.391600e+04 4.104348e+00
1.391700e+04 4.383739e+00
1.391800e+04 4.486363e+00
1.391900e+04 4.564441e+00
1.392000e+04 4.221869e+00
1.392100e+04 3.579741e+00
1.392200e+04 2.475504e+00
1.392300e+04 1.150538e+00
1.392400e+04 -3.445303e-01
1.392500e+04 -1.692727e+00
1.392600e+04 -2.827009e+00
1.392700e+04 -3.540737e+00
1.392800e+04 -3.938537e+00
1.392900e+04 -4.005268e+00
1.393000e+04 -3.962267e+00
1.393100e+04 -3.868111e+00
1.393200e+04 -3.892465e+00
1.393300e+04 -3.978019e+00
1.393400e+04 -4.137161e+00
1.393500e+04 -4.186749e+00
1.393600e+04 -4.044914e+00
1.393700e+04 -3.566483e+00
1.393800e+04 -2.749424e+00
1.393900e+04 -1.596961e+00
1.394000e+04 -2.592455e-01
1.394100e+04 1.116452e+00
1.394200e+04 2.333673e+00
1.394300e+04 3.276554e+00
1.394400e+04 3.880940e+00
1.394500e+04 4.153139e+00
1.394600e+04 4.198098e+00
1.394700e+04 4.131540e+00
1.394800e+04 4.078519e+00
1.394900e+04 4.068906e+00
1.395000e+04 4.120361e+00
1.395100e+04 4.106309e+00
1.395200e+04 3.946184e+00
1.395300e+04 3.470191e+00
1.395400e+04 2.677750e+00
1.395500e+04 1.529228e+00
1.395600e+04 2.058709e-01
1.395700e+04 -1.194586e+00
1.395800e+04 -2.408800e+00
1.395900e+04 -3.381431e+00
1.396000e+04 -3.947907e+00
1.396100e+04 -4.228099e+00
1.396200e+04 -4.205562e+00
1.396300e+04 -4.108251e+00
1.396400e+04 -3.934283e+00
1.396500e+04 -3.877515e+00
1.396600e+04 -3.831941e+00
1.396700e+04 -3.921838e+00
1.396800e+04 -3.975366e+00
1.396900e+04 -4.104671e+00
1.397000e+04 -4.162166e+00
1.397100e+04 -4.313395e+00
1.397200e+04 -4.403142e+00
1.397300e+04 -4.582379e+00
1.397400e+04 -4.626966e+00
1.397500e+04 -4.618862e+00
1.397600e+04 -4.275773e+00
1.397700e+04 -3.694135e+00
1.397800e+04 -2.653368e+00
1.397900e+04 -1.391766e+00
1.398000e+04 1.555192e-01
1.398100e+04 1.594979e+00
1.398200e+04 2.912450e+00
1.398300e+04 3.713652e+00
1.398400e+04 4.072060e+00
1.398500e+04 3.724092e+00
1.398600e+04 2.944759e+00
1.398700e+04 1.643914e+00
1.398800e+04 2.332382e-01
1.398900e+04 -1.293494e+00
1.399000e+04 -2.494513e+00
1.399100e+04 -3.423327e+00
1.399200e+04 -3.726049e+00
1.399300e+04 -3.595798e+00
1.399400e+04 -2.835963e+00
1.399500e+04 -1.801033e+00
1.399600e+04 -4.218669e-01
1.399700e+04 8.594751e-01
1.399800e+04 2.108901e+00
1.399900e+04 2.944379e+00
1.400000e+04 3.554942e+00
1.400100e+04 3.726512e+00
1.400200e+04 3.801151e+00
1.400300e+04 3.644649e+00
1.400400e+04 3.621959e+00
1.400500e+04 3.548251e+00
1.400600e+04 3.695668e+00
1.400700e+04 3.779615e+00
1.400800e+04 3.990430e+00
1.400900e+04 4.031703e+00
1.401000e+04 4.144082e+00
1.401100e+04 4.081927e+00
1.401200e+04 4.128540e+00
1.401300e+04 4.057461e+00
1.401400e+04 4.110799e+00
1.401500e+04 3.981729e+00
1.401600e+04 3.831490e+00
1.401700e+04 3.332160e+00
1.401800e+04 2.673518e+00
1.401900e+04 1.615879e+00
1.402000e+04 4.871167e-01
1.402100e+04 -8.164253e-01
1.402200e+04 -1.904322e+00
1.402300e+04 -2.886885e+00
1.402400e+04 -3.464249e+00
1.402500e+04 -3.878184e+00
1.402600e+04 -3.971424e+00
1.402700e+04 -4.064385e+00
1.402800e+04 -4.019082e+00
1.402900e+04 -4.103906e+00
1.403000e+04 -4.101673e+00
1.403100e+04 -4.195926e+00
1.403200e+04 -4.142186e+00
1.403300e+04 -4.134190e+00
1.403400e+04 -3.994356e+00
1.403500e+04 -3.973437e+00
1.403600e+04 -3.926695e+00
1.403700e+04 -4.061450e+00
1.403800e+04 -4.146413e+00
1.403900e+04 -4.275294e+00
1.404000e+04 -4.130795e+00
1.404100e+04 -3.743888e+00
1.404200e+04 -2.874487e+00
1.404300e+04 -1.705757e+00
1.404400e+04 -1.877351e-01
1.404500e+04 1.313106e+00
1.404600e+04 2.698514e+00
1.404700e+04 3.587327e+00
1.404800e+04 3.956214e+00
1.404900e+04 3.617311e+00
1.405000e+04 2.768839e+00
1.405100e+04 1.453315e+00
1.405200e+04 1.209193e-02
1.405300e+04 -1.439391e+00
1.405400e+04 -2.611728e+00
1.405500e+04 -3.502469e+00
1.405600e+04 -3.999703e+00
1.405700e+04 -4.258233e+00
1.405800e+04 -4.304885e+00
1.405900e+04 -4.334121e+00
1.406000e+04 -4.357268e+00
1.406100e+04 -4.463954e+00
1.406200e+04 -4.540540e+00
1.406300e+04 -4.542224e+00
1.406400e+04 -4.304040e+00
1.406500e+04 -3.762896e+00
1.406600e+04 -2.843195e+00
1.406700e+04 -1.624643e+00
1.406800e+04 -2.051691e-01
1.406900e+04 1.226066e+00
1.407000e+04 2.499454e+00
1.407100e+04 3.470598e+00
1.407200e+04 4.070073e+00
1.407300e+04 4.322481e+00
1.407400e+04 4.298929e+00
1.407500e+04 4.141582e+00
1.407600e+04 3.935617e+00
1.407700e+04 3.798545e+00
1.407800e+04 3.720015e+00
1.407900e+04 3.727528e+00
1.408000e+04 3.759121e+00
1.408100e+04 3.784271e+00
1.408200e+04 3.820330e+00
1.408300e+04 3.825382e+00
1.408400e+04 3.859845e+00
1.408500e+04 3.891419e+00
1.408600e+04 3.937879e+00
1.408700e+04 3.960316e+00
1.408800e+04 3.963582e+00
1.408900e+04 3.914546e+00
1.409000e+04 3.840676e+00
1.409100e+04 3.786181e+00
1.409200e+04 3.781005e+00
1.409300e+04 3.848752e+00
1.409400e+04 3.948170e+00
1.409500e+04 4.022484e+00
1.409600e+04 3.912863e+00
1.409700e+04 3.523799e+00
1.409800e+04 2.736337e+00
1.409900e+04 1.589063e+00
1.410000e+04 1.302203e-01
1.410100e+04 -1.381307e+00
1.410200e+04 -2.755817e+00
1.410300e+04 -3.677811e+00
1.410400e+04 -4.033743e+00
1.410500e+04 -3.674504e+00
1.410600e+04 -2.745769e+00
1.410700e+04 -1.330368e+00
1.410800e+04 2.329533e-01
1.410900e+04 1.787495e+00
1.411000e+04 3.017291e+00
1.411100e+04 3.906186e+00
1.411200e+04 4.314339e+00
1.411300e+04 4.422132e+00
1.411400e+04 4.230680e+00
1.411500e+04 4.011786e+00
1.411600e+04 3.755537e+00
1.411700e+04 3.681091e+00
1.411800e+04 3.665722e+00
1.411900e+04 3.837864e+00
1.412000e+04 3.999165e+00
1.412100e+04 4.232474e+00
1.412200e+04 4.328441e+00
1.412300e+04 4.426724e+00
1.412400e+04 4.357254e+00
1.412500e+04 4.312091e+00
1.412600e+04 4.158762e+00
1.412700e+04 4.110448e+00
1.412800e+04 4.015979e+00
1.412900e+04 4.069901e+00
1.413000e+04 4.080425e+00
1.413100e+04 4.211675e+00
1.413200e+04 4.245082e+00
1.413300e+04 4.345464e+00
1.413400e+04 4.297942e+00
1.413500e+04 4.307692e+00
1.413600e+04 4.194312e+00
1.413700e+04 4.178244e+00
1.413800e+04 4.082181e+00
1.413900e+04 4.132101e+00
1.414000e+04 4.111308e+00
1.414100e+04 4.206899e+00
1.414200e+04 4.189023e+00
1.414300e+04 4.247646e+00
1.414400e+04 4.161659e+00
1.414500e+04 4.173813e+00
1.414600e+04 4.111249e+00
1.414700e+04 4.214583e+00
1.414800e+04 4.287921e+00
1.414900e+04 4.516993e+00
1.415000e+04 4.602359e+00
1.415100e+04 4.654012e+00
1.415200e+04 4.338260e+00
1.415300e+04 3.776811e+00
1.415400e+04 2.749869e+00
1.415500e+04 1.539397e+00
1.415600e+04 6.758708e-02
1.415700e+04 -1.280484e+00
1.415800e+04 -2.541918e+00
1.415900e+04 -3.378659e+00
1.416000e+04 -3.956477e+00
1.416100e+04 -4.102309e+00
1.416200e+04 -4.103808e+00
1.416300e+04 -3.876899e+00
1.416400e+04 -3.733118e+00
1.416500e+04 -3.541877e+00
1.416600e+04 -3.530555e+00
1.416700e+04 -3.503224e+00
1.416800e+04 -3.626142e+00
1.416900e+04 -3.675147e+00
1.417000e+04 -3.816732e+00
1.417100e+04 -3.854698e+00
1.417200e+04 -3.949257e+00
1.417300e+04 -3.917976e+00
1.417400e+04 -3.930178e+00
1.417500e+04 -3.805376e+00
1.417600e+04 -3.730723e+00
1.417700e+04 -3.578571e+00
1.417800e+04 -3.535393e+00
1.417900e+04 -3.476361e+00
1.418000e+04 -3.575627e+00
1.418100e+04 -3.671592e+00
1.418200e+04 -3.864439e+00
1.418300e+04 -3.969588e+00
1.418400e+04 -4.092550e+00
1.418500e+04 -4.081381e+00
1.418600e+04 -4.076159e+00
1.418700e+04 -4.001638e+00
1.418800e+04 -4.006563e+00
1.418900e+04 -3.984673e+00
1.419000e+04 -4.007259e+00
1.419100e+04 -3.897617e+00
1.419200e+04 -3.649844e+00
1.419300e+04 -3.086277e+00
1.419400e+04 -2.258091e+00
1.419500e+04 -1.121351e+00
1.419600e+04 1.449875e-01
1.419700e+04 1.454864e+00
1.419800e+04 2.587309e+00
1.419900e+04 3.478409e+00
1.420000e+04 4.020947e+00
1.420100e+04 4.283037e+00
1.420200e+04 4.301311e+00
1.420300e+04 4.218011e+00
1.420400e+04 4.102689e+00
1.420500e+04 4.041019e+00
1.420600e+04 4.034452e+00
1.420700e+04 4.079080e+00
1.420800e+04 4.136199e+00
1.420900e+04 4.170758e+00
1.421000e+04 4.171322e+00
1.421100e+04 4.123535e+00
1.421200e+04 4.055467e+00
1.421300e+04 3.953293e+00
1.421400e+04 3.858815e+00
1.421500e+04 3.745930e+00
1.421600e+04 3.669915e+00
1.421700e+04 3.599523e+00
1.421800e+04 3.617971e+00
1.421900e+04 3.685440e+00
1.422000e+04 3.866386e+00
1.422100e+04 4.051521e+00
1.422200e+04 4.239675e+00
1.422300e+04 4.232079e+00
1.422400e+04 4.003461e+00
1.422500e+04 3.373404e+00
1.422600e+04 2.425913e+00
1.422700e+04 1.117823e+00
1.422800e+04 -2.922021e-01
1.422900e+04 -1.735838e+00
1.423000e+04 -2.905576e+00
1.423100e+04 -3.800339e+00
1.423200e+04 -4.242544e+00
1.423300e+04 -4.427566e+00
1.423400e+04 -4.326190e+00
1.423500e+04 -4.236519e+00
1.423600e+04 -4.118393e+00
1.423700e+04 -4.174279e+00
1.423800e+04 -4.202658e+00
1.423900e+04 -4.267397e+00
1.424000e+04 -4.044402e+00
1.424100e+04 -3.573934e+00
1.424200e+04 -2.668462e+00
1.424300e+04 -1.493581e+00
1.424400e+04 -3.139842e-02
1.424500e+04 1.387195e+00
1.424600e+04 2.725146e+00
1.424700e+04 3.681599e+00
1.424800e+04 4.344772e+00
1.424900e+04 4.574316e+00
1.425000e+04 4.628073e+00
1.425100e+04 4.468123e+00
1.425200e+04 4.384237e+00
1.425300e+04 4.268366e+00
1.425400e+04 4.288118e+00
1.425500e+04 4.179980e+00
1.425600e+04 4.012624e+00
1.425700e+04 3.483211e+00
1.425800e+04 2.725463e+00
1.425900e+04 1.561213e+00
1.426000e+04 2.956986e-01
1.426100e+04 -1.117953e+00
1.426200e+04 -2.297662e+00
1.426300e+04 -3.308839e+00
1.426400e+04 -3.875895e+00
1.426500e+04 -4.241793e+00
1.426600e+04 -4.266198e+00
1.426700e+04 -4.297729e+00
1.426800e+04 -4.226744e+00
1.426900e+04 -4.332930e+00
1.427000e+04 -4.365612e+00
1.427100e+04 -4.483270e+00
1.427200e+04 -4.310161e+00
1.427300e+04 -3.960037e+00
1.427400e+04 -3.126204e+00
1.427500e+04 -2.058430e+00
1.427600e+04 -6.015742e-01
1.427700e+04 8.178537e-01
1.427800e+04 2.232285e+00
1.427900e+04 3.162042e+00
1.428000e+04 3.705685e+00
1.428100e+04 3.522137e+00
1.428200e+04 2.879882e+00
1.428300e+04 1.635310e+00
1.428400e+04 2.580026e-01
1.428500e+04 -1.277489e+00
1.428600e+04 -2.450778e+00
1.428700e+04 -3.311990e+00
1.428800e+04 -3.454529e+00
1.428900e+04 -3.122630e+00
1.429000e+04 -2.107569e+00
1.429100e+04 -8.488810e-01
1.429200e+04 7.021866e-01
1.429300e+04 2.028520e+00
1.429400e+04 3.209303e+00
1.429500e+04 3.861571e+00
1.429600e+04 4.251638e+00
1.429700e+04 4.172771e+00
1.429800e+04 4.070071e+00
1.429900e+04 3.822202e+00
1.430000e+04 3.828487e+00
1.430100e+04 3.845981e+00
1.430200e+04 4.101414e+00
1.430300e+04 4.184266e+00
1.430400e+04 4.202752e+00
1.430500e+04 3.720648e+00
1.430600e+04 2.956856e+00
1.430700e+04 1.660244e+00
1.430800e+04 2.440080e-01
1.430900e+04 -1.366958e+00
1.431000e+04 -2.674277e+00
1.431100e+04 -3.783644e+00
1.431200e+04 -4.331620e+00
1.431300e+04 -4.617515e+00
1.431400e+04 -4.471613e+00
1.431500e+04 -4.325910e+00
1.431600e+04 -4.049924e+00
1.431700e+04 -4.004503e+00
1.431800e+04 -3.914962e+00
1.431900e+04 -3.972655e+00
1.432000e+04 -3.771037e+00
1.432100e+04 -3.438814e+00
1.432200e+04 -2.618864e+00
1.432300e+04 -1.571940e+00
1.432400e+04 -1.281254e-01
1.432500e+04 1.271536e+00
1.432600e+04 2.658893e+00
1.432700e+04 3.539353e+00
1.432800e+04 3.992388e+00
1.432900e+04 3.684388e+00
1.433000e+04 2.885237e+00
1.433100e+04 1.479707e+00
1.433200e+04 -6.522679e-02
1.433300e+04 -1.736363e+00
1.433400e+04 -3.026345e+00
1.433500e+04 -3.961090e+00
1.433600e+04 -4.181614e+00
1.433700e+04 -3.875491e+00
1.433800e+04 -2.870600e+00
1.433900e+04 -1.550355e+00
1.434000e+04 1.029754e-01
1.434100e+04 1.635203e+00
1.434200e+04 3.038960e+00
1.434300e+04 3.904878e+00
1.434400e+04 4.303422e+00
1.434500e+04 3.982237e+00
1.434600e+04 3.185251e+00
1.434700e+04 1.827638e+00
1.434800e+04 3.103845e-01
1.434900e+04 -1.312391e+00
1.435000e+04 -2.603147e+00
1.435100e+04 -3.525659e+00
1.435200e+04 -3.744226e+00
1.435300e+04 -3.409809e+00
1.435400e+04 -2.421970e+00
1.435500e+04 -1.112946e+00
1.435600e+04 4.512249e-01
1.435700e+04 1.868462e+00
1.435800e+04 3.112107e+00
1.435900e+04 3.899731e+00
1.436000e+04 4.366677e+00
1.436100e+04 4.437745e+00
1.436200e+04 4.364288e+00
1.436300e+04 4.129683e+00
1.436400e+04 3.982798e+00
1.436500e+04 3.843669e+00
1.436600e+04 3.854703e+00
1.436700e+04 3.872556e+00
1.436800e+04 3.966755e+00
1.436900e+04 3.982948e+00
1.437000e+04 4.030324e+00
1.437100e+04 3.994560e+00
1.437200e+04 3.996209e+00
1.437300e+04 3.951430e+00
1.437400e+04 3.964253e+00
1.437500e+04 3.944813e+00
1.437600e+04 3.983446e+00
1.437700e+04 3.977737e+00
1.437800e+04 4.023952e+00
1.437900e+04 4.059215e+00
1.438000e+04 4.163130e+00
1.438100e+04 4.250662e+00
1.438200e+04 4.344383e+00
1.438300e+04 4.303438e+00
1.438400e+04 4.097775e+00
1.438500e+04 3.572526e+00
1.438600e+04 2.730038e+00
1.438700e+04 1.543601e+00
1.438800e+04 1.617034e-01
1.438900e+04 -1.281290e+00
1.439000e+04 -2.520895e+00
1.439100e+04 -3.377644e+00
1.439200e+04 -3.658809e+00
1.439300e+04 -3.333857e+00
1.439400e+04 -2.431747e+00
1.439500e+04 -1.136181e+00
1.439600e+04 3.470454e-01
1.439700e+04 1.760334e+00
1.439800e+04 2.932129e+00
1.439900e+04 3.734377e+00
1.440000e+04 4.182363e+00
1.440100e+04 4.282859e+00
1.440200e+04 4.298573e+00
1.440300e+04 4.203830e+00
1.440400e+04 4.236204e+00
1.440500e+04 4.267088e+00
1.440600e+04 4.373484e+00
1.440700e+04 4.304716e+00
1.440800e+04 4.060984e+00
1.440900e+04 3.419747e+00
1.441000e+04 2.484930e+00
1.441100e+04 1.198564e+00
1.441200e+04 -1.831840e-01
1.441300e+04 -1.594795e+00
1.441400e+04 -2.762126e+00
1.441500e+04 -3.669202e+00
1.441600e+04 -4.173788e+00
1.441700e+04 -4.423905e+00
1.441800e+04 -4.419785e+00
1.441900e+04 -4.363538e+00
1.442000e+04 -4.262053e+00
1.442100e+04 -4.250875e+00
1.442200e+04 -4.245636e+00
1.442300e+04 -4.281093e+00
1.442400e+04 -4.252190e+00
1.442500e+04 -4.222236e+00
1.442600e+04 -4.132126e+00
1.442700e+04 -4.091583e+00
1.442800e+04 -4.083233e+00
1.442900e+04 -4.172337e+00
1.443000e+04 -4.262141e+00
1.443100e+04 -4.305044e+00
1.443200e+04 -4.132859e+00
1.443300e+04 -3.698365e+00
1.443400e+04 -2.902045e+00
1.443500e+04 -1.813836e+00
1.443600e+04 -5.016154e-01
1.443700e+04 8.445643e-01
1.443800e+04 2.095696e+00
1.443900e+04 3.099021e+00
1.444000e+04 3.829712e+00
1.444100e+04 4.261236e+00
1.444200e+04 4.475271e+00
1.444300e+04 4.529576e+00
1.444400e+04 4.508028e+00
1.444500e+04 4.430517e+00
1.444600e+04 4.336216e+00
1.444700e+04 4.200250e+00
1.444800e+04 4.032241e+00
1.444900e+04 3.847171e+00
1.445000e+04 3.682003e+00
1.445100e+04 3.554530e+00
1.445200e+04 3.502142e+00
1.445300e+04 3.521636e+00
1.445400e+04 3.594187e+00
1.445500e+04 3.684158e+00
1.445600e+04 3.766226e+00
1.445700e+04 3.825570e+00
1.445800e+04 3.874696e+00
1.445900e+04 3.941025e+00
1.446000e+04 4.043283e+00
1.446100e+04 4.178878e+00
1.446200e+04 4.296719e+00
1.446300e+04 4.298289e+00
1.446400e+04 4.075345e+00
1.446500e+04 3.535137e+00
1.446600e+04 2.612849e+00
1.446700e+04 1.338825e+00
1.446800e+04 -1.712160e-01
1.446900e+04 -1.724592e+00
1.447000e+04 -3.087674e+00
1.447100e+04 -4.036702e+00
1.447200e+04 -4.405288e+00
1.447300e+04 -4.107769e+00
1.447400e+04 -3.190556e+00
1.447500e+04 -1.803905e+00
1.447600e+04 -1.772472e-01
1.447700e+04 1.413090e+00
1.447800e+04 2.709023e+00
1.447900e+04 3.498089e+00
1.448000e+04 3.668239e+00
1.448100e+04 3.226344e+00
1.448200e+04 2.283637e+00
1.448300e+04 1.010331e+00
1.448400e+04 -3.604870e-01
1.448500e+04 -1.628475e+00
1.448600e+04 -2.631142e+00
1.448700e+04 -3.319365e+00
1.448800e+04 -3.676495e+00
1.448900e+04 -3.794503e+00
1.449000e+04 -3.772007e+00
1.449100e+04 -3.731110e+00
1.449200e+04 -3.712383e+00
1.449300e+04 -3.766386e+00
1.449400e+04 -3.851859e+00
1.449500e+04 -3.956473e+00
1.449600e+04 -4.000357e+00
1.449700e+04 -4.015969e+00
1.449800e+04 -3.985506e+00
1.449900e+04 -3.974806e+00
1.450000e+04 -3.972964e+00
1.450100e+04 -4.024136e+00
1.450200e+04 -4.031053e+00
1.450300e+04 -3.963139e+00
1.450400e+04 -3.652153e+00
1.450500e+04 -3.057604e+00
1.450600e+04 -2.086415e+00
1.450700e+04 -8.402382e-01
1.450800e+04 6.294031e-01
1.450900e+04 2.067765e+00
1.451000e+04 3.331185e+00
1.451100e+04 4.146491e+00
1.451200e+04 4.464142e+00
1.451300e+04 4.147408e+00
1.451400e+04 3.318060e+00
1.451500e+04 2.017745e+00
1.451600e+04 5.276049e-01
1.451700e+04 -1.031945e+00
1.451800e+04 -2.336790e+00
1.451900e+04 -3.296994e+00
1.452000e+04 -3.667135e+00
1.452100e+04 -3.499673e+00
1.452200e+04 -2.712964e+00
1.452300e+04 -1.550875e+00
1.452400e+04 -8.328721e-02
1.452500e+04 1.337476e+00
1.452600e+04 2.627652e+00
1.452700e+04 3.501048e+00
1.452800e+04 4.035418e+00
1.452900e+04 4.136786e+00
1.453000e+04 4.070310e+00
1.453100e+04 3.845517e+00
1.453200e+04 3.747012e+00
1.453300e+04 3.682418e+00
1.453400e+04 3.784667e+00
1.453500e+04 3.783469e+00
1.453600e+04 3.694320e+00
1.453700e+04 3.213071e+00
1.453800e+04 2.445268e+00
1.453900e+04 1.243427e+00
1.454000e+04 -8.000328e-02
1.454100e+04 -1.501866e+00
1.454200e+04 -2.601002e+00
1.454300e+04 -3.364820e+00
1.454400e+04 -3.470440e+00
1.454500e+04 -3.092895e+00
1.454600e+04 -2.111088e+00
1.454700e+04 -8.946235e-01
1.454800e+04 5.593030e-01
1.454900e+04 1.825534e+00
1.455000e+04 2.957711e+00
1.455100e+04 3.658244e+00
1.455200e+04 4.136271e+00
1.455300e+04 4.229933e+00
1.455400e+04 4.295512e+00
1.455500e+04 4.216279e+00
1.455600e+04 4.310406e+00
1.455700e+04 4.356154e+00
1.455800e+04 4.532604e+00
1.455900e+04 4.487563e+00
1.456000e+04 4.307080e+00
1.456100e+04 3.685095e+00
1.456200e+04 2.716996e+00
1.456300e+04 1.354673e+00
1.456400e+04 -1.594718e-01
1.456500e+04 -1.723065e+00
1.456600e+04 -3.035480e+00
1.456700e+04 -4.028633e+00
1.456800e+04 -4.571100e+00
1.456900e+04 -4.790627e+00
1.457000e+04 -4.718611e+00
1.457100e+04 -4.583829e+00
1.457200e+04 -4.442967e+00
1.457300e+04 -4.402159e+00
1.457400e+04 -4.372220e+00
1.457500e+04 -4.310327e+00
1.457600e+04 -4.028101e+00
1.457700e+04 -3.470861e+00
1.457800e+04 -2.569313e+00
1.457900e+04 -1.405007e+00
1.458000e+04 -6.944871e-02
1.458100e+04 1.238980e+00
1.458200e+04 2.386880e+00
1.458300e+04 3.237600e+00
1.458400e+04 3.759023e+00
1.458500e+04 3.976274e+00
1.458600e+04 3.983998e+00
1.458700e+04 3.878277e+00
1.458800e+04 3.754183e+00
1.458900e+04 3.674742e+00
1.459000e+04 3.647934e+00
1.459100e+04 3.677419e+00
1.459200e+04 3.726514e+00
1.459300e+04 3.806689e+00
1.459400e+04 3.900377e+00
1.459500e+04 4.049141e+00
1.459600e+04 4.221543e+00
1.459700e+04 4.416454e+00
1.459800e+04 4.530432e+00
1.459900e+04 4.501458e+00
1.460000e+04 4.162207e+00
1.460100e+04 3.488706e+00
1.460200e+04 2.426975e+00
1.460300e+04 1.099492e+00
1.460400e+04 -4.000372e-01
1.460500e+04 -1.813476e+00
1.460600e+04 -3.014629e+00
1.460700e+04 -3.820211e+00
1.460800e+04 -4.277170e+00
1.460900e+04 -4.362402e+00
1.461000e+04 -4.281418e+00
1.461100e+04 -4.110556e+00
1.461200e+04 -4.037482e+00
1.461300e+04 -4.031241e+00
1.461400e+04 -4.161304e+00
1.461500e+04 -4.280977e+00
1.461600e+04 -4.414567e+00
1.461700e+04 -4.430008e+00
1.461800e+04 -4.424708e+00
1.461900e+04 -4.347571e+00
1.462000e+04 -4.342962e+00
1.462100e+04 -4.331391e+00
1.462200e+04 -4.382249e+00
1.462300e+04 -4.304645e+00
1.462400e+04 -4.069536e+00
1.462500e+04 -3.475353e+00
1.462600e+04 -2.582877e+00
1.462700e+04 -1.326533e+00
1.462800e+04 5.292934e-02
1.462900e+04 1.473899e+00
1.463000e+04 2.642634e+00
1.463100e+04 3.517392e+00
1.463200e+04 3.935399e+00
1.463300e+04 4.058482e+00
1.463400e+04 3.887185e+00
1.463500e+04 3.674587e+00
1.463600e+04 3.448779e+00
1.463700e+04 3.394376e+00
1.463800e+04 3.417638e+00
1.463900e+04 3.598583e+00
1.464000e+04 3.764781e+00
1.464100e+04 3.968918e+00
1.464200e+04 4.081904e+00
1.464300e+04 4.205485e+00
1.464400e+04 4.237749e+00
1.464500e+04 4.285888e+00
1.464600e+04 4.209526e+00
1.464700e+04 4.043947e+00
1.464800e+04 3.613226e+00
1.464900e+04 2.942246e+00
1.465000e+04 1.900173e+00
1.465100e+04 6.343335e-01
1.465200e+04 -8.364002e-01
1.465300e+04 -2.233418e+00
1.465400e+04 -3.436989e+00
1.465500e+04 -4.171720e+00
1.465600e+04 -4.386307e+00
1.465700e+04 -3.939492e+00
1.465800e+04 -2.983932e+00
1.465900e+04 -1.586101e+00
1.466000e+04 -3.330255e-02
1.466100e+04 1.510078e+00
1.466200e+04 2.737114e+00
1.466300e+04 3.545062e+00
1.466400e+04 3.771088e+00
1.466500e+04 3.462865e+00
1.466600e+04 2.626698e+00
1.466700e+04 1.475930e+00
1.466800e+04 1.357849e-01
1.466900e+04 -1.147814e+00
1.467000e+04 -2.259702e+00
1.467100e+04 -3.048821e+00
1.467200e+04 -3.547468e+00
1.467300e+04 -3.767131e+00
1.467400e+04 -3.850108e+00
1.467500e+04 -3.889493e+00
1.467600e+04 -4.006326e+00
1.467700e+04 -4.201628e+00
1.467800e+04 -4.447307e+00
1.467900e+04 -4.590457e+00
1.468000e+04 -4.500278e+00
1.468100e+04 -4.048913e+00
1.468200e+04 -3.185570e+00
1.468300e+04 -1.951391e+00
1.468400e+04 -4.996971e-01
1.468500e+04 9.653219e-01
1.468600e+04 2.248016e+00
1.468700e+04 3.179211e+00
1.468800e+04 3.722085e+00
1.468900e+04 3.908978e+00
1.469000e+04 3.883480e+00
1.469100e+04 3.765707e+00
1.469200e+04 3.712304e+00
1.469300e+04 3.732153e+00
1.469400e+04 3.812928e+00
1.469500e+04 3.797490e+00
1.469600e+04 3.609233e+00
1.469700e+04 3.080324e+00
1.469800e+04 2.234397e+00
1.469900e+04 1.080278e+00
1.470000e+04 -1.779819e-01
1.470100e+04 -1.438343e+00
1.470200e+04 -2.463743e+00
1.470300e+04 -3.234163e+00
1.470400e+04 -3.639896e+00
1.470500e+04 -3.826796e+00
1.470600e+04 -3.805365e+00
1.470700e+04 -3.780768e+00
1.470800e+04 -3.739108e+00
1.470900e+04 -3.819088e+00
1.471000e+04 -3.903333e+00
1.471100e+04 -4.080687e+00
1.471200e+04 -4.183681e+00
1.471300e+04 -4.302901e+00
1.471400e+04 -4.318616e+00
1.471500e+04 -4.369883e+00
1.471600e+04 -4.333615e+00
1.471700e+04 -4.360451e+00
1.471800e+04 -4.294961e+00
1.471900e+04 -4.273334e+00
1.472000e+04 -4.164362e+00
1.472100e+04 -4.035099e+00
1.472200e+04 -3.904973e+00
1.472300e+04 -3.809299e+00
1.472400e+04 -3.788863e+00
1.472500e+04 -3.835034e+00
1.472600e+04 -3.925016e+00
1.472700e+04 -3.950366e+00
1.472800e+04 -3.797084e+00
1.472900e+04 -3.353793e+00
1.473000e+04 -2.558201e+00
1.473100e+04 -1.398692e+00
1.473200e+04 8.551240e-03
1.473300e+04 1.502897e+00
1.473400e+04 2.839596e+00
1.473500e+04 3.814250e+00
1.473600e+04 4.253306e+00
1.473700e+04 4.082540e+00
1.473800e+04 3.303366e+00
1.473900e+04 2.067748e+00
1.474000e+04 5.525603e-01
1.474100e+04 -9.897487e-01
1.474200e+04 -2.337394e+00
1.474300e+04 -3.269644e+00
1.474400e+04 -3.685195e+00
1.474500e+04 -3.500598e+00
1.474600e+04 -2.780389e+00
1.474700e+04 -1.620770e+00
1.474800e+04 -2.333480e-01
1.474900e+04 1.195507e+00
1.475000e+04 2.399831e+00
1.475100e+04 3.229145e+00
1.475200e+04 3.509609e+00
1.475300e+04 3.226373e+00
1.475400e+04 2.386206e+00
1.475500e+04 1.173250e+00
1.475600e+04 -2.702499e-01
1.475700e+04 -1.655606e+00
1.475800e+04 -2.802502e+00
1.475900e+04 -3.477337e+00
1.476000e+04 -3.629686e+00
1.476100e+04 -3.168332e+00
1.476200e+04 -2.246970e+00
1.476300e+04 -9.576404e-01
1.476400e+04 4.323139e-01
1.476500e+04 1.785336e+00
1.476600e+04 2.848268e+00
1.476700e+04 3.613058e+00
1.476800e+04 3.978718e+00
1.476900e+04 4.097187e+00
1.477000e+04 4.004562e+00
1.477100e+04 3.927909e+00
1.477200e+04 3.860126e+00
1.477300e+04 3.935792e+00
1.477400e+04 4.006610e+00
1.477500e+04 4.063537e+00
1.477600e+04 3.857523e+00
1.477700e+04 3.403930e+00
1.477800e+04 2.535477e+00
1.477900e+04 1.413583e+00
1.478000e+04 4.100716e-02
1.478100e+04 -1.277610e+00
1.478200e+04 -2.502982e+00
1.478300e+04 -3.368904e+00
1.478400e+04 -3.970339e+00
1.478500e+04 -4.201081e+00
1.478600e+04 -4.311680e+00
1.478700e+04 -4.273082e+00
1.478800e+04 -4.341630e+00
1.478900e+04 -4.390254e+00
1.479000e+04 -4.537426e+00
1.479100e+04 -4.521638e+00
1.479200e+04 -4.385222e+00
1.479300e+04 -3.839689e+00
1.479400e+04 -3.021325e+00
1.479500e+04 -1.793145e+00
1.479600e+04 -4.565675e-01
1.479700e+04 1.001229e+00
1.479800e+04 2.202429e+00
1.479900e+04 3.214357e+00
1.480000e+04 3.767973e+00
1.480100e+04 4.078271e+00
1.480200e+04 4.037374e+00
1.480300e+04 3.986981e+00
1.480400e+04 3.825203e+00
1.480500e+04 3.839650e+00
1.480600e+04 3.811305e+00
1.480700e+04 3.891955e+00
1.480800e+04 3.724870e+00
1.480900e+04 3.417532e+00
1.481000e+04 2.650402e+00
1.481100e+04 1.643722e+00
1.481200e+04 2.411186e-01
1.481300e+04 -1.133869e+00
1.481400e+04 -2.506812e+00
1.481500e+04 -3.398105e+00
1.481600e+04 -3.869679e+00
1.481700e+04 -3.576319e+00
1.481800e+04 -2.819862e+00
1.481900e+04 -1.478789e+00
1.482000e+04 -4.473639e-02
1.482100e+04 1.489564e+00
1.482200e+04 2.633083e+00
1.482300e+04 3.525837e+00
1.482400e+04 3.868834e+00
1.482500e+04 4.029556e+00
1.482600e+04 3.878001e+00
1.482700e+04 3.859336e+00
1.482800e+04 3.796121e+00
1.482900e+04 3.991721e+00
1.483000e+04 4.084884e+00
1.483100e+04 4.209780e+00
1.483200e+04 3.896913e+00
1.483300e+04 3.337084e+00
1.483400e+04 2.211500e+00
1.483500e+04 9.058967e-01
1.483600e+04 -6.929636e-01
1.483700e+04 -2.050350e+00
1.483800e+04 -3.274549e+00
1.483900e+04 -3.946720e+00
1.484000e+04 -4.354112e+00
1.484100e+04 -4.264736e+00
1.484200e+04 -4.137382e+00
1.484300e+04 -3.805567e+00
1.484400e+04 -3.685526e+00
1.484500e+04 -3.519622e+00
1.484600e+04 -3.610789e+00
1.484700e+04 -3.597790e+00
1.484800e+04 -3.743573e+00
1.484900e+04 -3.696296e+00
1.485000e+04 -3.762020e+00
1.485100e+04 -3.640407e+00
1.485200e+04 -3.671285e+00
1.485300e+04 -3.555526e+00
1.485400e+04 -3.617041e+00
1.485500e+04 -3.537091e+00
1.485600e+04 -3.625571e+00
1.485700e+04 -3.569543e+00
1.485800e+04 -3.697345e+00
1.485900e+04 -3.706952e+00
1.486000e+04 -3.924374e+00
1.486100e+04 -4.027514e+00
1.486200e+04 -4.310126e+00
1.486300e+04 -4.434995e+00
1.486400e+04 -4.663288e+00
1.486500e+04 -4.661603e+00
1.486600e+04 -4.737593e+00
1.486700e+04 -4.578948e+00
1.486800e+04 -4.502444e+00
1.486900e+04 -4.218993e+00
1.487000e+04 -4.045712e+00
1.487100e+04 -3.696429e+00
1.487200e+04 -3.498356e+00
1.487300e+04 -3.194775e+00
1.487400e+04 -3.137221e+00
1.487500e+04 -3.075690e+00
1.487600e+04 -3.320062e+00
1.487700e+04 -3.547319e+00
1.487800e+04 -3.946155e+00
1.487900e+04 -4.082600e+00
1.488000e+04 -4.075315e+00
1.488100e+04 -3.591485e+00
1.488200e+04 -2.714818e+00
1.488300e+04 -1.394210e+00
1.488400e+04 9.991884e-02
1.488500e+04 1.663846e+00
1.488600e+04 2.959566e+00
1.488700e+04 3.928858e+00
1.488800e+04 4.375704e+00
1.488900e+04 4.452902e+00
1.489000e+04 4.183726e+00
1.489100e+04 3.850353e+00
1.489200e+04 3.510463e+00
1.489300e+04 3.371449e+00
1.489400e+04 3.334108e+00
1.489500e+04 3.416613e+00
1.489600e+04 3.366875e+00
1.489700e+04 3.127491e+00
1.489800e+04 2.484170e+00
1.489900e+04 1.502722e+00
1.490000e+04 1.624339e-01
1.490100e+04 -1.269395e+00
1.490200e+04 -2.664844e+00
1.490300e+04 -3.679329e+00
1.490400e+04 -4.208078e+00
1.490500e+04 -4.064267e+00
1.490600e+04 -3.339793e+00
1.490700e+04 -2.060121e+00
1.490800e+04 -5.315681e-01
1.490900e+04 1.071882e+00
1.491000e+04 2.402336e+00
1.491100e+04 3.341289e+00
1.491200e+04 3.676158e+00
1.491300e+04 3.450049e+00
1.491400e+04 2.652161e+00
1.491500e+04 1.506877e+00
1.491600e+04 1.158909e-01
1.491700e+04 -1.234064e+00
1.491800e+04 -2.420578e+00
1.491900e+04 -3.202617e+00
1.492000e+04 -3.535486e+00
1.492100e+04 -3.291839e+00
1.492200e+04 -2.554722e+00
1.492300e+04 -1.344749e+00
1.492400e+04 1.083539e-01
1.492500e+04 1.659999e+00
1.492600e+04 2.999368e+00
1.492700e+04 3.965369e+00
1.492800e+04 4.320631e+00
1.492900e+04 4.048590e+00
1.493000e+04 3.120006e+00
1.493100e+04 1.737594e+00
1.493200e+04 6.939998e-02
1.493300e+04 -1.558297e+00
1.493400e+04 -2.936650e+00
1.493500e+04 -3.791715e+00
1.493600e+04 -4.058410e+00
1.493700e+04 -3.654888e+00
1.493800e+04 -2.697147e+00
1.493900e+04 -1.285197e+00
1.494000e+04 3.183222e-01
1.494100e+04 1.934864e+00
1.494200e+04 3.286652e+00
1.494300e+04 4.214465e+00
1.494400e+04 4.524208e+00
1.494500e+04 4.214731e+00
1.494600e+04 3.268615e+00
1.494700e+04 1.858580e+00
1.494800e+04 1.613073e-01
1.494900e+04 -1.518063e+00
1.495000e+04 -2.962568e+00
1.495100e+04 -3.893908e+00
1.495200e+04 -4.211530e+00
1.495300e+04 -3.842921e+00
1.495400e+04 -2.889125e+00
1.495500e+04 -1.465705e+00
1.495600e+04 1.618624e-01
1.495700e+04 1.786603e+00
1.495800e+04 3.136952e+00
1.495900e+04 4.069022e+00
1.496000e+04 4.417021e+00
1.496100e+04 4.177228e+00
1.496200e+04 3.371026e+00
1.496300e+04 2.162360e+00
1.496400e+04 6.996151e-01
1.496500e+04 -7.634343e-01
1.496600e+04 -2.068154e+00
1.496700e+04 -3.042979e+00
1.496800e+04 -3.671292e+00
1.496900e+04 -3.960233e+00
1.497000e+04 -4.059410e+00
1.497100e+04 -4.072603e+00
1.497200e+04 -4.146851e+00
1.497300e+04 -4.290899e+00
1.497400e+04 -4.493023e+00
1.497500e+04 -4.596998e+00
1.497600e+04 -4.481669e+00
1.497700e+04 -3.982171e+00
1.497800e+04 -3.082146e+00
1.497900e+04 -1.801870e+00
1.498000e+04 -3.229334e-01
1.498100e+04 1.181547e+00
1.498200e+04 2.470934e+00
1.498300e+04 3.450409e+00
1.498400e+04 4.042197e+00
1.498500e+04 4.313958e+00
1.498600e+04 4.342382e+00
1.498700e+04 4.289344e+00
1.498800e+04 4.201235e+00
1.498900e+04 4.159312e+00
1.499000e+04 4.117877e+00
1.499100e+04 4.070783e+00
1.499200e+04 3.965830e+00
1.499300e+04 3.856849e+00
1.499400e+04 3.735956e+00
1.499500e+04 3.709260e+00
1.499600e+04 3.779889e+00
1.499700e+04 3.975148e+00
1.499800e+04 4.181725e+00
1.499900e+04 4.300589e+00
1.500000e+04 4.141128e+00
1.500100e+04 3.644227e+00
1.500200e+04 2.716656e+00
1.500300e+04 1.462295e+00
1.500400e+04 -6.544590e-03
1.500500e+04 -1.436347e+00
1.500600e+04 -2.668660e+00
1.500700e+04 -3.514289e+00
1.500800e+04 -3.967410e+00
1.500900e+04 -4.024040e+00
1.501000e+04 -3.872906e+00
1.501100e+04 -3.626988e+00
1.501200e+04 -3.473863e+00
1.501300e+04 -3.427783e+00
1.501400e+04 -3.526027e+00
1.501500e+04 -3.612267e+00
1.501600e+04 -3.588114e+00
1.501700e+04 -3.247677e+00
1.501800e+04 -2.567220e+00
1.501900e+04 -1.484745e+00
1.502000e+04 -1.657250e-01
1.502100e+04 1.256993e+00
1.502200e+04 2.483751e+00
1.502300e+04 3.351099e+00
1.502400e+04 3.633235e+00
1.502500e+04 3.334098e+00
1.502600e+04 2.433591e+00
1.502700e+04 1.154015e+00
1.502800e+04 -3.577385e-01
1.502900e+04 -1.795709e+00
1.503000e+04 -3.041825e+00
1.503100e+04 -3.905408e+00
1.503200e+04 -4.423233e+00
1.503300e+04 -4.577432e+00
1.503400e+04 -4.564753e+00
1.503500e+04 -4.425716e+00
1.503600e+04 -4.333468e+00
1.503700e+04 -4.243190e+00
1.503800e+04 -4.207689e+00
1.503900e+04 -4.050043e+00
1.504000e+04 -3.752239e+00
1.504100e+04 -3.093939e+00
1.504200e+04 -2.230724e+00
1.504300e+04 -1.003426e+00
1.504400e+04 2.633398e-01
1.504500e+04 1.603993e+00
1.504600e+04 2.666958e+00
1.504700e+04 3.540935e+00
1.504800e+04 3.986041e+00
1.504900e+04 4.257786e+00
1.505000e+04 4.268198e+00
1.505100e+04 4.326658e+00
1.505200e+04 4.323647e+00
1.505300e+04 4.478534e+00
1.505400e+04 4.543331e+00
1.505500e+04 4.590309e+00
1.505600e+04 4.286189e+00
1.505700e+04 3.728497e+00
1.505800e+04 2.688035e+00
1.505900e+04 1.406679e+00
1.506000e+04 -1.542900e-01
1.506100e+04 -1.606275e+00
1.506200e+04 -2.917171e+00
1.506300e+04 -3.712786e+00
1.506400e+04 -4.045650e+00
1.506500e+04 -3.692117e+00
1.506600e+04 -2.873509e+00
1.506700e+04 -1.535526e+00
1.506800e+04 -3.634274e-02
1.506900e+04 1.573808e+00
1.507000e+04 2.896294e+00
1.507100e+04 3.884610e+00
1.507200e+04 4.221496e+00
1.507300e+04 3.998096e+00
1.507400e+04 3.085339e+00
1.507500e+04 1.773945e+00
1.507600e+04 1.204772e-01
1.507700e+04 -1.479822e+00
1.507800e+04 -2.948778e+00
1.507900e+04 -3.982185e+00
1.508000e+04 -4.661088e+00
1.508100e+04 -4.875823e+00
1.508200e+04 -4.864129e+00
1.508300e+04 -4.627249e+00
1.508400e+04 -4.409287e+00
1.508500e+04 -4.162476e+00
1.508600e+04 -4.031056e+00
1.508700e+04 -3.874617e+00
1.508800e+04 -3.800176e+00
1.508900e+04 -3.694590e+00
1.509000e+04 -3.678121e+00
1.509100e+04 -3.693747e+00
1.509200e+04 -3.874480e+00
1.509300e+04 -4.103896e+00
1.509400e+04 -4.404124e+00
1.509500e+04 -4.557852e+00
1.509600e+04 -4.500276e+00
1.509700e+04 -4.027449e+00
1.509800e+04 -3.168264e+00
1.509900e+04 -1.899083e+00
1.510000e+04 -4.462893e-01
1.510100e+04 1.035579e+00
1.510200e+04 2.267739e+00
1.510300e+04 3.157572e+00
1.510400e+04 3.582080e+00
1.510500e+04 3.660169e+00
1.510600e+04 3.502005e+00
1.510700e+04 3.321710e+00
1.510800e+04 3.216956e+00
1.510900e+04 3.275518e+00
1.511000e+04 3.417534e+00
1.511100e+04 3.537609e+00
1.511200e+04 3.434160e+00
1.511300e+04 2.996950e+00
1.511400e+04 2.162875e+00
1.511500e+04 9.926124e-01
1.511600e+04 -3.722776e-01
1.511700e+04 -1.726386e+00
1.511800e+04 -2.885239e+00
1.511900e+04 -3.709071e+00
1.512000e+04 -4.149934e+00
1.512100e+04 -4.274864e+00
1.512200e+04 -4.164812e+00
1.512300e+04 -3.959428e+00
1.512400e+04 -3.752851e+00
1.512500e+04 -3.638761e+00
1.512600e+04 -3.603217e+00
1.512700e+04 -3.650941e+00
1.512800e+04 -3.721911e+00
1.512900e+04 -3.826593e+00
1.513000e+04 -3.896566e+00
1.513100e+04 -3.983606e+00
1.513200e+04 -4.052447e+00
1.513300e+04 -4.159581e+00
1.513400e+04 -4.252661e+00
1.513500e+04 -4.375306e+00
1.513600e+04 -4.451207e+00
1.513700e+04 -4.527217e+00
1.513800e+04 -4.524407e+00
1.513900e+04 -4.510605e+00
1.514000e+04 -4.419837e+00
1.514100e+04 -4.333608e+00
1.514200e+04 -4.189258e+00
1.514300e+04 -4.078200e+00
1.514400e+04 -3.926263e+00
1.514500e+04 -3.847554e+00
1.514600e+04 -3.779004e+00
1.514700e+04 -3.819713e+00
1.514800e+04 -3.877065e+00
1.514900e+04 -4.018698e+00
1.515000e+04 -4.084484e+00
1.515100e+04 -4.071451e+00
1.515200e+04 -3.774029e+00
1.515300e+04 -3.218295e+00
1.515400e+04 -2.258526e+00
1.515500e+04 -1.040458e+00
1.515600e+04 4.161583e-01
1.515700e+04 1.815065e+00
1.515800e+04 3.036200e+00
1.515900e+04 3.764269e+00
1.516000e+04 3.976328e+00
1.516100e+04 3.509254e+00
1.516200e+04 2.553868e+00
1.516300e+04 1.172649e+00
1.516400e+04 -2.953436e-01
1.516500e+04 -1.741318e+00
1.516600e+04 -2.870649e+00
1.516700e+04 -3.699885e+00
1.516800e+04 -4.109710e+00
1.516900e+04 -4.297560e+00
1.517000e+04 -4.251131e+00
1.517100e+04 -4.197384e+00
1.517200e+04 -4.099626e+00
1.517300e+04 -4.100341e+00
1.517400e+04 -4.064284e+00
1.517500e+04 -4.085469e+00
1.517600e+04 -4.008032e+00
1.517700e+04 -3.931884e+00
1.517800e+04 -3.769358e+00
1.517900e+04 -3.672918e+00
1.518000e+04 -3.557702e+00
1.518100e+04 -3.555662e+00
1.518200e+04 -3.554892e+00
1.518300e+04 -3.651707e+00
1.518400e+04 -3.692018e+00
1.518500e+04 -3.768782e+00
1.518600e+04 -3.781534e+00
1.518700e+04 -3.844914e+00
1.518800e+04 -3.868535e+00
1.518900e+04 -3.960699e+00
1.519000e+04 -3.978969e+00
1.519100e+04 -3.947200e+00
1.519200e+04 -3.661172e+00
1.519300e+04 -3.120819e+00
1.519400e+04 -2.175252e+00
1.519500e+04 -9.382318e-01
1.519600e+04 5.698010e-01
1.519700e+04 2.068544e+00
1.519800e+04 3.405272e+00
1.519900e+04 4.254776e+00
1.520000e+04 4.555619e+00
1.520100e+04 4.104403e+00
1.520200e+04 3.151406e+00
1.520300e+04 1.665519e+00
1.520400e+04 1.065613e-01
1.520500e+04 -1.482417e+00
1.520600e+04 -2.679236e+00
1.520700e+04 -3.587610e+00
1.520800e+04 -3.980954e+00
1.520900e+04 -4.143465e+00
1.521000e+04 -3.997635e+00
1.521100e+04 -3.893004e+00
1.521200e+04 -3.709453e+00
1.521300e+04 -3.707076e+00
1.521400e+04 -3.656273e+00
1.521500e+04 -3.742144e+00
1.521600e+04 -3.717813e+00
1.521700e+04 -3.776790e+00
1.521800e+04 -3.730991e+00
1.521900e+04 -3.837674e+00
1.522000e+04 -3.907289e+00
1.522100e+04 -4.138802e+00
1.522200e+04 -4.263273e+00
1.522300e+04 -4.378514e+00
1.522400e+04 -4.137841e+00
1.522500e+04 -3.648320e+00
1.522600e+04 -2.659208e+00
1.522700e+04 -1.420087e+00
1.522800e+04 1.325381e-01
1.522900e+04 1.577372e+00
1.523000e+04 2.890510e+00
1.523100e+04 3.663496e+00
1.523200e+04 3.951875e+00
1.523300e+04 3.520212e+00
1.523400e+04 2.633425e+00
1.523500e+04 1.236117e+00
1.523600e+04 -2.732976e-01
1.523700e+04 -1.857446e+00
1.523800e+04 -3.100118e+00
1.523900e+04 -4.013265e+00
1.524000e+04 -4.291985e+00
1.524100e+04 -4.060267e+00
1.524200e+04 -3.163255e+00
1.524300e+04 -1.898962e+00
1.524400e+04 -2.627337e-01
1.524500e+04 1.343212e+00
1.524600e+04 2.838668e+00
1.524700e+04 3.820474e+00
1.524800e+04 4.296496e+00
1.524900e+04 4.020713e+00
1.525000e+04 3.185866e+00
1.525100e+04 1.778744e+00
1.525200e+04 1.834852e-01
1.525300e+04 -1.489492e+00
1.525400e+04 -2.812101e+00
1.525500e+04 -3.723842e+00
1.525600e+04 -3.946003e+00
1.525700e+04 -3.588838e+00
1.525800e+04 -2.590998e+00
1.525900e+04 -1.256556e+00
1.526000e+04 3.383629e-01
1.526100e+04 1.827124e+00
1.526200e+04 3.111187e+00
1.526300e+04 3.876553e+00
1.526400e+04 4.143338e+00
1.526500e+04 3.750919e+00
1.526600e+04 2.860555e+00
1.526700e+04 1.497472e+00
1.526800e+04 -2.333915e-02
1.526900e+04 -1.575253e+00
1.527000e+04 -2.810014e+00
1.527100e+04 -3.629176e+00
1.527200e+04 -3.808606e+00
1.527300e+04 -3.425030e+00
1.527400e+04 -2.467953e+00
1.527500e+04 -1.194348e+00
1.527600e+04 2.673793e-01
1.527700e+04 1.615047e+00
1.527800e+04 2.770350e+00
1.527900e+04 3.568303e+00
1.528000e+04 4.063201e+00
1.528100e+04 4.251475e+00
1.528200e+04 4.305355e+00
1.528300e+04 4.250533e+00
1.528400e+04 4.222179e+00
1.528500e+04 4.197427e+00
1.528600e+04 4.221923e+00
1.528700e+04 4.229419e+00
1.528800e+04 4.243190e+00
1.528900e+04 4.203256e+00
1.529000e+04 4.173513e+00
1.529100e+04 4.142715e+00
1.529200e+04 4.161976e+00
1.529300e+04 4.189654e+00
1.529400e+04 4.210007e+00
1.529500e+04 4.123594e+00
1.529600e+04 3.847608e+00
1.529700e+04 3.256262e+00
1.529800e+04 2.328073e+00
1.529900e+04 1.066734e+00
1.530000e+04 -4.187950e-01
1.530100e+04 -1.958974e+00
1.530200e+04 -3.326656e+00
1.530300e+04 -4.308471e+00
1.530400e+04 -4.725973e+00
1.530500e+04 -4.497655e+00
1.530600e+04 -3.649390e+00
1.530700e+04 -2.306335e+00
1.530800e+04 -6.864769e-01
1.530900e+04 9.655653e-01
1.531000e+04 2.374017e+00
1.531100e+04 3.345262e+00
1.531200e+04 3.730514e+00
1.531300e+04 3.486215e+00
1.531400e+04 2.634446e+00
1.531500e+04 1.337476e+00
1.531600e+04 -2.313083e-01
1.531700e+04 -1.800743e+00
1.531800e+04 -3.145908e+00
1.531900e+04 -4.024433e+00
1.532000e+04 -4.317307e+00
1.532100e+04 -3.946367e+00
1.532200e+04 -3.026208e+00
1.532300e+04 -1.687834e+00
1.532400e+04 -2.014948e-01
1.532500e+04 1.229475e+00
1.532600e+04 2.372211e+00
1.532700e+04 3.155652e+00
1.532800e+04 3.530394e+00
1.532900e+04 3.619423e+00
1.533000e+04 3.511666e+00
1.533100e+04 3.383141e+00
1.533200e+04 3.289980e+00
1.533300e+04 3.323382e+00
1.533400e+04 3.415496e+00
1.533500e+04 3.571494e+00
1.533600e+04 3.703653e+00
1.533700e+04 3.820464e+00
1.533800e+04 3.861989e+00
1.533900e+04 3.905672e+00
1.534000e+04 3.925240e+00
1.534100e+04 3.984875e+00
1.534200e+04 4.045610e+00
1.534300e+04 4.130343e+00
1.534400e+04 4.163501e+00
1.534500e+04 4.185000e+00
1.534600e+04 4.133300e+00
1.534700e+04 4.060073e+00
1.534800e+04 3.948823e+00
1.534900e+04 3.868633e+00
1.535000e+04 3.795107e+00
1.535100e+04 3.799050e+00
1.535200e+04 3.832046e+00
1.535300e+04 3.931437e+00
1.535400e+04 4.061814e+00
1.535500e+04 4.242626e+00
1.535600e+04 4.398086e+00
1.535700e+04 4.515532e+00
1.535800e+04 4.490802e+00
1.535900e+04 4.292379e+00
1.536000e+04 3.801770e+00
1.536100e+04 3.078132e+00
1.536200e+04 2.023450e+00
1.536300e+04 8.604653e-01
1.536400e+04 -4.341558e-01
1.536500e+04 -1.574492e+00
1.536600e+04 -2.591514e+00
1.536700e+04 -3.264495e+00
1.536800e+04 -3.736914e+00
1.536900e+04 -3.929758e+00
1.537000e+04 -4.064069e+00
1.537100e+04 -4.080047e+00
1.537200e+04 -4.177458e+00
1.537300e+04 -4.217439e+00
1.537400e+04 -4.319382e+00
1.537500e+04 -4.301548e+00
1.537600e+04 -4.267965e+00
1.537700e+04 -4.101931e+00
1.537800e+04 -3.994027e+00
1.537900e+04 -3.864000e+00
1.538000e+04 -3.897874e+00
1.538100e+04 -3.965436e+00
1.538200e+04 -4.124840e+00
1.538300e+04 -4.123664e+00
1.538400e+04 -3.956235e+00
1.538500e+04 -3.373348e+00
1.538600e+04 -2.463781e+00
1.538700e+04 -1.172259e+00
1.538800e+04 2.247269e-01
1.538900e+04 1.652551e+00
1.539000e+04 2.791271e+00
1.539100e+04 3.632576e+00
1.539200e+04 4.022784e+00
1.539300e+04 4.153645e+00
1.539400e+04 4.048606e+00
1.539500e+04 3.977502e+00
1.539600e+04 3.942820e+00
1.539700e+04 4.089297e+00
1.539800e+04 4.239624e+00
1.539900e+04 4.380293e+00
1.540000e+04 4.236704e+00
1.540100e+04 3.772369e+00
1.540200e+04 2.826641e+00
1.540300e+04 1.546631e+00
1.540400e+04 -4.262906e-02
1.540500e+04 -1.624925e+00
1.540600e+04 -3.046555e+00
1.540700e+04 -3.989876e+00
1.540800e+04 -4.387775e+00
1.540900e+04 -4.063112e+00
1.541000e+04 -3.146303e+00
1.541100e+04 -1.693306e+00
1.541200e+04 -6.931469e-03
1.541300e+04 1.731180e+00
1.541400e+04 3.165314e+00
1.541500e+04 4.153223e+00
1.541600e+04 4.465526e+00
1.541700e+04 4.139865e+00
1.541800e+04 3.171893e+00
1.541900e+04 1.806253e+00
1.542000e+04 2.023602e-01
1.542100e+04 -1.315743e+00
1.542200e+04 -2.605566e+00
1.542300e+04 -3.472753e+00
1.542400e+04 -3.947547e+00
1.542500e+04 -4.028617e+00
1.542600e+04 -3.928236e+00
1.542700e+04 -3.743986e+00
1.542800e+04 -3.661944e+00
1.542900e+04 -3.692943e+00
1.543000e+04 -3.855855e+00
1.543100e+04 -3.984273e+00
1.543200e+04 -3.980595e+00
1.543300e+04 -3.638176e+00
1.543400e+04 -2.902921e+00
1.543500e+04 -1.741094e+00
1.543600e+04 -3.119795e-01
1.543700e+04 1.220924e+00
1.543800e+04 2.563377e+00
1.543900e+04 3.521762e+00
1.544000e+04 3.886097e+00
1.544100e+04 3.631517e+00
1.544200e+04 2.796360e+00
1.544300e+04 1.574876e+00
1.544400e+04 1.556457e-01
1.544500e+04 -1.205643e+00
1.544600e+04 -2.356763e+00
1.544700e+04 -3.172746e+00
1.544800e+04 -3.663062e+00
1.544900e+04 -3.856584e+00
1.545000e+04 -3.867863e+00
1.545100e+04 -3.771978e+00
1.545200e+04 -3.657645e+00
1.545300e+04 -3.539938e+00
1.545400e+04 -3.442269e+00
1.545500e+04 -3.345591e+00
1.545600e+04 -3.255350e+00
1.545700e+04 -3.174440e+00
1.545800e+04 -3.156188e+00
1.545900e+04 -3.220570e+00
1.546000e+04 -3.392307e+00
1.546100e+04 -3.637342e+00
1.546200e+04 -3.879191e+00
1.546300e+04 -4.005086e+00
1.546400e+04 -3.897215e+00
1.546500e+04 -3.437752e+00
1.546600e+04 -2.599438e+00
1.546700e+04 -1.429408e+00
1.546800e+04 -4.653776e-02
1.546900e+04 1.371369e+00
1.547000e+04 2.643996e+00
1.547100e+04 3.629683e+00
1.547200e+04 4.243698e+00
1.547300e+04 4.494349e+00
1.547400e+04 4.465292e+00
1.547500e+04 4.258203e+00
1.547600e+04 3.986555e+00
1.547700e+04 3.736551e+00
1.547800e+04 3.551991e+00
1.547900e+04 3.430369e+00
1.548000e+04 3.372298e+00
1.548100e+04 3.368601e+00
1.548200e+04 3.419063e+00
1.548300e+04 3.535802e+00
1.548400e+04 3.732850e+00
1.548500e+04 3.975335e+00
1.548600e+04 4.199548e+00
1.548700e+04 4.292401e+00
1.548800e+04 4.131415e+00
1.548900e+04 3.612274e+00
1.549000e+04 2.696228e+00
1.549100e+04 1.426480e+00
1.549200e+04 -5.931503e-02
1.549300e+04 -1.571029e+00
1.549400e+04 -2.895039e+00
1.549500e+04 -3.881492e+00
1.549600e+04 -4.461063e+00
1.549700e+04 -4.658076e+00
1.549800e+04 -4.592907e+00
1.549900e+04 -4.426551e+00
1.550000e+04 -4.286863e+00
1.550100e+04 -4.237145e+00
1.550200e+04 -4.252892e+00
1.550300e+04 -4.224971e+00
1.550400e+04 -4.010122e+00
1.550500e+04 -3.477524e+00
1.550600e+04 -2.578796e+00
1.550700e+04 -1.349406e+00
1.550800e+04 6.450319e-02
1.550900e+04 1.478607e+00
1.551000e+04 2.694678e+00
1.551100e+04 3.577717e+00
1.551200e+04 4.067723e+00
1.551300e+04 4.227588e+00
1.551400e+04 4.154677e+00
1.551500e+04 3.998065e+00
1.551600e+04 3.863679e+00
1.551700e+04 3.832921e+00
1.551800e+04 3.893150e+00
1.551900e+04 4.025849e+00
1.552000e+04 4.150038e+00
1.552100e+04 4.291978e+00
1.552200e+04 4.345847e+00
1.552300e+04 4.444546e+00
1.552400e+04 4.501359e+00
1.552500e+04 4.640476e+00
1.552600e+04 4.711016e+00
1.552700e+04 4.743018e+00
1.552800e+04 4.503531e+00
1.552900e+04 4.012305e+00
1.553000e+04 3.077270e+00
1.553100e+04 1.845542e+00
1.553200e+04 3.154668e-01
1.553300e+04 -1.184996e+00
1.553400e+04 -2.546924e+00
1.553500e+04 -3.405823e+00
1.553600e+04 -3.730024e+00
1.553700e+04 -3.347784e+00
1.553800e+04 -2.458045e+00
1.553900e+04 -1.098970e+00
1.554000e+04 3.615196e-01
1.554100e+04 1.818239e+00
1.554200e+04 2.948361e+00
1.554300e+04 3.780129e+00
1.554400e+04 4.187637e+00
1.554500e+04 4.372466e+00
1.554600e+04 4.331343e+00
1.554700e+04 4.330722e+00
1.554800e+04 4.331119e+00
1.554900e+04 4.482174e+00
1.555000e+04 4.608567e+00
1.555100e+04 4.715470e+00
1.555200e+04 4.542554e+00
1.555300e+04 4.100562e+00
1.555400e+04 3.209010e+00
1.555500e+04 2.011286e+00
1.555600e+04 5.171977e-01
1.555700e+04 -9.712449e-01
1.555800e+04 -2.339965e+00
1.555900e+04 -3.257416e+00
1.556000e+04 -3.680039e+00
1.556100e+04 -3.437398e+00
1.556200e+04 -2.664536e+00
1.556300e+04 -1.401211e+00
1.556400e+04 4.462421e-02
1.556500e+04 1.532569e+00
1.556600e+04 2.742257e+00
1.556700e+04 3.565087e+00
1.556800e+04 3.804343e+00
1.556900e+04 3.519441e+00
1.557000e+04 2.676023e+00
1.557100e+04 1.476505e+00
1.557200e+04 3.646465e-02
1.557300e+04 -1.367651e+00
1.557400e+04 -2.591877e+00
1.557500e+04 -3.393059e+00
1.557600e+04 -3.700999e+00
1.557700e+04 -3.411193e+00
1.557800e+04 -2.608261e+00
1.557900e+04 -1.363963e+00
1.558000e+04 9.194437e-02
1.558100e+04 1.572477e+00
1.558200e+04 2.822330e+00
1.558300e+04 3.668237e+00
1.558400e+04 3.974901e+00
1.558500e+04 3.733557e+00
1.558600e+04 2.978668e+00
1.558700e+04 1.855224e+00
1.558800e+04 5.445185e-01
1.558900e+04 -7.661506e-01
1.559000e+04 -1.909190e+00
1.559100e+04 -2.790496e+00
1.559200e+04 -3.357561e+00
1.559300e+04 -3.665023e+00
1.559400e+04 -3.771623e+00
1.559500e+04 -3.809007e+00
1.559600e+04 -3.824470e+00
1.559700e+04 -3.901104e+00
1.559800e+04 -3.979284e+00
1.559900e+04 -4.031106e+00
1.560000e+04 -3.886035e+00
1.560100e+04 -3.505308e+00
1.560200e+04 -2.747867e+00
1.560300e+04 -1.680937e+00
1.560400e+04 -3.163446e-01
1.560500e+04 1.092723e+00
1.560600e+04 2.413288e+00
1.560700e+04 3.335489e+00
1.560800e+04 3.777754e+00
1.560900e+04 3.542300e+00
1.561000e+04 2.775204e+00
1.561100e+04 1.505860e+00
1.561200e+04 6.844378e-02
1.561300e+04 -1.412733e+00
1.561400e+04 -2.590436e+00
1.561500e+04 -3.460277e+00
1.561600e+04 -3.861611e+00
1.561700e+04 -4.010906e+00
1.561800e+04 -3.890728e+00
1.561900e+04 -3.814996e+00
1.562000e+04 -3.745273e+00
1.562100e+04 -3.882039e+00
1.562200e+04 -4.004522e+00
1.562300e+04 -4.163005e+00
1.562400e+04 -4.015166e+00
1.562500e+04 -3.603386e+00
1.562600e+04 -2.668289e+00
1.562700e+04 -1.429436e+00
1.562800e+04 1.778798e-01
1.562900e+04 1.737008e+00
1.563000e+04 3.206395e+00
1.563100e+04 4.129978e+00
1.563200e+04 4.552785e+00
1.563300e+04 4.202068e+00
1.563400e+04 3.341548e+00
1.563500e+04 1.899453e+00
1.563600e+04 3.373067e-01
1.563700e+04 -1.330578e+00
1.563800e+04 -2.640783e+00
1.563900e+04 -3.689518e+00
1.564000e+04 -4.193243e+00
1.564100e+04 -4.437927e+00
1.564200e+04 -4.294599e+00
1.564300e+04 -4.172265e+00
1.564400e+04 -3.933738e+00
1.564500e+04 -3.900293e+00
1.564600e+04 -3.782211e+00
1.564700e+04 -3.748218e+00
1.564800e+04 -3.407559e+00
1.564900e+04 -2.913162e+00
1.565000e+04 -1.941473e+00
1.565100e+04 -8.163683e-01
1.565200e+04 6.094559e-01
1.565300e+04 1.878004e+00
1.565400e+04 3.088611e+00
1.565500e+04 3.826091e+00
1.565600e+04 4.332014e+00
1.565700e+04 4.364988e+00
1.565800e+04 4.325172e+00
1.565900e+04 4.056970e+00
1.566000e+04 3.963233e+00
1.566100e+04 3.811973e+00
1.566200e+04 3.889813e+00
1.566300e+04 3.876555e+00
1.566400e+04 4.018769e+00
1.566500e+04 3.981889e+00
1.566600e+04 4.071907e+00
1.566700e+04 4.029729e+00
1.566800e+04 4.172891e+00
1.566900e+04 4.206669e+00
1.567000e+04 4.383436e+00
1.567100e+04 4.314419e+00
1.567200e+04 4.168101e+00
1.567300e+04 3.547596e+00
1.567400e+04 2.702545e+00
1.567500e+04 1.370348e+00
1.567600e+04 -2.944589e-02
1.567700e+04 -1.589435e+00
1.567800e+04 -2.797573e+00
1.567900e+04 -3.722520e+00
1.568000e+04 -3.958357e+00
1.568100e+04 -3.652214e+00
1.568200e+04 -2.730115e+00
1.568300e+04 -1.416020e+00
1.568400e+04 1.598248e-01
1.568500e+04 1.681152e+00
1.568600e+04 2.986926e+00
1.568700e+04 3.815506e+00
1.568800e+04 4.121665e+00
1.568900e+04 3.782032e+00
1.569000e+04 2.919436e+00
1.569100e+04 1.608653e+00
1.569200e+04 9.938300e-02
1.569300e+04 -1.449644e+00
1.569400e+04 -2.748502e+00
1.569500e+04 -3.668038e+00
1.569600e+04 -4.033264e+00
1.569700e+04 -3.836213e+00
1.569800e+04 -3.051882e+00
1.569900e+04 -1.848075e+00
1.570000e+04 -3.505766e-01
1.570100e+04 1.180604e+00
1.570200e+04 2.552160e+00
1.570300e+04 3.500149e+00
1.570400e+04 3.906570e+00
1.570500e+04 3.666008e+00
1.570600e+04 2.843165e+00
1.570700e+04 1.542225e+00
1.570800e+04 1.667899e-02
1.570900e+04 -1.523580e+00
1.571000e+04 -2.833770e+00
1.571100e+04 -3.790768e+00
1.571200e+04 -4.324724e+00
1.571300e+04 -4.520987e+00
1.571400e+04 -4.471931e+00
1.571500e+04 -4.333015e+00
1.571600e+04 -4.198015e+00
1.571700e+04 -4.136845e+00
1.571800e+04 -4.124750e+00
1.571900e+04 -4.135637e+00
1.572000e+04 -4.107227e+00
1.572100e+04 -4.039222e+00
1.572200e+04 -3.942946e+00
1.572300e+04 -3.877575e+00
1.572400e+04 -3.881561e+00
1.572500e+04 -3.973745e+00
1.572600e+04 -4.097792e+00
1.572700e+04 -4.159580e+00
1.572800e+04 -4.023439e+00
1.572900e+04 -3.583231e+00
1.573000e+04 -2.782701e+00
1.573100e+04 -1.661334e+00
1.573200e+04 -3.288002e-01
1.573300e+04 1.044184e+00
1.573400e+04 2.282386e+00
1.573500e+04 3.256098e+00
1.573600e+04 3.907061e+00
1.573700e+04 4.237611e+00
1.573800e+04 4.321514e+00
1.573900e+04 4.259744e+00
1.574000e+04 4.143420e+00
1.574100e+04 4.036130e+00
1.574200e+04 3.963166e+00
1.574300e+04 3.934594e+00
1.574400e+04 3.938755e+00
1.574500e+04 3.945622e+00
1.574600e+04 3.952590e+00
1.574700e+04 3.958877e+00
1.574800e+04 3.958415e+00
1.574900e+04 3.944733e+00
1.575000e+04 3.914181e+00
1.575100e+04 3.868548e+00
1.575200e+04 3.817503e+00
1.575300e+04 3.764680e+00
1.575400e+04 3.740195e+00
1.575500e+04 3.763135e+00
1.575600e+04 3.847411e+00
1.575700e+04 3.980303e+00
1.575800e+04 4.150846e+00
1.575900e+04 4.320445e+00
1.576000e+04 4.472876e+00
1.576100e+04 4.582960e+00
1.576200e+04 4.666371e+00
1.576300e+04 4.719226e+00
1.576400e+04 4.767352e+00
1.576500e+04 4.783908e+00
1.576600e+04 4.736899e+00
1.576700e+04 4.545159e+00
1.576800e+04 4.151867e+00
1.576900e+04 3.452303e+00
1.577000e+04 2.447207e+00
1.577100e+04 1.158705e+00
1.577200e+04 -2.817041e-01
1.577300e+04 -1.728030e+00
1.577400e+04 -2.941543e+00
1.577500e+04 -3.765984e+00
1.577600e+04 -4.029329e+00
1.577700e+04 -3.696435e+00
1.577800e+04 -2.776286e+00
1.577900e+04 -1.447108e+00
1.578000e+04 1.314479e-01
1.578100e+04 1.673607e+00
1.578200e+04 2.982791e+00
1.578300e+04 3.815534e+00
1.578400e+04 4.089054e+00
1.578500e+04 3.713363e+00
1.578600e+04 2.797556e+00
1.578700e+04 1.425451e+00
1.578800e+04 -1.422639e-01
1.578900e+04 -1.723280e+00
1.579000e+04 -3.030989e+00
1.579100e+04 -3.926964e+00
1.579200e+04 -4.210431e+00
1.579300e+04 -3.920875e+00
1.579400e+04 -3.042101e+00
1.579500e+04 -1.768537e+00
1.579600e+04 -2.233195e-01
1.579700e+04 1.294324e+00
1.579800e+04 2.641043e+00
1.579900e+04 3.546535e+00
1.580000e+04 3.957067e+00
1.580100e+04 3.721506e+00
1.580200e+04 2.947330e+00
1.580300e+04 1.649523e+00
1.580400e+04 1.017102e-01
1.580500e+04 -1.551807e+00
1.580600e+04 -2.951788e+00
1.580700e+04 -3.959038e+00
1.580800e+04 -4.301424e+00
1.580900e+04 -4.015526e+00
1.581000e+04 -3.053825e+00
1.581100e+04 -1.699573e+00
1.581200e+04 -8.786727e-02
1.581300e+04 1.400779e+00
1.581400e+04 2.650627e+00
1.581500e+04 3.424230e+00
1.581600e+04 3.834886e+00
1.581700e+04 3.852013e+00
1.581800e+04 3.770232e+00
1.581900e+04 3.638242e+00
1.582000e+04 3.699426e+00
1.582100e+04 3.848542e+00
1.582200e+04 4.139887e+00
1.582300e+04 4.299182e+00
1.582400e+04 4.291555e+00
1.582500e+04 3.820656e+00
1.582600e+04 2.969596e+00
1.582700e+04 1.640450e+00
1.582800e+04 1.138885e-01
1.582900e+04 -1.537442e+00
1.583000e+04 -2.907271e+00
1.583100e+04 -3.924895e+00
1.583200e+04 -4.267142e+00
1.583300e+04 -4.006150e+00
1.583400e+04 -3.030140e+00
1.583500e+04 -1.644997e+00
1.583600e+04 8.554393e-02
1.583700e+04 1.725865e+00
1.583800e+04 3.170434e+00
1.583900e+04 4.016504e+00
1.584000e+04 4.304674e+00
1.584100e+04 3.824197e+00
1.584200e+04 2.888212e+00
1.584300e+04 1.444537e+00
1.584400e+04 -2.383929e-02
1.584500e+04 -1.526599e+00
1.584600e+04 -2.640158e+00
1.584700e+04 -3.514884e+00
1.584800e+04 -3.904843e+00
1.584900e+04 -4.127052e+00
1.585000e+04 -4.051399e+00
1.585100e+04 -4.042487e+00
1.585200e+04 -3.936860e+00
1.585300e+04 -4.023433e+00
1.585400e+04 -4.037851e+00
1.585500e+04 -4.202733e+00
1.585600e+04 -4.226448e+00
1.585700e+04 -4.317869e+00
1.585800e+04 -4.218298e+00
1.585900e+04 -4.195634e+00
1.586000e+04 -4.014562e+00
1.586100e+04 -3.953418e+00
1.586200e+04 -3.784678e+00
1.586300e+04 -3.785936e+00
1.586400e+04 -3.716989e+00
1.586500e+04 -3.830018e+00
1.586600e+04 -3.879317e+00
1.586700e+04 -4.099785e+00
1.586800e+04 -4.211259e+00
1.586900e+04 -4.430926e+00
1.587000e+04 -4.478162e+00
1.587100e+04 -4.568490e+00
1.587200e+04 -4.454607e+00
1.587300e+04 -4.414721e+00
1.587400e+04 -4.248078e+00
1.587500e+04 -4.241077e+00
1.587600e+04 -4.189580e+00
1.587700e+04 -4.319676e+00
1.587800e+04 -4.328162e+00
1.587900e+04 -4.351432e+00
1.588000e+04 -4.044720e+00
1.588100e+04 -3.528911e+00
1.588200e+04 -2.535789e+00
1.588300e+04 -1.340107e+00
1.588400e+04 1.621081e-01
1.588500e+04 1.556890e+00
1.588600e+04 2.841971e+00
1.588700e+04 3.598308e+00
1.588800e+04 3.895074e+00
1.588900e+04 3.470155e+00
1.589000e+04 2.583479e+00
1.589100e+04 1.172634e+00
1.589200e+04 -3.468772e-01
1.589300e+04 -1.928822e+00
1.589400e+04 -3.122924e+00
1.589500e+04 -3.926033e+00
1.589600e+04 -4.038772e+00
1.589700e+04 -3.617416e+00
1.589800e+04 -2.556935e+00
1.589900e+04 -1.214635e+00
1.590000e+04 3.661575e-01
1.590100e+04 1.793061e+00
1.590200e+04 3.046854e+00
1.590300e+04 3.845106e+00
1.590400e+04 4.333932e+00
1.590500e+04 4.421555e+00
1.590600e+04 4.366968e+00
1.590700e+04 4.150662e+00
1.590800e+04 4.030277e+00
1.590900e+04 3.918645e+00
1.591000e+04 3.961789e+00
1.591100e+04 3.995441e+00
1.591200e+04 4.101644e+00
1.591300e+04 4.115020e+00
1.591400e+04 4.140610e+00
1.591500e+04 4.068251e+00
1.591600e+04 4.033257e+00
1.591700e+04 3.956217e+00
1.591800e+04 3.963746e+00
1.591900e+04 3.945461e+00
1.592000e+04 3.987496e+00
1.592100e+04 3.991716e+00
1.592200e+04 4.022405e+00
1.592300e+04 3.992094e+00
1.592400e+04 3.993418e+00
1.592500e+04 3.963923e+00
1.592600e+04 3.984615e+00
1.592700e+04 4.006399e+00
1.592800e+04 4.084794e+00
1.592900e+04 4.144810e+00
1.593000e+04 4.229581e+00
1.593100e+04 4.273602e+00
1.593200e+04 4.305764e+00
1.593300e+04 4.274083e+00
1.593400e+04 4.213376e+00
1.593500e+04 4.107627e+00
1.593600e+04 3.995263e+00
1.593700e+04 3.864021e+00
1.593800e+04 3.770149e+00
1.593900e+04 3.719424e+00
1.594000e+04 3.731828e+00
1.594100e+04 3.805067e+00
1.594200e+04 3.927161e+00
1.594300e+04 4.069342e+00
1.594400e+04 4.194132e+00
1.594500e+04 4.283242e+00
1.594600e+04 4.310463e+00
1.594700e+04 4.293087e+00
1.594800e+04 4.231584e+00
1.594900e+04 4.172730e+00
1.595000e+04 4.114139e+00
1.595100e+04 4.096766e+00
1.595200e+04 4.089890e+00
1.595300e+04 4.118416e+00
1.595400e+04 4.123712e+00
1.595500e+04 4.130938e+00
1.595600e+04 4.079838e+00
1.595700e+04 4.013645e+00
1.595800e+04 3.892470e+00
1.595900e+04 3.782722e+00
1.596000e+04 3.649597e+00
1.596100e+04 3.591478e+00
1.596200e+04 3.573417e+00
1.596300e+04 3.668087e+00
1.596400e+04 3.799574e+00
1.596500e+04 3.994230e+00
1.596600e+04 4.103427e+00
1.596700e+04 4.100060e+00
1.596800e+04 3.806216e+00
1.596900e+04 3.227867e+00
1.597000e+04 2.264570e+00
1.597100e+04 1.050810e+00
1.597200e+04 -3.656686e-01
1.597300e+04 -1.714984e+00
1.597400e+04 -2.877769e+00
1.597500e+04 -3.569836e+00
1.597600e+04 -3.745319e+00
1.597700e+04 -3.278177e+00
1.597800e+04 -2.308901e+00
1.597900e+04 -8.832424e-01
1.598000e+04 6.925057e-01
1.598100e+04 2.274229e+00
1.598200e+04 3.534594e+00
1.598300e+04 4.372018e+00
1.598400e+04 4.576702e+00
1.598500e+04 4.225235e+00
1.598600e+04 3.283357e+00
1.598700e+04 2.000189e+00
1.598800e+04 4.884737e-01
1.598900e+04 -9.366982e-01
1.599000e+04 -2.194046e+00
1.599100e+04 -3.074029e+00
1.599200e+04 -3.642418e+00
1.599300e+04 -3.870516e+00
1.599400e+04 -3.981428e+00
1.599500e+04 -4.002793e+00
1.599600e+04 -4.120241e+00
1.599700e+04 -4.264166e+00
1.599800e+04 -4.456738e+00
1.599900e+04 -4.469881e+00
1.600000e+04 -4.235401e+00
1.600100e+04 -3.588133e+00
1.600200e+04 -2.492521e+00
1.600300e+04 -1.016298e+00
1.600400e+04 6.606457e-01
1.600500e+04 2.310600e+00
1.600600e+04 3.672917e+00
1.600700e+04 4.538852e+00
1.600800e+04 4.750310e+00
1.600900e+04 4.313273e+00
1.601000e+04 3.284095e+00
1.601100e+04 1.853683e+00
1.601200e+04 2.275894e-01
1.601300e+04 -1.318479e+00
1.601400e+04 -2.589938e+00
1.601500e+04 -3.363240e+00
1.601600e+04 -3.578567e+00
1.601700e+04 -3.172156e+00
1.601800e+04 -2.252834e+00
1.601900e+04 -9.268365e-01
1.602000e+04 5.514208e-01
1.602100e+04 2.019859e+00
1.602200e+04 3.225581e+00
1.602300e+04 4.093519e+00
1.602400e+04 4.542544e+00
1.602500e+04 4.687827e+00
1.602600e+04 4.580548e+00
1.602700e+04 4.441339e+00
1.602800e+04 4.321355e+00
1.602900e+04 4.340946e+00
1.603000e+04 4.394345e+00
1.603100e+04 4.449006e+00
1.603200e+04 4.283514e+00
1.603300e+04 3.846141e+00
1.603400e+04 2.987751e+00
1.603500e+04 1.814233e+00
1.603600e+04 3.696518e-01
1.603700e+04 -1.064431e+00
1.603800e+04 -2.348867e+00
1.603900e+04 -3.189482e+00
1.604000e+04 -3.528521e+00
1.604100e+04 -3.241427e+00
1.604200e+04 -2.467724e+00
1.604300e+04 -1.247127e+00
1.604400e+04 1.401397e-01
1.604500e+04 1.572786e+00
1.604600e+04 2.754537e+00
1.604700e+04 3.611796e+00
1.604800e+04 3.926962e+00
1.604900e+04 3.728682e+00
1.605000e+04 2.946693e+00
1.605100e+04 1.773369e+00
1.605200e+04 2.845998e-01
1.605300e+04 -1.197211e+00
1.605400e+04 -2.513416e+00
1.605500e+04 -3.336983e+00
1.605600e+04 -3.612181e+00
1.605700e+04 -3.198445e+00
1.605800e+04 -2.251482e+00
1.605900e+04 -8.566618e-01
1.606000e+04 6.538253e-01
1.606100e+04 2.125307e+00
1.606200e+04 3.266689e+00
1.606300e+04 4.051172e+00
1.606400e+04 4.376675e+00
1.606500e+04 4.404983e+00
1.606600e+04 4.170624e+00
1.606700e+04 3.888945e+00
1.606800e+04 3.577438e+00
1.606900e+04 3.378753e+00
1.607000e+04 3.216827e+00
1.607100e+04 3.154890e+00
1.607200e+04 3.101195e+00
1.607300e+04 3.127855e+00
1.607400e+04 3.161782e+00
1.607500e+04 3.302554e+00
1.607600e+04 3.479910e+00
1.607700e+04 3.729520e+00
1.607800e+04 3.910983e+00
1.607900e+04 3.996334e+00
1.608000e+04 3.804878e+00
1.608100e+04 3.320962e+00
1.608200e+04 2.476163e+00
1.608300e+04 1.383952e+00
1.608400e+04 1.036553e-01
1.608500e+04 -1.154821e+00
1.608600e+04 -2.292178e+00
1.608700e+04 -3.158208e+00
1.608800e+04 -3.771675e+00
1.608900e+04 -4.117491e+00
1.609000e+04 -4.316073e+00
1.609100e+04 -4.424996e+00
1.609200e+04 -4.545945e+00
1.609300e+04 -4.650091e+00
1.609400e+04 -4.723921e+00
1.609500e+04 -4.649412e+00
1.609600e+04 -4.334923e+00
1.609700e+04 -3.677768e+00
1.609800e+04 -2.684854e+00
1.609900e+04 -1.390327e+00
1.610000e+04 6.268024e-02
1.610100e+04 1.491724e+00
1.610200e+04 2.686367e+00
1.610300e+04 3.474348e+00
1.610400e+04 3.726353e+00
1.610500e+04 3.393561e+00
1.610600e+04 2.536835e+00
1.610700e+04 1.274099e+00
1.610800e+04 -1.939628e-01
1.610900e+04 -1.655130e+00
1.611000e+04 -2.876343e+00
1.611100e+04 -3.687211e+00
1.611200e+04 -3.926010e+00
1.611300e+04 -3.589571e+00
1.611400e+04 -2.689254e+00
1.611500e+04 -1.383555e+00
1.611600e+04 1.622003e-01
1.611700e+04 1.661782e+00
1.611800e+04 2.934233e+00
1.611900e+04 3.739667e+00
1.612000e+04 4.003543e+00
1.612100e+04 3.657757e+00
1.612200e+04 2.843021e+00
1.612300e+04 1.637605e+00
1.612400e+04 2.984414e-01
1.612500e+04 -1.047806e+00
1.612600e+04 -2.173969e+00
1.612700e+04 -3.072492e+00
1.612800e+04 -3.639169e+00
1.612900e+04 -3.982465e+00
1.613000e+04 -4.090086e+00
1.613100e+04 -4.127677e+00
1.613200e+04 -4.059861e+00
1.613300e+04 -4.021753e+00
1.613400e+04 -3.934198e+00
1.613500e+04 -3.908139e+00
1.613600e+04 -3.835405e+00
1.613700e+04 -3.830829e+00
1.613800e+04 -3.801831e+00
1.613900e+04 -3.866796e+00
1.614000e+04 -3.905747e+00
1.614100e+04 -4.023815e+00
1.614200e+04 -4.068450e+00
1.614300e+04 -4.137957e+00
1.614400e+04 -4.090845e+00
1.614500e+04 -4.068374e+00
1.614600e+04 -3.974455e+00
1.614700e+04 -3.993556e+00
1.614800e+04 -4.019725e+00
1.614900e+04 -4.192428e+00
1.615000e+04 -4.314909e+00
1.615100e+04 -4.419233e+00
1.615200e+04 -4.224055e+00
1.615300e+04 -3.767783e+00
1.615400e+04 -2.837618e+00
1.615500e+04 -1.618680e+00
1.615600e+04 -9.149790e-02
1.615700e+04 1.391179e+00
1.615800e+04 2.771280e+00
1.615900e+04 3.707513e+00
1.616000e+04 4.312002e+00
1.616100e+04 4.372904e+00
1.616200e+04 4.330096e+00
1.616300e+04 4.027485e+00
1.616400e+04 3.968970e+00
1.616500e+04 3.886930e+00
1.616600e+04 4.103733e+00
1.616700e+04 4.150941e+00
1.616800e+04 4.185678e+00
1.616900e+04 3.703983e+00
1.617000e+04 2.967136e+00
1.617100e+04 1.645259e+00
1.617200e+04 2.200394e-01
1.617300e+04 -1.437122e+00
1.617400e+04 -2.756003e+00
1.617500e+04 -3.915260e+00
1.617600e+04 -4.482592e+00
1.617700e+04 -4.815149e+00
1.617800e+04 -4.682405e+00
1.617900e+04 -4.566201e+00
1.618000e+04 -4.248801e+00
1.618100e+04 -4.150758e+00
1.618200e+04 -3.968134e+00
1.618300e+04 -4.013494e+00
1.618400e+04 -3.910970e+00
1.618500e+04 -3.973398e+00
1.618600e+04 -3.873995e+00
1.618700e+04 -3.956297e+00
1.618800e+04 -3.921179e+00
1.618900e+04 -4.093173e+00
1.619000e+04 -4.115669e+00
1.619100e+04 -4.208186e+00
1.619200e+04 -3.950668e+00
1.619300e+04 -3.562533e+00
1.619400e+04 -2.685162e+00
1.619500e+04 -1.642431e+00
1.619600e+04 -2.505274e-01
1.619700e+04 1.038697e+00
1.619800e+04 2.340176e+00
1.619900e+04 3.228170e+00
1.620000e+04 3.917470e+00
1.620100e+04 4.151757e+00
1.620200e+04 4.287612e+00
1.620300e+04 4.182900e+00
1.620400e+04 4.206237e+00
1.620500e+04 4.156266e+00
1.620600e+04 4.262170e+00
1.620700e+04 4.180927e+00
1.620800e+04 4.030187e+00
1.620900e+04 3.471880e+00
1.621000e+04 2.674128e+00
1.621100e+04 1.446627e+00
1.621200e+04 1.260371e-01
1.621300e+04 -1.324672e+00
1.621400e+04 -2.524176e+00
1.621500e+04 -3.522150e+00
1.621600e+04 -4.057990e+00
1.621700e+04 -4.347822e+00
1.621800e+04 -4.304759e+00
1.621900e+04 -4.224268e+00
1.622000e+04 -4.059415e+00
1.622100e+04 -4.025913e+00
1.622200e+04 -3.960914e+00
1.622300e+04 -3.926894e+00
1.622400e+04 -3.658450e+00
1.622500e+04 -3.190096e+00
1.622600e+04 -2.344445e+00
1.622700e+04 -1.256129e+00
1.622800e+04 8.280444e-02
1.622900e+04 1.406757e+00
1.623000e+04 2.651310e+00
1.623100e+04 3.592129e+00
1.623200e+04 4.233378e+00
1.623300e+04 4.507542e+00
1.623400e+04 4.563064e+00
1.623500e+04 4.438265e+00
1.623600e+04 4.298207e+00
1.623700e+04 4.178349e+00
1.623800e+04 4.149512e+00
1.623900e+04 4.174473e+00
1.624000e+04 4.249413e+00
1.624100e+04 4.303647e+00
1.624200e+04 4.315921e+00
1.624300e+04 4.275068e+00
1.624400e+04 4.181125e+00
1.624500e+04 4.068377e+00
1.624600e+04 3.953831e+00
1.624700e+04 3.874636e+00
1.624800e+04 3.819999e+00
1.624900e+04 3.837467e+00
1.625000e+04 3.872314e+00
1.625100e+04 3.960850e+00
1.625200e+04 4.038401e+00
1.625300e+04 4.146261e+00
1.625400e+04 4.201111e+00
1.625500e+04 4.267918e+00
1.625600e+04 4.251502e+00
1.625700e+04 4.237493e+00
1.625800e+04 4.147442e+00
1.625900e+04 4.090946e+00
1.626000e+04 3.975881e+00
1.626100e+04 3.934493e+00
1.626200e+04 3.852378e+00
1.626300e+04 3.844048e+00
1.626400e+04 3.787878e+00
1.626500e+04 3.808893e+00
1.626600e+04 3.755366e+00
1.626700e+04 3.780116e+00
1.626800e+04 3.744260e+00
1.626900e+04 3.802274e+00
1.627000e+04 3.798025e+00
1.627100e+04 3.901094e+00
1.627200e+04 3.940260e+00
1.627300e+04 4.076607e+00
1.627400e+04 4.136590e+00
1.627500e+04 4.305286e+00
1.627600e+04 4.387631e+00
1.627700e+04 4.553360e+00
1.627800e+04 4.575370e+00
1.627900e+04 4.578993e+00
1.628000e+04 4.280341e+00
1.628100e+04 3.813891e+00
1.628200e+04 2.933924e+00
1.628300e+04 1.862434e+00
1.628400e+04 4.713123e-01
1.628500e+04 -8.830769e-01
1.628600e+04 -2.244473e+00
1.628700e+04 -3.255051e+00
1.628800e+04 -4.050221e+00
1.628900e+04 -4.388427e+00
1.629000e+04 -4.564027e+00
1.629100e+04 -4.478894e+00
1.629200e+04 -4.469280e+00
1.629300e+04 -4.376408e+00
1.629400e+04 -4.435572e+00
1.629500e+04 -4.341068e+00
1.629600e+04 -4.198594e+00
1.629700e+04 -3.674541e+00
1.629800e+04 -2.946298e+00
1.629900e+04 -1.793510e+00
1.630000e+04 -5.532987e-01
1.630100e+04 8.435646e-01
1.630200e+04 2.002548e+00
1.630300e+04 3.037858e+00
1.630400e+04 3.656854e+00
1.630500e+04 4.103565e+00
1.630600e+04 4.231615e+00
1.630700e+04 4.363193e+00
1.630800e+04 4.347542e+00
1.630900e+04 4.459292e+00
1.631000e+04 4.485054e+00
1.631100e+04 4.611693e+00
1.631200e+04 4.585808e+00
1.631300e+04 4.612944e+00
1.631400e+04 4.472857e+00
1.631500e+04 4.391483e+00
1.631600e+04 4.192517e+00
1.631700e+04 4.095176e+00
1.631800e+04 3.911247e+00
1.631900e+04 3.847540e+00
1.632000e+04 3.701019e+00
1.632100e+04 3.681183e+00
1.632200e+04 3.635773e+00
1.632300e+04 3.752701e+00
1.632400e+04 3.850349e+00
1.632500e+04 4.076654e+00
1.632600e+04 4.172276e+00
1.632700e+04 4.212538e+00
1.632800e+04 3.904563e+00
1.632900e+04 3.357008e+00
1.633000e+04 2.374673e+00
1.633100e+04 1.208038e+00
1.633200e+04 -1.878870e-01
1.633300e+04 -1.453000e+00
1.633400e+04 -2.608941e+00
1.633500e+04 -3.362391e+00
1.633600e+04 -3.854738e+00
1.633700e+04 -3.946159e+00
1.633800e+04 -3.927404e+00
1.633900e+04 -3.732283e+00
1.634000e+04 -3.643153e+00
1.634100e+04 -3.537681e+00
1.634200e+04 -3.616643e+00
1.634300e+04 -3.667086e+00
1.634400e+04 -3.816640e+00
1.634500e+04 -3.852269e+00
1.634600e+04 -3.939864e+00
1.634700e+04 -3.895945e+00
1.634800e+04 -3.924491e+00
1.634900e+04 -3.869587e+00
1.635000e+04 -3.931525e+00
1.635100e+04 -3.939847e+00
1.635200e+04 -4.058753e+00
1.635300e+04 -4.107184e+00
1.635400e+04 -4.266879e+00
1.635500e+04 -4.355066e+00
1.635600e+04 -4.542926e+00
1.635700e+04 -4.643666e+00
1.635800e+04 -4.777462e+00
1.635900e+04 -4.695421e+00
1.636000e+04 -4.484560e+00
1.636100e+04 -3.885340e+00
1.636200e+04 -3.006990e+00
1.636300e+04 -1.709221e+00
1.636400e+04 -2.576573e-01
1.636500e+04 1.337397e+00
1.636600e+04 2.686957e+00
1.636700e+04 3.715793e+00
1.636800e+04 4.091636e+00
1.636900e+04 3.898258e+00
1.637000e+04 3.018836e+00
1.637100e+04 1.760344e+00
1.637200e+04 2.080665e-01
1.637300e+04 -1.242506e+00
1.637400e+04 -2.530681e+00
1.637500e+04 -3.373425e+00
1.637600e+04 -3.901417e+00
1.637700e+04 -4.055248e+00
1.637800e+04 -4.099475e+00
1.637900e+04 -4.037116e+00
1.638000e+04 -4.106213e+00
1.638100e+04 -4.196833e+00
1.638200e+04 -4.391402e+00
1.638300e+04 -4.430793e+00
1.638400e+04 -4.300415e+00
1.638500e+04 -3.766871e+00
1.638600e+04 -2.893827e+00
1.638700e+04 -1.584676e+00
1.638800e+04 -8.739442e-02
1.638900e+04 1.525433e+00
1.639000e+04 2.910771e+00
1.639100e+04 3.966011e+00
1.639200e+04 4.412885e+00
1.639300e+04 4.279296e+00
1.639400e+04 3.480700e+00
1.639500e+04 2.244843e+00
1.639600e+04 6.726875e-01
1.639700e+04 -8.797390e-01
1.639800e+04 -2.245833e+00
1.639900e+04 -3.116488e+00
1.640000e+04 -3.456808e+00
1.640100e+04 -3.143280e+00
1.640200e+04 -2.351444e+00
1.640300e+04 -1.175491e+00
1.640400e+04 8.591294e-02
1.640500e+04 1.303481e+00
1.640600e+04 2.237780e+00
1.640700e+04 2.904115e+00
1.640800e+04 3.244585e+00
1.640900e+04 3.411713e+00
1.641000e+04 3.453155e+00
1.641100e+04 3.537297e+00
1.641200e+04 3.646074e+00
1.641300e+04 3.850068e+00
1.641400e+04 4.044285e+00
1.641500e+04 4.226112e+00
1.641600e+04 4.308622e+00
1.641700e+04 4.339590e+00
1.641800e+04 4.291739e+00
1.641900e+04 4.276302e+00
1.642000e+04 4.285761e+00
1.642100e+04 4.373459e+00
1.642200e+04 4.438514e+00
1.642300e+04 4.420039e+00
1.642400e+04 4.165036e+00
1.642500e+04 3.609742e+00
1.642600e+04 2.659719e+00
1.642700e+04 1.399334e+00
1.642800e+04 -8.003585e-02
1.642900e+04 -1.551287e+00
1.643000e+04 -2.818876e+00
1.643100e+04 -3.656145e+00
1.643200e+04 -3.952615e+00
1.643300e+04 -3.631886e+00
1.643400e+04 -2.783841e+00
1.643500e+04 -1.539600e+00
1.643600e+04 -1.214261e-01
1.643700e+04 1.267824e+00
1.643800e+04 2.428710e+00
1.643900e+04 3.273306e+00
1.644000e+04 3.749240e+00
1.644100e+04 3.923568e+00
1.644200e+04 3.901542e+00
1.644300e+04 3.816645e+00
1.644400e+04 3.749948e+00
1.644500e+04 3.754388e+00
1.644600e+04 3.786590e+00
1.644700e+04 3.763075e+00
1.644800e+04 3.554386e+00
1.644900e+04 3.059264e+00
1.645000e+04 2.224299e+00
1.645100e+04 1.087654e+00
1.645200e+04 -2.409582e-01
1.645300e+04 -1.592337e+00
1.645400e+04 -2.799047e+00
1.645500e+04 -3.723579e+00
1.645600e+04 -4.294169e+00
1.645700e+04 -4.538599e+00
1.645800e+04 -4.550903e+00
1.645900e+04 -4.443256e+00
1.646000e+04 -4.325021e+00
1.646100e+04 -4.255135e+00
1.646200e+04 -4.215878e+00
1.646300e+04 -4.125163e+00
1.646400e+04 -3.862941e+00
1.646500e+04 -3.322018e+00
1.646600e+04 -2.443644e+00
1.646700e+04 -1.251381e+00
1.646800e+04 1.371541e-01
1.646900e+04 1.538368e+00
1.647000e+04 2.730225e+00
1.647100e+04 3.496761e+00
1.647200e+04 3.706618e+00
1.647300e+04 3.324495e+00
1.647400e+04 2.405182e+00
1.647500e+04 1.116495e+00
1.647600e+04 -3.239733e-01
1.647700e+04 -1.689686e+00
1.647800e+04 -2.808559e+00
1.647900e+04 -3.584843e+00
1.648000e+04 -3.984915e+00
1.648100e+04 -4.189915e+00
1.648200e+04 -4.134954e+00
1.648300e+04 -4.167864e+00
1.648400e+04 -4.138691e+00
1.648500e+04 -4.304787e+00
1.648600e+04 -4.368327e+00
1.648700e+04 -4.468465e+00
1.648800e+04 -4.229692e+00
1.648900e+04 -3.807022e+00
1.649000e+04 -2.893656e+00
1.649100e+04 -1.788900e+00
1.649200e+04 -3.340013e-01
1.649300e+04 1.029657e+00
1.649400e+04 2.382115e+00
1.649500e+04 3.251497e+00
1.649600e+04 3.775071e+00
1.649700e+04 3.590590e+00
1.649800e+04 2.993195e+00
1.649900e+04 1.780227e+00
1.650000e+04 4.182541e-01
1.650100e+04 -1.177347e+00
1.650200e+04 -2.467084e+00
1.650300e+04 -3.536315e+00
1.650400e+04 -3.911869e+00
1.650500e+04 -3.816405e+00
1.650600e+04 -2.951386e+00
1.650700e+04 -1.745344e+00
1.650800e+04 -7.796979e-02
1.650900e+04 1.474285e+00
1.651000e+04 2.962314e+00
1.651100e+04 3.846612e+00
1.651200e+04 4.280965e+00
1.651300e+04 3.888237e+00
1.651400e+04 3.061210e+00
1.651500e+04 1.635774e+00
1.651600e+04 1.581188e-01
1.651700e+04 -1.448746e+00
1.651800e+04 -2.644003e+00
1.651900e+04 -3.613096e+00
1.652000e+04 -4.011184e+00
1.652100e+04 -4.222322e+00
1.652200e+04 -4.053026e+00
1.652300e+04 -3.990806e+00
1.652400e+04 -3.840184e+00
1.652500e+04 -3.964978e+00
1.652600e+04 -4.008426e+00
1.652700e+04 -4.162005e+00
1.652800e+04 -3.958036e+00
1.652900e+04 -3.574542e+00
1.653000e+04 -2.641397e+00
1.653100e+04 -1.504528e+00
1.653200e+04 -1.249924e-03
1.653300e+04 1.365507e+00
1.653400e+04 2.695755e+00
1.653500e+04 3.534061e+00
1.653600e+04 4.115400e+00
1.653700e+04 4.208757e+00
1.653800e+04 4.225652e+00
1.653900e+04 4.036462e+00
1.654000e+04 4.056797e+00
1.654100e+04 4.061397e+00
1.654200e+04 4.281533e+00
1.654300e+04 4.316204e+00
1.654400e+04 4.253618e+00
1.654500e+04 3.685711e+00
1.654600e+04 2.794228e+00
1.654700e+04 1.355299e+00
1.654800e+04 -2.279806e-01
1.654900e+04 -1.950302e+00
1.655000e+04 -3.294605e+00
1.655100e+04 -4.247779e+00
1.655200e+04 -4.425462e+00
1.655300e+04 -4.010345e+00
1.655400e+04 -2.888790e+00
1.655500e+04 -1.476761e+00
1.655600e+04 1.814759e-01
1.655700e+04 1.637977e+00
1.655800e+04 2.905326e+00
1.655900e+04 3.694523e+00
1.656000e+04 4.181115e+00
1.656100e+04 4.270252e+00
1.656200e+04 4.246159e+00
1.656300e+04 4.054579e+00
1.656400e+04 3.949081e+00
1.656500e+04 3.824171e+00
1.656600e+04 3.830952e+00
1.656700e+04 3.824039e+00
1.656800e+04 3.906314e+00
1.656900e+04 3.923864e+00
1.657000e+04 3.998713e+00
1.657100e+04 4.018776e+00
1.657200e+04 4.090507e+00
1.657300e+04 4.113680e+00
1.657400e+04 4.175938e+00
1.657500e+04 4.182159e+00
1.657600e+04 4.203570e+00
1.657700e+04 4.165376e+00
1.657800e+04 4.143396e+00
1.657900e+04 4.091038e+00
1.658000e+04 4.068463e+00
1.658100e+04 4.031687e+00
1.658200e+04 4.016916e+00
1.658300e+04 3.969041e+00
1.658400e+04 3.901079e+00
1.658500e+04 3.811728e+00
1.658600e+04 3.727969e+00
1.658700e+04 3.672966e+00
1.658800e+04 3.681776e+00
1.658900e+04 3.770948e+00
1.659000e+04 3.882741e+00
1.659100e+04 3.968856e+00
1.659200e+04 3.901810e+00
1.659300e+04 3.592577e+00
1.659400e+04 2.917240e+00
1.659500e+04 1.920110e+00
1.659600e+04 6.114507e-01
1.659700e+04 -7.846892e-01
1.659800e+04 -2.122061e+00
1.659900e+04 -3.095671e+00
1.660000e+04 -3.578438e+00
1.660100e+04 -3.384363e+00
1.660200e+04 -2.627573e+00
1.660300e+04 -1.329511e+00
1.660400e+04 1.789398e-01
1.660500e+04 1.748623e+00
1.660600e+04 3.022830e+00
1.660700e+04 3.963795e+00
1.660800e+04 4.403953e+00
1.660900e+04 4.533714e+00
1.661000e+04 4.353108e+00
1.661100e+04 4.183743e+00
1.661200e+04 4.018354e+00
1.661300e+04 4.078249e+00
1.661400e+04 4.171713e+00
1.661500e+04 4.337550e+00
1.661600e+04 4.249605e+00
1.661700e+04 3.922159e+00
1.661800e+04 3.073030e+00
1.661900e+04 1.898920e+00
1.662000e+04 3.408985e-01
1.662100e+04 -1.200756e+00
1.662200e+04 -2.649865e+00
1.662300e+04 -3.558229e+00
1.662400e+04 -3.967240e+00
1.662500e+04 -3.614031e+00
1.662600e+04 -2.764145e+00
1.662700e+04 -1.391537e+00
1.662800e+04 5.499631e-02
1.662900e+04 1.558636e+00
1.663000e+04 2.701198e+00
1.663100e+04 3.605641e+00
1.663200e+04 4.049994e+00
1.663300e+04 4.323200e+00
1.663400e+04 4.320791e+00
1.663500e+04 4.403058e+00
1.663600e+04 4.417914e+00
1.663700e+04 4.608057e+00
1.663800e+04 4.687319e+00
1.663900e+04 4.787933e+00
1.664000e+04 4.561659e+00
1.664100e+04 4.059227e+00
1.664200e+04 3.137720e+00
1.664300e+04 1.908443e+00
1.664400e+04 4.024158e-01
1.664500e+04 -1.116375e+00
1.664600e+04 -2.511917e+00
1.664700e+04 -3.486938e+00
1.664800e+04 -3.954415e+00
1.664900e+04 -3.761142e+00
1.665000e+04 -2.985728e+00
1.665100e+04 -1.669003e+00
1.665200e+04 -8.681750e-02
1.665300e+04 1.573862e+00
1.665400e+04 2.974616e+00
1.665500e+04 3.955505e+00
1.665600e+04 4.285141e+00
1.665700e+04 3.961783e+00
1.665800e+04 2.999672e+00
1.665900e+04 1.624256e+00
1.666000e+04 8.614779e-03
1.666100e+04 -1.530749e+00
1.666200e+04 -2.826119e+00
1.666300e+04 -3.698919e+00
1.666400e+04 -4.167106e+00
1.666500e+04 -4.260372e+00
1.666600e+04 -4.179723e+00
1.666700e+04 -4.047268e+00
1.666800e+04 -4.023154e+00
1.666900e+04 -4.115322e+00
1.667000e+04 -4.292880e+00
1.667100e+04 -4.397913e+00
1.667200e+04 -4.305623e+00
1.667300e+04 -3.848852e+00
1.667400e+04 -2.993830e+00
1.667500e+04 -1.784621e+00
1.667600e+04 -3.706195e-01
1.667700e+04 1.068321e+00
1.667800e+04 2.328499e+00
1.667900e+04 3.291874e+00
1.668000e+04 3.903352e+00
1.668100e+04 4.183362e+00
1.668200e+04 4.238181e+00
1.668300e+04 4.176839e+00
1.668400e+04 4.098534e+00
1.668500e+04 4.049873e+00
1.668600e+04 4.064631e+00
1.668700e+04 4.100034e+00
1.668800e+04 4.155787e+00
1.668900e+04 4.196115e+00
1.669000e+04 4.245554e+00
1.669100e+04 4.278645e+00
1.669200e+04 4.345788e+00
1.669300e+04 4.400426e+00
1.669400e+04 4.471471e+00
1.669500e+04 4.479240e+00
1.669600e+04 4.454333e+00
1.669700e+04 4.350075e+00
1.669800e+04 4.247323e+00
1.669900e+04 4.117958e+00
1.670000e+04 4.069530e+00
1.670100e+04 4.049174e+00
1.670200e+04 4.116689e+00
1.670300e+04 4.158170e+00
1.670400e+04 4.205963e+00
1.670500e+04 4.151886e+00
1.670600e+04 4.088604e+00
1.670700e+04 3.961537e+00
1.670800e+04 3.911471e+00
1.670900e+04 3.870286e+00
1.671000e+04 3.928546e+00
1.671100e+04 3.911234e+00
1.671200e+04 3.806011e+00
1.671300e+04 3.383473e+00
1.671400e+04 2.684566e+00
1.671500e+04 1.587056e+00
1.671600e+04 3.055632e-01
1.671700e+04 -1.110937e+00
1.671800e+04 -2.346983e+00
1.671900e+04 -3.370854e+00
1.672000e+04 -3.951737e+00
1.672100e+04 -4.248873e+00
1.672200e+04 -4.236500e+00
1.672300e+04 -4.194654e+00
1.672400e+04 -4.113863e+00
1.672500e+04 -4.208867e+00
1.672600e+04 -4.297415e+00
1.672700e+04 -4.425927e+00
1.672800e+04 -4.278636e+00
1.672900e+04 -3.862385e+00
1.673000e+04 -2.949318e+00
1.673100e+04 -1.736923e+00
1.673200e+04 -2.009073e-01
1.673300e+04 1.261415e+00
1.673400e+04 2.561285e+00
1.673500e+04 3.298183e+00
1.673600e+04 3.506474e+00
1.673700e+04 2.991227e+00
1.673800e+04 2.025513e+00
1.673900e+04 6.201073e-01
1.674000e+04 -8.074403e-01
1.674100e+04 -2.213257e+00
1.674200e+04 -3.231284e+00
1.674300e+04 -3.969285e+00
1.674400e+04 -4.241257e+00
1.674500e+04 -4.298417e+00
1.674600e+04 -4.072224e+00
1.674700e+04 -3.883177e+00
1.674800e+04 -3.629460e+00
1.674900e+04 -3.567341e+00
1.675000e+04 -3.520798e+00
1.675100e+04 -3.675244e+00
1.675200e+04 -3.806512e+00
1.675300e+04 -4.078846e+00
1.675400e+04 -4.265211e+00
1.675500e+04 -4.540680e+00
1.675600e+04 -4.678041e+00
1.675700e+04 -4.855494e+00
1.675800e+04 -4.840420e+00
1.675900e+04 -4.823349e+00
1.676000e+04 -4.624332e+00
1.676100e+04 -4.477183e+00
1.676200e+04 -4.229952e+00
1.676300e+04 -4.153400e+00
1.676400e+04 -4.076625e+00
1.676500e+04 -4.180057e+00
1.676600e+04 -4.199180e+00
1.676700e+04 -4.223487e+00
1.676800e+04 -3.919780e+00
1.676900e+04 -3.400582e+00
1.677000e+04 -2.444814e+00
1.677100e+04 -1.296274e+00
1.677200e+04 1.046278e-01
1.677300e+04 1.383993e+00
1.677400e+04 2.568671e+00
1.677500e+04 3.331180e+00
1.677600e+04 3.832582e+00
1.677700e+04 3.937171e+00
1.677800e+04 3.930964e+00
1.677900e+04 3.752102e+00
1.678000e+04 3.703064e+00
1.678100e+04 3.653083e+00
1.678200e+04 3.789336e+00
1.678300e+04 3.889084e+00
1.678400e+04 4.079854e+00
1.678500e+04 4.133303e+00
1.678600e+04 4.210001e+00
1.678700e+04 4.146400e+00
1.678800e+04 4.147676e+00
1.678900e+04 4.074633e+00
1.679000e+04 4.114833e+00
1.679100e+04 4.114463e+00
1.679200e+04 4.222850e+00
1.679300e+04 4.246560e+00
1.679400e+04 4.328902e+00
1.679500e+04 4.304188e+00
1.679600e+04 4.321813e+00
1.679700e+04 4.239807e+00
1.679800e+04 4.230163e+00
1.679900e+04 4.156292e+00
1.680000e+04 4.128580e+00
1.680100e+04 4.168421e+00
1.680200e+04 4.141443e+00
1.680300e+04 4.201187e+00
1.680400e+04 4.166980e+00
1.680500e+04 4.203092e+00
1.680600e+04 4.117330e+00
1.680700e+04 4.102921e+00
1.680800e+04 3.985410e+00
1.680900e+04 3.970316e+00
1.681000e+04 3.904218e+00
1.681100e+04 4.002773e+00
1.681200e+04 4.072092e+00
1.681300e+04 4.279811e+00
1.681400e+04 4.358106e+00
1.681500e+04 4.406372e+00
1.681600e+04 4.107753e+00
1.681700e+04 3.571494e+00
1.681800e+04 2.553215e+00
1.681900e+04 1.296652e+00
1.682000e+04 -2.801540e-01
1.682100e+04 -1.774820e+00
1.682200e+04 -3.159336e+00
1.682300e+04 -3.997193e+00
1.682400e+04 -4.358549e+00
1.682500e+04 -3.973364e+00
1.682600e+04 -3.107822e+00
1.682700e+04 -1.715400e+00
1.682800e+04 -2.366629e-01
1.682900e+04 1.319638e+00
1.683000e+04 2.545194e+00
1.683100e+04 3.544075e+00
1.683200e+04 4.072487e+00
1.683300e+04 4.395483e+00
1.683400e+04 4.386989e+00
1.683500e+04 4.365022e+00
1.683600e+04 4.190334e+00
1.683700e+04 4.120366e+00
1.683800e+04 3.945571e+00
1.683900e+04 3.875698e+00
1.684000e+04 3.692760e+00
1.684100e+04 3.628155e+00
1.684200e+04 3.499350e+00
1.684300e+04 3.559994e+00
1.684400e+04 3.614116e+00
1.684500e+04 3.852720e+00
1.684600e+04 3.986794e+00
1.684700e+04 4.115156e+00
1.684800e+04 3.913948e+00
1.684900e+04 3.493845e+00
1.685000e+04 2.613914e+00
1.685100e+04 1.533882e+00
1.685200e+04 1.703107e-01
1.685300e+04 -1.115505e+00
1.685400e+04 -2.363404e+00
1.685500e+04 -3.260175e+00
1.685600e+04 -3.953422e+00
1.685700e+04 -4.269063e+00
1.685800e+04 -4.467898e+00
1.685900e+04 -4.445677e+00
1.686000e+04 -4.456169e+00
1.686100e+04 -4.356153e+00
1.686200e+04 -4.332401e+00
1.686300e+04 -4.183115e+00
1.686400e+04 -4.082873e+00
1.686500e+04 -3.873447e+00
1.686600e+04 -3.750888e+00
1.686700e+04 -3.590867e+00
1.686800e+04 -3.598475e+00
1.686900e+04 -3.618180e+00
1.687000e+04 -3.782465e+00
1.687100e+04 -3.884802e+00
1.687200e+04 -4.038481e+00
1.687300e+04 -4.064265e+00
1.687400e+04 -4.103330e+00
1.687500e+04 -4.048237e+00
1.687600e+04 -4.073082e+00
1.687700e+04 -4.057470e+00
1.687800e+04 -4.104047e+00
1.687900e+04 -4.000384e+00
1.688000e+04 -3.777371e+00
1.688100e+04 -3.217981e+00
1.688200e+04 -2.385155e+00
1.688300e+04 -1.200273e+00
1.688400e+04 1.089821e-01
1.688500e+04 1.483190e+00
1.688600e+04 2.647691e+00
1.688700e+04 3.554399e+00
1.688800e+04 4.040908e+00
1.688900e+04 4.235203e+00
1.689000e+04 4.139458e+00
1.689100e+04 3.954137e+00
1.689200e+04 3.716116e+00
1.689300e+04 3.576975e+00
1.689400e+04 3.481250e+00
1.689500e+04 3.477620e+00
1.689600e+04 3.485852e+00
1.689700e+04 3.555361e+00
1.689800e+04 3.630779e+00
1.689900e+04 3.789490e+00
1.690000e+04 3.992817e+00
1.690100e+04 4.250542e+00
1.690200e+04 4.446999e+00
1.690300e+04 4.502430e+00
1.690400e+04 4.265066e+00
1.690500e+04 3.683450e+00
1.690600e+04 2.718359e+00
1.690700e+04 1.461595e+00
1.690800e+04 3.683257e-02
1.690900e+04 -1.370478e+00
1.691000e+04 -2.595612e+00
1.691100e+04 -3.523431e+00
1.691200e+04 -4.122420e+00
1.691300e+04 -4.415798e+00
1.691400e+04 -4.476370e+00
1.691500e+04 -4.421488e+00
1.691600e+04 -4.316628e+00
1.691700e+04 -4.232346e+00
1.691800e+04 -4.174346e+00
1.691900e+04 -4.161412e+00
1.692000e+04 -4.144935e+00
1.692100e+04 -4.152461e+00
1.692200e+04 -4.137372e+00
1.692300e+04 -4.128969e+00
1.692400e+04 -4.083345e+00
1.692500e+04 -4.043246e+00
1.692600e+04 -3.964257e+00
1.692700e+04 -3.891534e+00
1.692800e+04 -3.772836e+00
1.692900e+04 -3.695810e+00
1.693000e+04 -3.617687e+00
1.693100e+04 -3.613548e+00
1.693200e+04 -3.631646e+00
1.693300e+04 -3.741758e+00
1.693400e+04 -3.855099e+00
1.693500e+04 -4.009880e+00
1.693600e+04 -4.102651e+00
1.693700e+04 -4.196017e+00
1.693800e+04 -4.183029e+00
1.693900e+04 -4.146441e+00
1.694000e+04 -4.020752e+00
1.694100e+04 -3.914129e+00
1.694200e+04 -3.767371e+00
1.694300e+04 -3.711115e+00
1.694400e+04 -3.670963e+00
1.694500e+04 -3.745560e+00
1.694600e+04 -3.831139e+00
1.694700e+04 -3.992943e+00
1.694800e+04 -4.084984e+00
1.694900e+04 -4.167635e+00
1.695000e+04 -4.122207e+00
1.695100e+04 -4.062705e+00
1.695200e+04 -3.908718e+00
1.695300e+04 -3.823838e+00
1.695400e+04 -3.760410e+00
1.695500e+04 -3.846708e+00
1.695600e+04 -3.968588e+00
1.695700e+04 -4.190462e+00
1.695800e+04 -4.332819e+00
1.695900e+04 -4.459882e+00
1.696000e+04 -4.411014e+00
1.696100e+04 -4.399000e+00
1.696200e+04 -4.218978e+00
1.696300e+04 -4.239176e+00
1.696400e+04 -4.198176e+00
1.696500e+04 -4.380824e+00
1.696600e+04 -4.418464e+00
1.696700e+04 -4.469837e+00
1.696800e+04 -4.092587e+00
1.696900e+04 -3.497790e+00
1.697000e+04 -2.373226e+00
1.697100e+04 -1.090157e+00
1.697200e+04 4.749753e-01
1.697300e+04 1.821066e+00
1.697400e+04 3.060462e+00
1.697500e+04 3.781740e+00
1.697600e+04 4.257198e+00
1.697700e+04 4.260468e+00
1.697800e+04 4.206947e+00
1.697900e+04 3.936424e+00
1.698000e+04 3.835243e+00
1.698100e+04 3.659526e+00
1.698200e+04 3.685560e+00
1.698300e+04 3.604046e+00
1.698400e+04 3.657997e+00
1.698500e+04 3.560494e+00
1.698600e+04 3.618788e+00
1.698700e+04 3.599175e+00
1.698800e+04 3.795165e+00
1.698900e+04 3.926467e+00
1.699000e+04 4.184011e+00
1.699100e+04 4.200918e+00
1.699200e+04 4.101892e+00
1.699300e+04 3.515495e+00
1.699400e+04 2.648410e+00
1.699500e+04 1.305668e+00
1.699600e+04 -1.398880e-01
1.699700e+04 -1.708305e+00
1.699800e+04 -2.925985e+00
1.699900e+04 -3.811278e+00
1.700000e+04 -3.987803e+00
1.700100e+04 -3.633896e+00
1.700200e+04 -2.618416e+00
1.700300e+04 -1.319301e+00
1.700400e+04 2.489100e-01
1.700500e+04 1.652875e+00
1.700600e+04 2.896088e+00
1.700700e+04 3.690367e+00
1.700800e+04 4.213077e+00
1.700900e+04 4.337748e+00
1.701000e+04 4.355829e+00
1.701100e+04 4.226183e+00
1.701200e+04 4.193733e+00
1.701300e+04 4.141290e+00
1.701400e+04 4.213000e+00
1.701500e+04 4.224385e+00
1.701600e+04 4.274194e+00
1.701700e+04 4.211914e+00
1.701800e+04 4.177615e+00
1.701900e+04 4.085456e+00
1.702000e+04 4.089405e+00
1.702100e+04 4.089522e+00
1.702200e+04 4.155416e+00
1.702300e+04 4.103786e+00
1.702400e+04 3.907728e+00
1.702500e+04 3.373474e+00
1.702600e+04 2.514832e+00
1.702700e+04 1.278996e+00
1.702800e+04 -1.568675e-01
1.702900e+04 -1.652737e+00
1.703000e+04 -2.917687e+00
1.703100e+04 -3.778564e+00
1.703200e+04 -4.041457e+00
1.703300e+04 -3.679301e+00
1.703400e+04 -2.740312e+00
1.703500e+04 -1.416035e+00
1.703600e+04 8.429122e-02
1.703700e+04 1.518279e+00
1.703800e+04 2.705966e+00
1.703900e+04 3.551085e+00
1.704000e+04 4.011518e+00
1.704100e+04 4.169007e+00
1.704200e+04 4.103713e+00
1.704300e+04 3.946792e+00
1.704400e+04 3.748293e+00
1.704500e+04 3.606182e+00
1.704600e+04 3.492931e+00
1.704700e+04 3.462367e+00
1.704800e+04 3.433976e+00
1.704900e+04 3.474492e+00
1.705000e+04 3.512979e+00
1.705100e+04 3.626089e+00
1.705200e+04 3.726638e+00
1.705300e+04 3.891382e+00
1.705400e+04 3.999072e+00
1.705500e+04 4.130683e+00
1.705600e+04 4.150407e+00
1.705700e+04 4.173228e+00
1.705800e+04 4.103623e+00
1.705900e+04 4.092030e+00
1.706000e+04 4.026390e+00
1.706100e+04 4.040658e+00
1.706200e+04 3.957862e+00
1.706300e+04 3.839366e+00
1.706400e+04 3.442712e+00
1.706500e+04 2.865197e+00
1.706600e+04 1.921312e+00
1.706700e+04 8.171511e-01
1.706800e+04 -4.926745e-01
1.706900e+04 -1.679224e+00
1.707000e+04 -2.761585e+00
1.707100e+04 -3.448048e+00
1.707200e+04 -3.890569e+00
1.707300e+04 -3.949285e+00
1.707400e+04 -3.933080e+00
1.707500e+04 -3.785088e+00
1.707600e+04 -3.810278e+00
1.707700e+04 -3.838295e+00
1.707800e+04 -4.023821e+00
1.707900e+04 -4.046166e+00
1.708000e+04 -3.955789e+00
1.708100e+04 -3.410727e+00
1.708200e+04 -2.581679e+00
1.708300e+04 -1.293803e+00
1.708400e+04 9.407568e-02
1.708500e+04 1.583943e+00
1.708600e+04 2.724386e+00
1.708700e+04 3.535776e+00
1.708800e+04 3.650058e+00
1.708900e+04 3.266844e+00
1.709000e+04 2.233415e+00
1.709100e+04 9.270787e-01
1.709200e+04 -6.643293e-01
1.709300e+04 -2.071357e+00
1.709400e+04 -3.307188e+00
1.709500e+04 -3.958247e+00
1.709600e+04 -4.150776e+00
1.709700e+04 -3.650888e+00
1.709800e+04 -2.762605e+00
1.709900e+04 -1.404398e+00
1.710000e+04 -1.416847e-02
1.710100e+04 1.425433e+00
1.710200e+04 2.517719e+00
1.710300e+04 3.382602e+00
1.710400e+04 3.764279e+00
1.710500e+04 3.955509e+00
1.710600e+04 3.841423e+00
1.710700e+04 3.761716e+00
1.710800e+04 3.598525e+00
1.710900e+04 3.627046e+00
1.711000e+04 3.630912e+00
1.711100e+04 3.792744e+00
1.711200e+04 3.850441e+00
1.711300e+04 3.981960e+00
1.711400e+04 3.969802e+00
1.711500e+04 4.030870e+00
1.711600e+04 3.986798e+00
1.711700e+04 4.058589e+00
1.711800e+04 4.049747e+00
1.711900e+04 4.135506e+00
1.712000e+04 4.122636e+00
1.712100e+04 4.161270e+00
1.712200e+04 4.125350e+00
1.712300e+04 4.164827e+00
1.712400e+04 4.181864e+00
1.712500e+04 4.297020e+00
1.712600e+04 4.330391e+00
1.712700e+04 4.330007e+00
1.712800e+04 4.064376e+00
1.712900e+04 3.559083e+00
1.713000e+04 2.645460e+00
1.713100e+04 1.508001e+00
1.713200e+04 1.264577e-01
1.713300e+04 -1.180604e+00
1.713400e+04 -2.372000e+00
1.713500e+04 -3.177222e+00
1.713600e+04 -3.675509e+00
1.713700e+04 -3.764549e+00
1.713800e+04 -3.705622e+00
1.713900e+04 -3.487008e+00
1.714000e+04 -3.374179e+00
1.714100e+04 -3.288959e+00
1.714200e+04 -3.396309e+00
1.714300e+04 -3.494323e+00
1.714400e+04 -3.679225e+00
1.714500e+04 -3.766987e+00
1.714600e+04 -3.898547e+00
1.714700e+04 -3.929395e+00
1.714800e+04 -4.051934e+00
1.714900e+04 -4.107923e+00
1.715000e+04 -4.229065e+00
1.715100e+04 -4.162125e+00
1.715200e+04 -3.950854e+00
1.715300e+04 -3.339969e+00
1.715400e+04 -2.447475e+00
1.715500e+04 -1.131357e+00
1.715600e+04 3.074667e-01
1.715700e+04 1.840779e+00
1.715800e+04 3.059739e+00
1.715900e+04 3.932835e+00
1.716000e+04 4.151131e+00
1.716100e+04 3.836393e+00
1.716200e+04 2.873818e+00
1.716300e+04 1.600130e+00
1.716400e+04 4.037927e-02
1.716500e+04 -1.387631e+00
1.716600e+04 -2.649006e+00
1.716700e+04 -3.381069e+00
1.716800e+04 -3.643480e+00
1.716900e+04 -3.216279e+00
1.717000e+04 -2.338357e+00
1.717100e+04 -9.441253e-01
1.717200e+04 5.768149e-01
1.717300e+04 2.170648e+00
1.717400e+04 3.395667e+00
1.717500e+04 4.232838e+00
1.717600e+04 4.356024e+00
1.717700e+04 3.929806e+00
1.717800e+04 2.844544e+00
1.717900e+04 1.479366e+00
1.718000e+04 -1.273317e-01
1.718100e+04 -1.533711e+00
1.718200e+04 -2.752347e+00
1.718300e+04 -3.489099e+00
1.718400e+04 -3.931134e+00
1.718500e+04 -3.967926e+00
1.718600e+04 -3.948233e+00
1.718700e+04 -3.800761e+00
1.718800e+04 -3.820487e+00
1.718900e+04 -3.827198e+00
1.719000e+04 -3.961002e+00
1.719100e+04 -3.908688e+00
1.719200e+04 -3.736224e+00
1.719300e+04 -3.121019e+00
1.719400e+04 -2.227577e+00
1.719500e+04 -8.956940e-01
1.719600e+04 5.408583e-01
1.719700e+04 2.094681e+00
1.719800e+04 3.325001e+00
1.719900e+04 4.223855e+00
1.720000e+04 4.444037e+00
1.720100e+04 4.126313e+00
1.720200e+04 3.102756e+00
1.720300e+04 1.732780e+00
1.720400e+04 3.271604e-02
1.720500e+04 -1.538662e+00
1.720600e+04 -2.930762e+00
1.720700e+04 -3.735527e+00
1.720800e+04 -4.031857e+00
1.720900e+04 -3.584315e+00
1.721000e+04 -2.670929e+00
1.721100e+04 -1.242376e+00
1.721200e+04 2.809987e-01
1.721300e+04 1.866082e+00
1.721400e+04 3.084609e+00
1.721500e+04 3.952738e+00
1.721600e+04 4.151394e+00
1.721700e+04 3.859519e+00
1.721800e+04 2.926573e+00
1.721900e+04 1.678100e+00
1.722000e+04 1.027674e-01
1.722100e+04 -1.381723e+00
1.722200e+04 -2.746222e+00
1.722300e+04 -3.597363e+00
1.722400e+04 -3.997573e+00
1.722500e+04 -3.673468e+00
1.722600e+04 -2.846954e+00
1.722700e+04 -1.454512e+00
1.722800e+04 1.072361e-01
1.722900e+04 1.771175e+00
1.723000e+04 3.079103e+00
1.723100e+04 4.000328e+00
1.723200e+04 4.193976e+00
1.723300e+04 3.823082e+00
1.723400e+04 2.792792e+00
1.723500e+04 1.465278e+00
1.723600e+04 -1.137086e-01
1.723700e+04 -1.528032e+00
1.723800e+04 -2.774291e+00
1.723900e+04 -3.573473e+00
1.724000e+04 -4.102579e+00
1.724100e+04 -4.233176e+00
1.724200e+04 -4.250589e+00
1.724300e+04 -4.094316e+00
1.724400e+04 -4.024509e+00
1.724500e+04 -3.916255e+00
1.724600e+04 -3.949539e+00
1.724700e+04 -3.933657e+00
1.724800e+04 -4.022885e+00
1.724900e+04 -4.015415e+00
1.725000e+04 -4.063312e+00
1.725100e+04 -4.002774e+00
1.725200e+04 -4.002386e+00
1.725300e+04 -3.906712e+00
1.725400e+04 -3.884229e+00
1.725500e+04 -3.777611e+00
1.725600e+04 -3.772438e+00
1.725700e+04 -3.724039e+00
1.725800e+04 -3.794047e+00
1.725900e+04 -3.833977e+00
1.726000e+04 -3.988595e+00
1.726100e+04 -4.072442e+00
1.726200e+04 -4.201216e+00
1.726300e+04 -4.187947e+00
1.726400e+04 -4.170352e+00
1.726500e+04 -4.007310e+00
1.726600e+04 -3.875041e+00
1.726700e+04 -3.675230e+00
1.726800e+04 -3.593272e+00
1.726900e+04 -3.511592e+00
1.727000e+04 -3.570850e+00
1.727100e+04 -3.607846e+00
1.727200e+04 -3.724664e+00
1.727300e+04 -3.759464e+00
1.727400e+04 -3.836693e+00
1.727500e+04 -3.835253e+00
1.727600e+04 -3.908263e+00
1.727700e+04 -3.939838e+00
1.727800e+04 -4.037137e+00
1.727900e+04 -4.004696e+00
1.728000e+04 -3.882889e+00
1.728100e+04 -3.450249e+00
1.728200e+04 -2.751256e+00
1.728300e+04 -1.667861e+00
1.728400e+04 -3.989091e-01
1.728500e+04 1.009559e+00
1.728600e+04 2.236667e+00
1.728700e+04 3.172945e+00
1.728800e+04 3.549630e+00
1.728900e+04 3.377584e+00
1.729000e+04 2.591822e+00
1.729100e+04 1.406242e+00
1.729200e+04 -5.893958e-02
1.729300e+04 -1.483199e+00
1.729400e+04 -2.697286e+00
1.729500e+04 -3.438816e+00
1.729600e+04 -3.648967e+00
1.729700e+04 -3.218947e+00
1.729800e+04 -2.260366e+00
1.729900e+04 -8.632011e-01
1.730000e+04 7.196995e-01
1.730100e+04 2.288900e+00
1.730200e+04 3.556631e+00
1.730300e+04 4.348753e+00
1.730400e+04 4.502241e+00
1.730500e+04 4.018807e+00
1.730600e+04 2.960164e+00
1.730700e+04 1.519069e+00
1.730800e+04 -8.160424e-02
1.730900e+04 -1.603004e+00
1.731000e+04 -2.854225e+00
1.731100e+04 -3.729099e+00
1.731200e+04 -4.218523e+00
1.731300e+04 -4.400448e+00
1.731400e+04 -4.370528e+00
1.731500e+04 -4.276237e+00
1.731600e+04 -4.182551e+00
1.731700e+04 -4.154797e+00
1.731800e+04 -4.148166e+00
1.731900e+04 -4.162952e+00
1.732000e+04 -4.118965e+00
1.732100e+04 -4.049222e+00
1.732200e+04 -3.920419e+00
1.732300e+04 -3.828751e+00
1.732400e+04 -3.756124e+00
1.732500e+04 -3.775056e+00
1.732600e+04 -3.788289e+00
1.732700e+04 -3.787157e+00
1.732800e+04 -3.572373e+00
1.732900e+04 -3.121616e+00
1.733000e+04 -2.292520e+00
1.733100e+04 -1.177716e+00
1.733200e+04 2.086080e-01
1.733300e+04 1.587641e+00
1.733400e+04 2.828932e+00
1.733500e+04 3.615983e+00
1.733600e+04 3.918850e+00
1.733700e+04 3.570232e+00
1.733800e+04 2.747342e+00
1.733900e+04 1.508259e+00
1.734000e+04 1.858251e-01
1.734100e+04 -1.127573e+00
1.734200e+04 -2.139952e+00
1.734300e+04 -2.914658e+00
1.734400e+04 -3.328451e+00
1.734500e+04 -3.594742e+00
1.734600e+04 -3.694306e+00
1.734700e+04 -3.860680e+00
1.734800e+04 -3.988703e+00
1.734900e+04 -4.212981e+00
1.735000e+04 -4.335213e+00
1.735100e+04 -4.447296e+00
1.735200e+04 -4.349648e+00
1.735300e+04 -4.210128e+00
1.735400e+04 -3.935554e+00
1.735500e+04 -3.765874e+00
1.735600e+04 -3.614789e+00
1.735700e+04 -3.674223e+00
1.735800e+04 -3.731741e+00
1.735900e+04 -3.859171e+00
1.736000e+04 -3.742722e+00
1.736100e+04 -3.411496e+00
1.736200e+04 -2.631809e+00
1.736300e+04 -1.598092e+00
1.736400e+04 -2.413264e-01
1.736500e+04 1.078904e+00
1.736600e+04 2.347501e+00
1.736700e+04 3.242541e+00
1.736800e+04 3.857071e+00
1.736900e+04 4.033789e+00
1.737000e+04 4.063527e+00
1.737100e+04 3.904884e+00
1.737200e+04 3.858198e+00
1.737300e+04 3.821737e+00
1.737400e+04 3.960709e+00
1.737500e+04 3.993470e+00
1.737600e+04 3.959147e+00
1.737700e+04 3.543186e+00
1.737800e+04 2.818700e+00
1.737900e+04 1.602356e+00
1.738000e+04 1.741478e-01
1.738100e+04 -1.454054e+00
1.738200e+04 -2.858220e+00
1.738300e+04 -3.966707e+00
1.738400e+04 -4.424219e+00
1.738500e+04 -4.304193e+00
1.738600e+04 -3.466628e+00
1.738700e+04 -2.225663e+00
1.738800e+04 -6.324539e-01
1.738900e+04 9.021509e-01
1.739000e+04 2.317312e+00
1.739100e+04 3.315168e+00
1.739200e+04 4.005189e+00
1.739300e+04 4.260778e+00
1.739400e+04 4.341711e+00
1.739500e+04 4.223552e+00
1.739600e+04 4.156817e+00
1.739700e+04 4.063190e+00
1.739800e+04 4.099890e+00
1.739900e+04 4.101985e+00
1.740000e+04 4.190042e+00
1.740100e+04 4.199731e+00
1.740200e+04 4.253574e+00
1.740300e+04 4.244785e+00
1.740400e+04 4.314012e+00
1.740500e+04 4.326313e+00
1.740600e+04 4.352011e+00
1.740700e+04 4.192959e+00
1.740800e+04 3.880438e+00
1.740900e+04 3.224156e+00
1.741000e+04 2.304530e+00
1.741100e+04 1.082983e+00
1.741200e+04 -2.202978e-01
1.741300e+04 -1.531586e+00
1.741400e+04 -2.595134e+00
1.741500e+04 -3.386730e+00
1.741600e+04 -3.776938e+00
1.741700e+04 -3.897633e+00
1.741800e+04 -3.799597e+00
1.741900e+04 -3.685586e+00
1.742000e+04 -3.592402e+00
1.742100e+04 -3.628289e+00
1.742200e+04 -3.693541e+00
1.742300e+04 -3.734456e+00
1.742400e+04 -3.565756e+00
1.742500e+04 -3.122495e+00
1.742600e+04 -2.314199e+00
1.742700e+04 -1.212247e+00
1.742800e+04 1.004198e-01
1.742900e+04 1.433717e+00
1.743000e+04 2.643792e+00
1.743100e+04 3.582768e+00
1.743200e+04 4.203070e+00
1.743300e+04 4.508678e+00
1.743400e+04 4.581359e+00
1.743500e+04 4.520655e+00
1.743600e+04 4.417728e+00
1.743700e+04 4.336819e+00
1.743800e+04 4.253401e+00
1.743900e+04 4.130645e+00
1.744000e+04 3.855220e+00
1.744100e+04 3.366906e+00
1.744200e+04 2.543461e+00
1.744300e+04 1.466242e+00
1.744400e+04 1.295583e-01
1.744500e+04 -1.232550e+00
1.744600e+04 -2.518863e+00
1.744700e+04 -3.426245e+00
1.744800e+04 -3.896299e+00
1.744900e+04 -3.717692e+00
1.745000e+04 -3.008825e+00
1.745100e+04 -1.740505e+00
1.745200e+04 -2.291200e-01
1.745300e+04 1.425472e+00
1.745400e+04 2.824217e+00
1.745500e+04 3.896675e+00
1.745600e+04 4.310659e+00
1.745700e+04 4.156784e+00
1.745800e+04 3.295077e+00
1.745900e+04 2.025111e+00
1.746000e+04 3.647481e-01
1.746100e+04 -1.233713e+00
1.746200e+04 -2.704412e+00
1.746300e+04 -3.624924e+00
1.746400e+04 -4.048490e+00
1.746500e+04 -3.706734e+00
1.746600e+04 -2.890445e+00
1.746700e+04 -1.532568e+00
1.746800e+04 -7.922822e-02
1.746900e+04 1.464640e+00
1.747000e+04 2.654374e+00
1.747100e+04 3.618254e+00
1.747200e+04 4.077732e+00
1.747300e+04 4.340646e+00
1.747400e+04 4.272698e+00
1.747500e+04 4.277492e+00
1.747600e+04 4.182625e+00
1.747700e+04 4.290475e+00
1.747800e+04 4.271969e+00
1.747900e+04 4.308250e+00
1.748000e+04 3.977947e+00
1.748100e+04 3.447978e+00
1.748200e+04 2.393420e+00
1.748300e+04 1.166361e+00
1.748400e+04 -3.934951e-01
1.748500e+04 -1.767817e+00
1.748600e+04 -3.028162e+00
1.748700e+04 -3.664796e+00
1.748800e+04 -3.871719e+00
1.748900e+04 -3.323752e+00
1.749000e+04 -2.427143e+00
1.749100e+04 -1.042299e+00
1.749200e+04 2.911750e-01
1.749300e+04 1.688547e+00
1.749400e+04 2.671547e+00
1.749500e+04 3.481936e+00
1.749600e+04 3.793190e+00
1.749700e+04 4.007119e+00
1.749800e+04 3.895647e+00
1.749900e+04 3.890763e+00
1.750000e+04 3.743421e+00
1.750100e+04 3.824842e+00
1.750200e+04 3.807620e+00
1.750300e+04 3.994873e+00
1.750400e+04 4.007998e+00
1.750500e+04 4.150218e+00
1.750600e+04 4.072906e+00
1.750700e+04 4.097677e+00
1.750800e+04 3.908372e+00
1.750900e+04 3.853180e+00
1.751000e+04 3.618307e+00
1.751100e+04 3.559000e+00
1.751200e+04 3.370546e+00
1.751300e+04 3.392347e+00
1.751400e+04 3.327058e+00
1.751500e+04 3.509858e+00
1.751600e+04 3.607374e+00
1.751700e+04 3.893098e+00
1.751800e+04 3.983691e+00
1.751900e+04 4.103001e+00
1.752000e+04 3.829782e+00
1.752100e+04 3.386787e+00
1.752200e+04 2.444760e+00
1.752300e+04 1.336514e+00
1.752400e+04 -1.318570e-01
1.752500e+04 -1.493422e+00
1.752600e+04 -2.831394e+00
1.752700e+04 -3.655753e+00
1.752800e+04 -4.108834e+00
1.752900e+04 -3.828104e+00
1.753000e+04 -3.103515e+00
1.753100e+04 -1.783454e+00
1.753200e+04 -3.219554e-01
1.753300e+04 1.310030e+00
1.753400e+04 2.611028e+00
1.753500e+04 3.619733e+00
1.753600e+04 3.930359e+00
1.753700e+04 3.716741e+00
1.753800e+04 2.769116e+00
1.753900e+04 1.451024e+00
1.754000e+04 -2.607818e-01
1.754100e+04 -1.881241e+00
1.754200e+04 -3.349605e+00
1.754300e+04 -4.221794e+00
1.754400e+04 -4.559011e+00
1.754500e+04 -4.110813e+00
1.754600e+04 -3.149057e+00
1.754700e+04 -1.674924e+00
1.754800e+04 -1.113813e-01
1.754900e+04 1.464119e+00
1.755000e+04 2.666947e+00
1.755100e+04 3.545040e+00
1.755200e+04 3.923840e+00
1.755300e+04 4.027833e+00
1.755400e+04 3.860504e+00
1.755500e+04 3.715875e+00
1.755600e+04 3.573474e+00
1.755700e+04 3.593864e+00
1.755800e+04 3.614958e+00
1.755900e+04 3.640800e+00
1.756000e+04 3.424057e+00
1.756100e+04 2.948215e+00
1.756200e+04 2.082181e+00
1.756300e+04 9.503168e-01
1.756400e+04 -4.025598e-01
1.756500e+04 -1.732736e+00
1.756600e+04 -2.925459e+00
1.756700e+04 -3.790384e+00
1.756800e+04 -4.333753e+00
1.756900e+04 -4.532644e+00
1.757000e+04 -4.508004e+00
1.757100e+04 -4.353158e+00
1.757200e+04 -4.191647e+00
1.757300e+04 -4.066692e+00
1.757400e+04 -4.003943e+00
1.757500e+04 -3.979315e+00
1.757600e+04 -3.957191e+00
1.757700e+04 -3.922155e+00
1.757800e+04 -3.855615e+00
1.757900e+04 -3.804916e+00
1.758000e+04 -3.770056e+00
1.758100e+04 -3.806453e+00
1.758200e+04 -3.872008e+00
1.758300e+04 -4.002151e+00
1.758400e+04 -4.104053e+00
1.758500e+04 -4.205803e+00
1.758600e+04 -4.235293e+00
1.758700e+04 -4.273407e+00
1.758800e+04 -4.249709e+00
1.758900e+04 -4.261248e+00
1.759000e+04 -4.190740e+00
1.759100e+04 -4.076836e+00
1.759200e+04 -3.747428e+00
1.759300e+04 -3.235148e+00
1.759400e+04 -2.380651e+00
1.759500e+04 -1.335850e+00
1.759600e+04 -6.701630e-02
1.759700e+04 1.152993e+00
1.759800e+04 2.302487e+00
1.759900e+04 3.118741e+00
1.760000e+04 3.652378e+00
1.760100e+04 3.889227e+00
1.760200e+04 3.877741e+00
1.760300e+04 3.821466e+00
1.760400e+04 3.744661e+00
1.760500e+04 3.790801e+00
1.760600e+04 3.847606e+00
1.760700e+04 3.914831e+00
1.760800e+04 3.758032e+00
1.760900e+04 3.347328e+00
1.761000e+04 2.509647e+00
1.761100e+04 1.366114e+00
1.761200e+04 -7.504451e-02
1.761300e+04 -1.500806e+00
1.761400e+04 -2.782563e+00
1.761500e+04 -3.585300e+00
1.761600e+04 -3.874541e+00
1.761700e+04 -3.465362e+00
1.761800e+04 -2.550657e+00
1.761900e+04 -1.174033e+00
1.762000e+04 3.136271e-01
1.762100e+04 1.807509e+00
1.762200e+04 2.979366e+00
1.762300e+04 3.851084e+00
1.762400e+04 4.266251e+00
1.762500e+04 4.438848e+00
1.762600e+04 4.349519e+00
1.762700e+04 4.281633e+00
1.762800e+04 4.190683e+00
1.762900e+04 4.262622e+00
1.763000e+04 4.307894e+00
1.763100e+04 4.380471e+00
1.763200e+04 4.178790e+00
1.763300e+04 3.740447e+00
1.763400e+04 2.847962e+00
1.763500e+04 1.676912e+00
1.763600e+04 1.834099e-01
1.763700e+04 -1.262188e+00
1.763800e+04 -2.598159e+00
1.763900e+04 -3.433496e+00
1.764000e+04 -3.768907e+00
1.764100e+04 -3.386387e+00
1.764200e+04 -2.533453e+00
1.764300e+04 -1.195548e+00
1.764400e+04 2.167686e-01
1.764500e+04 1.642569e+00
1.764600e+04 2.717183e+00
1.764700e+04 3.507064e+00
1.764800e+04 3.829915e+00
1.764900e+04 3.951221e+00
1.765000e+04 3.801343e+00
1.765100e+04 3.688383e+00
1.765200e+04 3.527092e+00
1.765300e+04 3.545753e+00
1.765400e+04 3.543818e+00
1.765500e+04 3.672579e+00
1.765600e+04 3.719739e+00
1.765700e+04 3.842613e+00
1.765800e+04 3.857972e+00
1.765900e+04 3.984892e+00
1.766000e+04 4.051413e+00
1.766100e+04 4.230205e+00
1.766200e+04 4.284536e+00
1.766300e+04 4.305458e+00
1.766400e+04 4.000738e+00
1.766500e+04 3.467780e+00
1.766600e+04 2.483232e+00
1.766700e+04 1.271512e+00
1.766800e+04 -2.311634e-01
1.766900e+04 -1.653307e+00
1.767000e+04 -2.958997e+00
1.767100e+04 -3.760139e+00
1.767200e+04 -4.088830e+00
1.767300e+04 -3.698593e+00
1.767400e+04 -2.807965e+00
1.767500e+04 -1.378539e+00
1.767600e+04 1.981478e-01
1.767700e+04 1.834380e+00
1.767800e+04 3.098984e+00
1.767900e+04 3.963234e+00
1.768000e+04 4.123566e+00
1.768100e+04 3.731547e+00
1.768200e+04 2.723322e+00
1.768300e+04 1.446271e+00
1.768400e+04 -3.627694e-02
1.768500e+04 -1.328887e+00
1.768600e+04 -2.429209e+00
1.768700e+04 -3.084855e+00
1.768800e+04 -3.454716e+00
1.768900e+04 -3.480293e+00
1.769000e+04 -3.438820e+00
1.769100e+04 -3.290955e+00
1.769200e+04 -3.278849e+00
1.769300e+04 -3.288895e+00
1.769400e+04 -3.455987e+00
1.769500e+04 -3.590842e+00
1.769600e+04 -3.787965e+00
1.769700e+04 -3.891264e+00
1.769800e+04 -4.029398e+00
1.769900e+04 -4.072217e+00
1.770000e+04 -4.161754e+00
1.770100e+04 -4.163681e+00
1.770200e+04 -4.186893e+00
1.770300e+04 -4.084374e+00
1.770400e+04 -3.974428e+00
1.770500e+04 -3.758361e+00
1.770600e+04 -3.602200e+00
1.770700e+04 -3.458064e+00
1.770800e+04 -3.487801e+00
1.770900e+04 -3.587457e+00
1.771000e+04 -3.804857e+00
1.771100e+04 -3.922712e+00
1.771200e+04 -3.890553e+00
1.771300e+04 -3.477131e+00
1.771400e+04 -2.706042e+00
1.771500e+04 -1.509956e+00
1.771600e+04 -1.034505e-01
1.771700e+04 1.392313e+00
1.771800e+04 2.644175e+00
1.771900e+04 3.504092e+00
1.772000e+04 3.755866e+00
1.772100e+04 3.414488e+00
1.772200e+04 2.460826e+00
1.772300e+04 1.123321e+00
1.772400e+04 -4.465942e-01
1.772500e+04 -1.946114e+00
1.772600e+04 -3.200836e+00
1.772700e+04 -3.976039e+00
1.772800e+04 -4.188464e+00
1.772900e+04 -3.751226e+00
1.773000e+04 -2.780426e+00
1.773100e+04 -1.374119e+00
1.773200e+04 2.186010e-01
1.773300e+04 1.788339e+00
1.773400e+04 3.083151e+00
1.773500e+04 3.983665e+00
1.773600e+04 4.412033e+00
1.773700e+04 4.452011e+00
1.773800e+04 4.227729e+00
1.773900e+04 3.935416e+00
1.774000e+04 3.709371e+00
1.774100e+04 3.633774e+00
1.774200e+04 3.669872e+00
1.774300e+04 3.715629e+00
1.774400e+04 3.603217e+00
1.774500e+04 3.186183e+00
1.774600e+04 2.399997e+00
1.774700e+04 1.270354e+00
1.774800e+04 -7.627410e-02
1.774900e+04 -1.459121e+00
1.775000e+04 -2.674293e+00
1.775100e+04 -3.600139e+00
1.775200e+04 -4.163803e+00
1.775300e+04 -4.405711e+00
1.775400e+04 -4.407546e+00
1.775500e+04 -4.313620e+00
1.775600e+04 -4.197196e+00
1.775700e+04 -4.141195e+00
1.775800e+04 -4.130365e+00
1.775900e+04 -4.164246e+00
1.776000e+04 -4.184085e+00
1.776100e+04 -4.158251e+00
1.776200e+04 -4.150734e+00
1.776300e+04 -4.112891e+00
1.776400e+04 -4.154922e+00
1.776500e+04 -4.203248e+00
1.776600e+04 -4.305904e+00
1.776700e+04 -4.294344e+00
1.776800e+04 -4.152964e+00
1.776900e+04 -3.677401e+00
1.777000e+04 -2.911377e+00
1.777100e+04 -1.760165e+00
1.777200e+04 -4.392500e-01
1.777300e+04 9.948325e-01
1.777400e+04 2.200144e+00
1.777500e+04 3.097095e+00
1.777600e+04 3.395221e+00
1.777700e+04 3.182239e+00
1.777800e+04 2.361745e+00
1.777900e+04 1.235656e+00
1.778000e+04 -1.521187e-01
1.778100e+04 -1.416198e+00
1.778200e+04 -2.550917e+00
1.778300e+04 -3.278228e+00
1.778400e+04 -3.759149e+00
1.778500e+04 -3.851062e+00
1.778600e+04 -3.858167e+00
1.778700e+04 -3.682635e+00
1.778800e+04 -3.623255e+00
1.778900e+04 -3.510283e+00
1.779000e+04 -3.582790e+00
1.779100e+04 -3.603603e+00
1.779200e+04 -3.776023e+00
1.779300e+04 -3.822140e+00
1.779400e+04 -3.990536e+00
1.779500e+04 -4.012602e+00
1.779600e+04 -4.151710e+00
1.779700e+04 -4.135190e+00
1.779800e+04 -4.244636e+00
1.779900e+04 -4.197244e+00
1.780000e+04 -4.283836e+00
1.780100e+04 -4.209168e+00
1.780200e+04 -4.301011e+00
1.780300e+04 -4.247729e+00
1.780400e+04 -4.368867e+00
1.780500e+04 -4.318541e+00
1.780600e+04 -4.417512e+00
1.780700e+04 -4.298293e+00
1.780800e+04 -4.295712e+00
1.780900e+04 -4.071218e+00
1.781000e+04 -4.029689e+00
1.781100e+04 -3.835975e+00
1.781200e+04 -3.903868e+00
1.781300e+04 -3.844840e+00
1.781400e+04 -4.001864e+00
1.781500e+04 -3.877506e+00
1.781600e+04 -3.768286e+00
1.781700e+04 -3.166063e+00
1.781800e+04 -2.451118e+00
1.781900e+04 -1.233284e+00
1.782000e+04 -6.043398e-02
1.782100e+04 1.343573e+00
1.782200e+04 2.363699e+00
1.782300e+04 3.342736e+00
1.782400e+04 3.769762e+00
1.782500e+04 4.144865e+00
1.782600e+04 4.105575e+00
1.782700e+04 4.245345e+00
1.782800e+04 4.160986e+00
1.782900e+04 4.364989e+00
1.783000e+04 4.308859e+00
1.783100e+04 4.373726e+00
1.783200e+04 3.929705e+00
1.783300e+04 3.405220e+00
1.783400e+04 2.268317e+00
1.783500e+04 1.113587e+00
1.783600e+04 -4.319383e-01
1.783700e+04 -1.653004e+00
1.783800e+04 -2.922106e+00
1.783900e+04 -3.604232e+00
1.784000e+04 -4.221884e+00
1.784100e+04 -4.288225e+00
1.784200e+04 -4.481697e+00
1.784300e+04 -4.365727e+00
1.784400e+04 -4.575888e+00
1.784500e+04 -4.571949e+00
1.784600e+04 -4.855586e+00
1.784700e+04 -4.729788e+00
1.784800e+04 -4.641172e+00
1.784900e+04 -3.905075e+00
1.785000e+04 -3.045705e+00
1.785100e+04 -1.538753e+00
1.785200e+04 -1.152410e-01
1.785300e+04 1.608276e+00
1.785400e+04 2.812174e+00
1.785500e+04 3.867977e+00
1.785600e+04 4.047269e+00
1.785700e+04 3.905860e+00
1.785800e+04 2.899429e+00
1.785900e+04 1.774609e+00
1.786000e+04 1.453126e-01
1.786100e+04 -1.173208e+00
1.786200e+04 -2.604088e+00
1.786300e+04 -3.434815e+00
1.786400e+04 -4.213939e+00
1.786500e+04 -4.371801e+00
1.786600e+04 -4.601911e+00
1.786700e+04 -4.389631e+00
1.786800e+04 -4.422705e+00
1.786900e+04 -4.159322e+00
1.787000e+04 -4.218015e+00
1.787100e+04 -4.004184e+00
1.787200e+04 -4.104239e+00
1.787300e+04 -3.902579e+00
1.787400e+04 -4.006247e+00
1.787500e+04 -3.837934e+00
1.787600e+04 -3.993731e+00
1.787700e+04 -3.881844e+00
1.787800e+04 -4.051547e+00
1.787900e+04 -3.835010e+00
1.788000e+04 -3.734913e+00
1.788100e+04 -3.081507e+00
1.788200e+04 -2.392338e+00
1.788300e+04 -1.105260e+00
1.788400e+04 1.180379e-01
1.788500e+04 1.685380e+00
1.788600e+04 2.824663e+00
1.788700e+04 3.896351e+00
1.788800e+04 4.158629e+00
1.788900e+04 4.082330e+00
1.789000e+04 3.147319e+00
1.789100e+04 2.029097e+00
1.789200e+04 3.900273e-01
1.789300e+04 -9.823769e-01
1.789400e+04 -2.400928e+00
1.789500e+04 -3.180921e+00
1.789600e+04 -3.799465e+00
1.789700e+04 -3.784663e+00
1.789800e+04 -3.777247e+00
1.789900e+04 -3.423438e+00
1.790000e+04 -3.367624e+00
1.790100e+04 -3.186890e+00
1.790200e+04 -3.359114e+00
1.790300e+04 -3.296152e+00
1.790400e+04 -3.347143e+00
1.790500e+04 -2.884982e+00
1.790600e+04 -2.278979e+00
1.790700e+04 -1.065768e+00
1.790800e+04 1.890085e-01
1.790900e+04 1.751557e+00
1.791000e+04 2.933213e+00
1.791100e+04 3.933503e+00
1.791200e+04 4.144902e+00
1.791300e+04 3.940139e+00
1.791400e+04 2.948117e+00
1.791500e+04 1.740337e+00
1.791600e+04 1.349490e-01
1.791700e+04 -1.236712e+00
1.791800e+04 -2.582132e+00
1.791900e+04 -3.401697e+00
1.792000e+04 -4.045727e+00
1.792100e+04 -4.233704e+00
1.792200e+04 -4.347732e+00
1.792300e+04 -4.221140e+00
1.792400e+04 -4.198437e+00
1.792500e+04 -4.070047e+00
1.792600e+04 -4.096501e+00
1.792700e+04 -4.026766e+00
1.792800e+04 -4.077491e+00
1.792900e+04 -4.015502e+00
1.793000e+04 -4.055411e+00
1.793100e+04 -3.992050e+00
1.793200e+04 -4.028634e+00
1.793300e+04 -3.968416e+00
1.793400e+04 -3.993470e+00
1.793500e+04 -3.906282e+00
1.793600e+04 -3.870881e+00
1.793700e+04 -3.738402e+00
1.793800e+04 -3.678690e+00
1.793900e+04 -3.555465e+00
1.794000e+04 -3.538553e+00
1.794100e+04 -3.496842e+00
1.794200e+04 -3.550528e+00
1.794300e+04 -3.560508e+00
1.794400e+04 -3.625134e+00
1.794500e+04 -3.620338e+00
1.794600e+04 -3.652094e+00
1.794700e+04 -3.633837e+00
1.794800e+04 -3.668423e+00
1.794900e+04 -3.680163e+00
1.795000e+04 -3.752635e+00
1.795100e+04 -3.795308e+00
1.795200e+04 -3.860092e+00
1.795300e+04 -3.880866e+00
1.795400e+04 -3.908897e+00
1.795500e+04 -3.899042e+00
1.795600e+04 -3.922162e+00
1.795700e+04 -3.954886e+00
1.795800e+04 -4.033491e+00
1.795900e+04 -4.115310e+00
1.796000e+04 -4.226669e+00
1.796100e+04 -4.322484e+00
1.796200e+04 -4.403813e+00
1.796300e+04 -4.464199e+00
1.796400e+04 -4.515816e+00
1.796500e+04 -4.539216e+00
1.796600e+04 -4.510200e+00
1.796700e+04 -4.362184e+00
1.796800e+04 -4.019551e+00
1.796900e+04 -3.421897e+00
1.797000e+04 -2.517694e+00
1.797100e+04 -1.340947e+00
1.797200e+04 1.808310e-02
1.797300e+04 1.383367e+00
1.797400e+04 2.566933e+00
1.797500e+04 3.350329e+00
1.797600e+04 3.624713e+00
1.797700e+04 3.317072e+00
1.797800e+04 2.500617e+00
1.797900e+04 1.298855e+00
1.798000e+04 -6.150463e-02
1.798100e+04 -1.398643e+00
1.798200e+04 -2.516525e+00
1.798300e+04 -3.347230e+00
1.798400e+04 -3.829718e+00
1.798500e+04 -4.047768e+00
1.798600e+04 -4.081133e+00
1.798700e+04 -4.059174e+00
1.798800e+04 -4.034680e+00
1.798900e+04 -4.073184e+00
1.799000e+04 -4.114257e+00
1.799100e+04 -4.100294e+00
1.799200e+04 -3.911939e+00
1.799300e+04 -3.476837e+00
1.799400e+04 -2.720111e+00
1.799500e+04 -1.693004e+00
1.799600e+04 -4.721770e-01
1.799700e+04 7.831954e-01
1.799800e+04 1.919581e+00
1.799900e+04 2.802098e+00
1.800000e+04 3.379084e+00
1.800100e+04 3.662171e+00
1.800200e+04 3.747593e+00
1.800300e+04 3.770353e+00
1.800400e+04 3.833045e+00
1.800500e+04 3.982934e+00
1.800600e+04 4.169910e+00
1.800700e+04 4.295056e+00
1.800800e+04 4.168492e+00
1.800900e+04 3.671083e+00
1.801000e+04 2.722821e+00
1.801100e+04 1.400436e+00
1.801200e+04 -1.785601e-01
1.801300e+04 -1.730852e+00
1.801400e+04 -3.068045e+00
1.801500e+04 -3.966082e+00
1.801600e+04 -4.413999e+00
1.801700e+04 -4.412479e+00
1.801800e+04 -4.200016e+00
1.801900e+04 -3.898279e+00
1.802000e+04 -3.751890e+00
1.802100e+04 -3.753295e+00
1.802200e+04 -3.945665e+00
1.802300e+04 -4.089379e+00
1.802400e+04 -4.102901e+00
1.802500e+04 -3.701787e+00
1.802600e+04 -2.920694e+00
1.802700e+04 -1.677428e+00
1.802800e+04 -2.500151e-01
1.802900e+04 1.281661e+00
1.803000e+04 2.559364e+00
1.803100e+04 3.570297e+00
1.803200e+04 4.088757e+00
1.803300e+04 4.343543e+00
1.803400e+04 4.289990e+00
1.803500e+04 4.251276e+00
1.803600e+04 4.160254e+00
1.803700e+04 4.251786e+00
1.803800e+04 4.270868e+00
1.803900e+04 4.306727e+00
1.804000e+04 4.004038e+00
1.804100e+04 3.482450e+00
1.804200e+04 2.481766e+00
1.804300e+04 1.308918e+00
1.804400e+04 -1.397072e-01
1.804500e+04 -1.431008e+00
1.804600e+04 -2.663491e+00
1.804700e+04 -3.458666e+00
1.804800e+04 -4.069042e+00
1.804900e+04 -4.253128e+00
1.805000e+04 -4.393440e+00
1.805100e+04 -4.286633e+00
1.805200e+04 -4.314389e+00
1.805300e+04 -4.192282e+00
1.805400e+04 -4.246401e+00
1.805500e+04 -4.120320e+00
1.805600e+04 -4.138035e+00
1.805700e+04 -3.964939e+00
1.805800e+04 -3.982213e+00
1.805900e+04 -3.855233e+00
1.806000e+04 -3.975119e+00
1.806100e+04 -3.946763e+00
1.806200e+04 -4.092732e+00
1.806300e+04 -3.927669e+00
1.806400e+04 -3.742869e+00
1.806500e+04 -3.049236e+00
1.806600e+04 -2.232943e+00
1.806700e+04 -9.148664e-01
1.806800e+04 3.601956e-01
1.806900e+04 1.855568e+00
1.807000e+04 2.934413e+00
1.807100e+04 3.848250e+00
1.807200e+04 3.999462e+00
1.807300e+04 3.790546e+00
1.807400e+04 2.775021e+00
1.807500e+04 1.544358e+00
1.807600e+04 -1.785285e-01
1.807700e+04 -1.658998e+00
1.807800e+04 -3.135297e+00
1.807900e+04 -3.890760e+00
1.808000e+04 -4.209653e+00
1.808100e+04 -3.880706e+00
1.808200e+04 -2.920301e+00
1.808300e+04 -1.647515e+00
1.808400e+04 -1.407036e-01
1.808500e+04 1.224984e+00
1.808600e+04 2.419460e+00
1.808700e+04 3.185315e+00
1.808800e+04 3.680434e+00
1.808900e+04 3.804805e+00
1.809000e+04 3.827760e+00
1.809100e+04 3.701009e+00
1.809200e+04 3.676176e+00
1.809300e+04 3.620291e+00
1.809400e+04 3.702656e+00
1.809500e+04 3.713634e+00
1.809600e+04 3.812621e+00
1.809700e+04 3.808746e+00
1.809800e+04 3.893475e+00
1.809900e+04 3.911252e+00
1.810000e+04 4.066653e+00
1.810100e+04 4.156307e+00
1.810200e+04 4.308069e+00
1.810300e+04 4.239819e+00
1.810400e+04 4.049544e+00
1.810500e+04 3.459207e+00
1.810600e+04 2.640840e+00
1.810700e+04 1.454203e+00
1.810800e+04 2.129250e-01
1.810900e+04 -1.129285e+00
1.811000e+04 -2.219365e+00
1.811100e+04 -3.145174e+00
1.811200e+04 -3.661572e+00
1.811300e+04 -3.996193e+00
1.811400e+04 -4.021086e+00
1.811500e+04 -4.031944e+00
1.811600e+04 -3.903843e+00
1.811700e+04 -3.880446e+00
1.811800e+04 -3.764933e+00
1.811900e+04 -3.742768e+00
1.812000e+04 -3.593714e+00
1.812100e+04 -3.525048e+00
1.812200e+04 -3.365730e+00
1.812300e+04 -3.362167e+00
1.812400e+04 -3.349484e+00
1.812500e+04 -3.528404e+00
1.812600e+04 -3.651512e+00
1.812700e+04 -3.805807e+00
1.812800e+04 -3.651591e+00
1.812900e+04 -3.279341e+00
1.813000e+04 -2.421609e+00
1.813100e+04 -1.287919e+00
1.813200e+04 1.918890e-01
1.813300e+04 1.627846e+00
1.813400e+04 2.973109e+00
1.813500e+04 3.811517e+00
1.813600e+04 4.171894e+00
1.813700e+04 3.811049e+00
1.813800e+04 2.966797e+00
1.813900e+04 1.613972e+00
1.814000e+04 1.549335e-01
1.814100e+04 -1.354247e+00
1.814200e+04 -2.537297e+00
1.814300e+04 -3.444655e+00
1.814400e+04 -3.881746e+00
1.814500e+04 -4.080219e+00
1.814600e+04 -3.992854e+00
1.814700e+04 -3.923356e+00
1.814800e+04 -3.813607e+00
1.814900e+04 -3.857402e+00
1.815000e+04 -3.861516e+00
1.815100e+04 -3.882228e+00
1.815200e+04 -3.638021e+00
1.815300e+04 -3.178669e+00
1.815400e+04 -2.324723e+00
1.815500e+04 -1.257010e+00
1.815600e+04 4.555863e-02
1.815700e+04 1.286091e+00
1.815800e+04 2.439240e+00
1.815900e+04 3.261103e+00
1.816000e+04 3.829715e+00
1.816100e+04 4.050243e+00
1.816200e+04 4.114976e+00
1.816300e+04 4.002825e+00
1.816400e+04 3.909965e+00
1.816500e+04 3.780564e+00
1.816600e+04 3.733792e+00
1.816700e+04 3.676547e+00
1.816800e+04 3.690348e+00
1.816900e+04 3.673583e+00
1.817000e+04 3.728546e+00
1.817100e+04 3.781621e+00
1.817200e+04 3.910492e+00
1.817300e+04 4.025296e+00
1.817400e+04 4.177772e+00
1.817500e+04 4.264827e+00
1.817600e+04 4.311905e+00
1.817700e+04 4.263263e+00
1.817800e+04 4.201389e+00
1.817900e+04 4.106979e+00
1.818000e+04 4.071758e+00
1.818100e+04 4.070427e+00
1.818200e+04 4.111858e+00
1.818300e+04 4.071528e+00
1.818400e+04 3.870446e+00
1.818500e+04 3.371023e+00
1.818600e+04 2.519065e+00
1.818700e+04 1.304542e+00
1.818800e+04 -1.461749e-01
1.818900e+04 -1.655690e+00
1.819000e+04 -2.975354e+00
1.819100e+04 -3.878701e+00
1.819200e+04 -4.201544e+00
1.819300e+04 -3.884627e+00
1.819400e+04 -2.997657e+00
1.819500e+04 -1.698928e+00
1.819600e+04 -2.295730e-01
1.819700e+04 1.200474e+00
1.819800e+04 2.389396e+00
1.819900e+04 3.265708e+00
1.820000e+04 3.785223e+00
1.820100e+04 4.040287e+00
1.820200e+04 4.086424e+00
1.820300e+04 4.058886e+00
1.820400e+04 3.986439e+00
1.820500e+04 3.951951e+00
1.820600e+04 3.917784e+00
1.820700e+04 3.928155e+00
1.820800e+04 3.900346e+00
1.820900e+04 3.891227e+00
1.821000e+04 3.837930e+00
1.821100e+04 3.798127e+00
1.821200e+04 3.702580e+00
1.821300e+04 3.627626e+00
1.821400e+04 3.499406e+00
1.821500e+04 3.411961e+00
1.821600e+04 3.306477e+00
1.821700e+04 3.294625e+00
1.821800e+04 3.312666e+00
1.821900e+04 3.459320e+00
1.822000e+04 3.627496e+00
1.822100e+04 3.874123e+00
1.822200e+04 4.063599e+00
1.822300e+04 4.253706e+00
1.822400e+04 4.315685e+00
1.822500e+04 4.370278e+00
1.822600e+04 4.340926e+00
1.822700e+04 4.358869e+00
1.822800e+04 4.337214e+00
1.822900e+04 4.389187e+00
1.823000e+04 4.373118e+00
1.823100e+04 4.370932e+00
1.823200e+04 4.258272e+00
1.823300e+04 4.161013e+00
1.823400e+04 3.993845e+00
1.823500e+04 3.939732e+00
1.823600e+04 3.917765e+00
1.823700e+04 4.041898e+00
1.823800e+04 4.133231e+00
1.823900e+04 4.194019e+00
1.824000e+04 3.973880e+00
1.824100e+04 3.435122e+00
1.824200e+04 2.513970e+00
1.824300e+04 1.260014e+00
1.824400e+04 -1.834100e-01
1.824500e+04 -1.617523e+00
1.824600e+04 -2.842715e+00
1.824700e+04 -3.727576e+00
1.824800e+04 -4.210761e+00
1.824900e+04 -4.337256e+00
1.825000e+04 -4.217241e+00
1.825100e+04 -4.005467e+00
1.825200e+04 -3.805267e+00
1.825300e+04 -3.707812e+00
1.825400e+04 -3.718092e+00
1.825500e+04 -3.817908e+00
1.825600e+04 -3.934008e+00
1.825700e+04 -4.046406e+00
1.825800e+04 -4.104316e+00
1.825900e+04 -4.122157e+00
1.826000e+04 -4.088699e+00
1.826100e+04 -4.042376e+00
1.826200e+04 -3.955977e+00
1.826300e+04 -3.869544e+00
1.826400e+04 -3.758264e+00
1.826500e+04 -3.652780e+00
1.826600e+04 -3.549482e+00
1.826700e+04 -3.510107e+00
1.826800e+04 -3.512502e+00
1.826900e+04 -3.585581e+00
1.827000e+04 -3.678992e+00
1.827100e+04 -3.794353e+00
1.827200e+04 -3.852594e+00
1.827300e+04 -3.878387e+00
1.827400e+04 -3.855118e+00
1.827500e+04 -3.849169e+00
1.827600e+04 -3.860304e+00
1.827700e+04 -3.940932e+00
1.827800e+04 -4.016814e+00
1.827900e+04 -4.037761e+00
1.828000e+04 -3.849238e+00
1.828100e+04 -3.382560e+00
1.828200e+04 -2.542439e+00
1.828300e+04 -1.392302e+00
1.828400e+04 -9.352565e-03
1.828500e+04 1.394797e+00
1.828600e+04 2.665211e+00
1.828700e+04 3.615699e+00
1.828800e+04 4.204262e+00
1.828900e+04 4.414108e+00
1.829000e+04 4.372600e+00
1.829100e+04 4.174867e+00
1.829200e+04 3.972604e+00
1.829300e+04 3.811125e+00
1.829400e+04 3.744411e+00
1.829500e+04 3.721373e+00
1.829600e+04 3.729684e+00
1.829700e+04 3.712073e+00
1.829800e+04 3.688699e+00
1.829900e+04 3.648682e+00
1.830000e+04 3.641330e+00
1.830100e+04 3.661923e+00
1.830200e+04 3.732537e+00
1.830300e+04 3.810080e+00
1.830400e+04 3.888351e+00
1.830500e+04 3.932165e+00
1.830600e+04 3.957265e+00
1.830700e+04 3.967566e+00
1.830800e+04 4.000380e+00
1.830900e+04 4.045317e+00
1.831000e+04 4.078198e+00
1.831100e+04 4.016622e+00
1.831200e+04 3.775501e+00
1.831300e+04 3.264675e+00
1.831400e+04 2.449310e+00
1.831500e+04 1.362382e+00
1.831600e+04 1.096513e-01
1.831700e+04 -1.146848e+00
1.831800e+04 -2.245886e+00
1.831900e+04 -3.057864e+00
1.832000e+04 -3.544924e+00
1.832100e+04 -3.734442e+00
1.832200e+04 -3.749609e+00
1.832300e+04 -3.707940e+00
1.832400e+04 -3.729601e+00
1.832500e+04 -3.837453e+00
1.832600e+04 -4.004262e+00
1.832700e+04 -4.082824e+00
1.832800e+04 -3.966918e+00
1.832900e+04 -3.513751e+00
1.833000e+04 -2.698790e+00
1.833100e+04 -1.547865e+00
1.833200e+04 -2.409508e-01
1.833300e+04 1.077390e+00
1.833400e+04 2.185899e+00
1.833500e+04 3.002981e+00
1.833600e+04 3.452276e+00
1.833700e+04 3.643254e+00
1.833800e+04 3.646955e+00
1.833900e+04 3.654214e+00
1.834000e+04 3.708607e+00
1.834100e+04 3.886830e+00
1.834200e+04 4.061485e+00
1.834300e+04 4.168182e+00
1.834400e+04 3.996035e+00
1.834500e+04 3.503726e+00
1.834600e+04 2.594988e+00
1.834700e+04 1.418064e+00
1.834800e+04 5.024326e-02
1.834900e+04 -1.231868e+00
1.835000e+04 -2.321394e+00
1.835100e+04 -3.031488e+00
1.835200e+04 -3.434787e+00
1.835300e+04 -3.516145e+00
1.835400e+04 -3.515061e+00
1.835500e+04 -3.491749e+00
1.835600e+04 -3.637839e+00
1.835700e+04 -3.874139e+00
1.835800e+04 -4.229879e+00
1.835900e+04 -4.441112e+00
1.836000e+04 -4.440710e+00
1.836100e+04 -3.986358e+00
1.836200e+04 -3.111516e+00
1.836300e+04 -1.741322e+00
1.836400e+04 -1.385683e-01
1.836500e+04 1.588131e+00
1.836600e+04 3.060334e+00
1.836700e+04 4.168452e+00
1.836800e+04 4.614467e+00
1.836900e+04 4.442514e+00
1.837000e+04 3.572803e+00
1.837100e+04 2.280267e+00
1.837200e+04 6.480082e-01
1.837300e+04 -9.272984e-01
1.837400e+04 -2.318450e+00
1.837500e+04 -3.181536e+00
1.837600e+04 -3.529634e+00
1.837700e+04 -3.186399e+00
1.837800e+04 -2.376472e+00
1.837900e+04 -1.124763e+00
1.838000e+04 2.094659e-01
1.838100e+04 1.554361e+00
1.838200e+04 2.589898e+00
1.838300e+04 3.359131e+00
1.838400e+04 3.702247e+00
1.838500e+04 3.861974e+00
1.838600e+04 3.802103e+00
1.838700e+04 3.799582e+00
1.838800e+04 3.789462e+00
1.838900e+04 3.942365e+00
1.839000e+04 4.039949e+00
1.839100e+04 4.116185e+00
1.839200e+04 3.877901e+00
1.839300e+04 3.398695e+00
1.839400e+04 2.486104e+00
1.839500e+04 1.362136e+00
1.839600e+04 3.383636e-03
1.839700e+04 -1.255532e+00
1.839800e+04 -2.422349e+00
1.839900e+04 -3.230566e+00
1.840000e+04 -3.789117e+00
1.840100e+04 -4.123964e+00
1.840200e+04 -4.250337e+00
1.840300e+04 -4.385278e+00
1.840400e+04 -4.467585e+00
1.840500e+04 -4.611841e+00
1.840600e+04 -4.630105e+00
1.840700e+04 -4.535967e+00
1.840800e+04 -4.098912e+00
1.840900e+04 -3.382257e+00
1.841000e+04 -2.261012e+00
1.841100e+04 -9.437640e-01
1.841200e+04 5.506737e-01
1.841300e+04 1.906278e+00
1.841400e+04 3.061244e+00
1.841500e+04 3.734082e+00
1.841600e+04 3.961288e+00
1.841700e+04 3.575523e+00
1.841800e+04 2.762112e+00
1.841900e+04 1.514047e+00
1.842000e+04 1.353290e-01
1.842100e+04 -1.294975e+00
1.842200e+04 -2.433633e+00
1.842300e+04 -3.238586e+00
1.842400e+04 -3.438260e+00
1.842500e+04 -3.130202e+00
1.842600e+04 -2.238959e+00
1.842700e+04 -1.026695e+00
1.842800e+04 4.469789e-01
1.842900e+04 1.822640e+00
1.843000e+04 3.012426e+00
1.843100e+04 3.705654e+00
1.843200e+04 3.939304e+00
1.843300e+04 3.548043e+00
1.843400e+04 2.711899e+00
1.843500e+04 1.429706e+00
1.843600e+04 1.339558e-02
1.843700e+04 -1.463908e+00
1.843800e+04 -2.647599e+00
1.843900e+04 -3.479766e+00
1.844000e+04 -3.715297e+00
1.844100e+04 -3.433970e+00
1.844200e+04 -2.552626e+00
1.844300e+04 -1.346760e+00
1.844400e+04 1.170483e-01
1.844500e+04 1.509308e+00
1.844600e+04 2.768984e+00
1.844700e+04 3.670701e+00
1.844800e+04 4.313936e+00
1.844900e+04 4.609510e+00
1.845000e+04 4.763592e+00
1.845100e+04 4.756941e+00
1.845200e+04 4.764890e+00
1.845300e+04 4.702956e+00
1.845400e+04 4.685881e+00
1.845500e+04 4.573065e+00
1.845600e+04 4.471416e+00
1.845700e+04 4.292260e+00
1.845800e+04 4.159093e+00
1.845900e+04 4.003473e+00
1.846000e+04 3.956682e+00
1.846100e+04 3.909978e+00
1.846200e+04 3.942341e+00
1.846300e+04 3.914554e+00
1.846400e+04 3.882611e+00
1.846500e+04 3.761003e+00
1.846600e+04 3.672054e+00
1.846700e+04 3.570374e+00
1.846800e+04 3.592680e+00
1.846900e+04 3.662459e+00
1.847000e+04 3.815340e+00
1.847100e+04 3.869326e+00
1.847200e+04 3.758295e+00
1.847300e+04 3.280004e+00
1.847400e+04 2.444901e+00
1.847500e+04 1.199509e+00
1.847600e+04 -2.584476e-01
1.847700e+04 -1.777535e+00
1.847800e+04 -3.035522e+00
1.847900e+04 -3.853743e+00
1.848000e+04 -4.006982e+00
1.848100e+04 -3.509839e+00
1.848200e+04 -2.394385e+00
1.848300e+04 -9.105986e-01
1.848400e+04 7.287208e-01
1.848500e+04 2.213146e+00
1.848600e+04 3.373445e+00
1.848700e+04 4.056140e+00
1.848800e+04 4.319634e+00
1.848900e+04 4.230046e+00
1.849000e+04 3.985314e+00
1.849100e+04 3.730537e+00
1.849200e+04 3.611888e+00
1.849300e+04 3.630131e+00
1.849400e+04 3.745176e+00
1.849500e+04 3.798060e+00
1.849600e+04 3.651249e+00
1.849700e+04 3.165289e+00
1.849800e+04 2.306398e+00
1.849900e+04 1.117599e+00
1.850000e+04 -2.475626e-01
1.850100e+04 -1.612611e+00
1.850200e+04 -2.784126e+00
1.850300e+04 -3.643044e+00
1.850400e+04 -4.156858e+00
1.850500e+04 -4.360062e+00
1.850600e+04 -4.355871e+00
1.850700e+04 -4.253737e+00
1.850800e+04 -4.149385e+00
1.850900e+04 -4.066908e+00
1.851000e+04 -4.010056e+00
1.851100e+04 -3.942199e+00
1.851200e+04 -3.858167e+00
1.851300e+04 -3.733752e+00
1.851400e+04 -3.632390e+00
1.851500e+04 -3.583459e+00
1.851600e+04 -3.641265e+00
1.851700e+04 -3.768148e+00
1.851800e+04 -3.923870e+00
1.851900e+04 -3.965159e+00
1.852000e+04 -3.805586e+00
1.852100e+04 -3.300800e+00
1.852200e+04 -2.459258e+00
1.852300e+04 -1.297261e+00
1.852400e+04 2.334839e-02
1.852500e+04 1.381635e+00
1.852600e+04 2.580050e+00
1.852700e+04 3.550162e+00
1.852800e+04 4.188642e+00
1.852900e+04 4.565775e+00
1.853000e+04 4.696074e+00
1.853100e+04 4.703074e+00
1.853200e+04 4.602148e+00
1.853300e+04 4.496330e+00
1.853400e+04 4.338663e+00
1.853500e+04 4.193719e+00
1.853600e+04 4.016312e+00
1.853700e+04 3.868621e+00
1.853800e+04 3.703990e+00
1.853900e+04 3.614037e+00
1.854000e+04 3.541981e+00
1.854100e+04 3.544532e+00
1.854200e+04 3.538628e+00
1.854300e+04 3.565371e+00
1.854400e+04 3.544540e+00
1.854500e+04 3.545830e+00
1.854600e+04 3.526477e+00
1.854700e+04 3.580855e+00
1.854800e+04 3.659430e+00
1.854900e+04 3.816400e+00
1.855000e+04 3.921856e+00
1.855100e+04 3.958070e+00
1.855200e+04 3.744086e+00
1.855300e+04 3.241945e+00
1.855400e+04 2.343134e+00
1.855500e+04 1.146390e+00
1.855600e+04 -3.155148e-01
1.855700e+04 -1.791659e+00
1.855800e+04 -3.138472e+00
1.855900e+04 -4.069659e+00
1.856000e+04 -4.463046e+00
1.856100e+04 -4.240453e+00
1.856200e+04 -3.376157e+00
1.856300e+04 -2.051974e+00
1.856400e+04 -4.158064e-01
1.856500e+04 1.209696e+00
1.856600e+04 2.626270e+00
1.856700e+04 3.538882e+00
1.856800e+04 3.891355e+00
1.856900e+04 3.566029e+00
1.857000e+04 2.711424e+00
1.857100e+04 1.421426e+00
1.857200e+04 -1.501083e-03
1.857300e+04 -1.422374e+00
1.857400e+04 -2.573691e+00
1.857500e+04 -3.427566e+00
1.857600e+04 -3.881592e+00
1.857700e+04 -4.093467e+00
1.857800e+04 -4.065854e+00
1.857900e+04 -4.002301e+00
1.858000e+04 -3.899286e+00
1.858100e+04 -3.893256e+00
1.858200e+04 -3.875545e+00
1.858300e+04 -3.906489e+00
1.858400e+04 -3.867451e+00
1.858500e+04 -3.847324e+00
1.858600e+04 -3.752274e+00
1.858700e+04 -3.730723e+00
1.858800e+04 -3.712255e+00
1.858900e+04 -3.799481e+00
1.859000e+04 -3.849717e+00
1.859100e+04 -3.872995e+00
1.859200e+04 -3.653531e+00
1.859300e+04 -3.200485e+00
1.859400e+04 -2.346548e+00
1.859500e+04 -1.211661e+00
1.859600e+04 2.004344e-01
1.859700e+04 1.609116e+00
1.859800e+04 2.906557e+00
1.859900e+04 3.789190e+00
1.860000e+04 4.194829e+00
1.860100e+04 3.941094e+00
1.860200e+04 3.154138e+00
1.860300e+04 1.845046e+00
1.860400e+04 3.014913e-01
1.860500e+04 -1.329123e+00
1.860600e+04 -2.696006e+00
1.860700e+04 -3.671693e+00
1.860800e+04 -4.004157e+00
1.860900e+04 -3.727524e+00
1.861000e+04 -2.801792e+00
1.861100e+04 -1.470132e+00
1.861200e+04 1.297110e-01
1.861300e+04 1.655981e+00
1.861400e+04 2.970573e+00
1.861500e+04 3.842416e+00
1.861600e+04 4.315128e+00
1.861700e+04 4.373586e+00
1.861800e+04 4.238499e+00
1.861900e+04 4.002385e+00
1.862000e+04 3.875855e+00
1.862100e+04 3.850093e+00
1.862200e+04 3.962321e+00
1.862300e+04 4.033317e+00
1.862400e+04 3.970805e+00
1.862500e+04 3.563149e+00
1.862600e+04 2.781662e+00
1.862700e+04 1.580351e+00
1.862800e+04 1.285635e-01
1.862900e+04 -1.423896e+00
1.863000e+04 -2.781714e+00
1.863100e+04 -3.754152e+00
1.863200e+04 -4.126256e+00
1.863300e+04 -3.866480e+00
1.863400e+04 -2.981689e+00
1.863500e+04 -1.658523e+00
1.863600e+04 -9.192538e-02
1.863700e+04 1.446509e+00
1.863800e+04 2.771296e+00
1.863900e+04 3.714662e+00
1.864000e+04 4.253567e+00
1.864100e+04 4.440787e+00
1.864200e+04 4.397352e+00
1.864300e+04 4.253227e+00
1.864400e+04 4.125908e+00
1.864500e+04 4.056822e+00
1.864600e+04 4.014536e+00
1.864700e+04 3.903537e+00
1.864800e+04 3.583516e+00
1.864900e+04 2.983858e+00
1.865000e+04 2.046680e+00
1.865100e+04 8.395904e-01
1.865200e+04 -5.274246e-01
1.865300e+04 -1.844660e+00
1.865400e+04 -2.972817e+00
1.865500e+04 -3.764137e+00
1.865600e+04 -4.221229e+00
1.865700e+04 -4.340583e+00
1.865800e+04 -4.295320e+00
1.865900e+04 -4.166190e+00
1.866000e+04 -4.099994e+00
1.866100e+04 -4.079517e+00
1.866200e+04 -4.124090e+00
1.866300e+04 -4.054659e+00
1.866400e+04 -3.820680e+00
1.866500e+04 -3.257173e+00
1.866600e+04 -2.401776e+00
1.866700e+04 -1.230608e+00
1.866800e+04 3.477371e-02
1.866900e+04 1.317636e+00
1.867000e+04 2.359634e+00
1.867100e+04 3.143067e+00
1.867200e+04 3.542883e+00
1.867300e+04 3.703059e+00
1.867400e+04 3.611031e+00
1.867500e+04 3.496284e+00
1.867600e+04 3.341072e+00
1.867700e+04 3.309286e+00
1.867800e+04 3.285740e+00
1.867900e+04 3.364674e+00
1.868000e+04 3.389490e+00
1.868100e+04 3.477639e+00
1.868200e+04 3.507680e+00
1.868300e+04 3.648798e+00
1.868400e+04 3.782766e+00
1.868500e+04 4.042647e+00
1.868600e+04 4.217720e+00
1.868700e+04 4.336004e+00
1.868800e+04 4.132955e+00
1.868900e+04 3.660147e+00
1.869000e+04 2.713688e+00
1.869100e+04 1.509834e+00
1.869200e+04 3.382170e-02
1.869300e+04 -1.354408e+00
1.869400e+04 -2.631857e+00
1.869500e+04 -3.485778e+00
1.869600e+04 -4.019840e+00
1.869700e+04 -4.112256e+00
1.869800e+04 -4.053512e+00
1.869900e+04 -3.797563e+00
1.870000e+04 -3.645498e+00
1.870100e+04 -3.488967e+00
1.870200e+04 -3.521555e+00
1.870300e+04 -3.528373e+00
1.870400e+04 -3.648719e+00
1.870500e+04 -3.669779e+00
1.870600e+04 -3.786232e+00
1.870700e+04 -3.834135e+00
1.870800e+04 -4.031477e+00
1.870900e+04 -4.182700e+00
1.871000e+04 -4.421231e+00
1.871100e+04 -4.444149e+00
1.871200e+04 -4.328955e+00
1.871300e+04 -3.773131e+00
1.871400e+04 -2.927746e+00
1.871500e+04 -1.648067e+00
1.871600e+04 -2.674901e-01
1.871700e+04 1.225591e+00
1.871800e+04 2.433955e+00
1.871900e+04 3.417218e+00
1.872000e+04 3.930936e+00
1.872100e+04 4.163186e+00
1.872200e+04 4.075883e+00
1.872300e+04 3.938459e+00
1.872400e+04 3.727990e+00
1.872500e+04 3.645841e+00
1.872600e+04 3.575373e+00
1.872700e+04 3.616567e+00
1.872800e+04 3.600914e+00
1.872900e+04 3.645218e+00
1.873000e+04 3.617675e+00
1.873100e+04 3.682791e+00
1.873200e+04 3.744023e+00
1.873300e+04 3.932266e+00
1.873400e+04 4.069718e+00
1.873500e+04 4.194300e+00
1.873600e+04 4.042472e+00
1.873700e+04 3.629133e+00
1.873800e+04 2.770922e+00
1.873900e+04 1.615262e+00
1.874000e+04 1.550249e-01
1.874100e+04 -1.288150e+00
1.874200e+04 -2.615349e+00
1.874300e+04 -3.481391e+00
1.874400e+04 -3.852484e+00
1.874500e+04 -3.562878e+00
1.874600e+04 -2.766335e+00
1.874700e+04 -1.476409e+00
1.874800e+04 -1.399636e-02
1.874900e+04 1.499803e+00
1.875000e+04 2.732817e+00
1.875100e+04 3.602703e+00
1.875200e+04 3.868202e+00
1.875300e+04 3.587906e+00
1.875400e+04 2.710398e+00
1.875500e+04 1.461177e+00
1.875600e+04 -6.115067e-02
1.875700e+04 -1.529886e+00
1.875800e+04 -2.828675e+00
1.875900e+04 -3.724185e+00
1.876000e+04 -4.244688e+00
1.876100e+04 -4.347967e+00
1.876200e+04 -4.252032e+00
1.876300e+04 -4.039719e+00
1.876400e+04 -3.927181e+00
1.876500e+04 -3.914077e+00
1.876600e+04 -4.036304e+00
1.876700e+04 -4.117361e+00
1.876800e+04 -4.061447e+00
1.876900e+04 -3.641999e+00
1.877000e+04 -2.836285e+00
1.877100e+04 -1.623137e+00
1.877200e+04 -1.810317e-01
1.877300e+04 1.328436e+00
1.877400e+04 2.633162e+00
1.877500e+04 3.608582e+00
1.877600e+04 4.148875e+00
1.877700e+04 4.323448e+00
1.877800e+04 4.237885e+00
1.877900e+04 4.089908e+00
1.878000e+04 3.993573e+00
1.878100e+04 4.023349e+00
1.878200e+04 4.128403e+00
1.878300e+04 4.204724e+00
1.878400e+04 4.071791e+00
1.878500e+04 3.602458e+00
1.878600e+04 2.747804e+00
1.878700e+04 1.541668e+00
1.878800e+04 1.257329e-01
1.878900e+04 -1.316745e+00
1.879000e+04 -2.584281e+00
1.879100e+04 -3.556047e+00
1.879200e+04 -4.158296e+00
1.879300e+04 -4.447080e+00
1.879400e+04 -4.481574e+00
1.879500e+04 -4.409400e+00
1.879600e+04 -4.290680e+00
1.879700e+04 -4.227342e+00
1.879800e+04 -4.193624e+00
1.879900e+04 -4.210776e+00
1.880000e+04 -4.199712e+00
1.880100e+04 -4.208407e+00
1.880200e+04 -4.166297e+00
1.880300e+04 -4.144555e+00
1.880400e+04 -4.098212e+00
1.880500e+04 -4.097039e+00
1.880600e+04 -4.065544e+00
1.880700e+04 -4.062177e+00
1.880800e+04 -3.984748e+00
1.880900e+04 -3.924420e+00
1.881000e+04 -3.820144e+00
1.881100e+04 -3.789986e+00
1.881200e+04 -3.769775e+00
1.881300e+04 -3.858092e+00
1.881400e+04 -3.904624e+00
1.881500e+04 -3.920940e+00
1.881600e+04 -3.697752e+00
1.881700e+04 -3.226448e+00
1.881800e+04 -2.334263e+00
1.881900e+04 -1.168002e+00
1.882000e+04 2.799355e-01
1.882100e+04 1.697216e+00
1.882200e+04 2.983555e+00
1.882300e+04 3.803236e+00
1.882400e+04 4.116610e+00
1.882500e+04 3.737133e+00
1.882600e+04 2.857706e+00
1.882700e+04 1.479186e+00
1.882800e+04 -4.661870e-02
1.882900e+04 -1.610552e+00
1.883000e+04 -2.843528e+00
1.883100e+04 -3.709838e+00
1.883200e+04 -3.938519e+00
1.883300e+04 -3.651074e+00
1.883400e+04 -2.753870e+00
1.883500e+04 -1.518540e+00
1.883600e+04 2.507544e-02
1.883700e+04 1.497059e+00
1.883800e+04 2.836781e+00
1.883900e+04 3.679260e+00
1.884000e+04 4.034673e+00
1.884100e+04 3.685692e+00
1.884200e+04 2.827515e+00
1.884300e+04 1.418691e+00
1.884400e+04 -1.559799e-01
1.884500e+04 -1.802059e+00
1.884600e+04 -3.097789e+00
1.884700e+04 -3.986293e+00
1.884800e+04 -4.161130e+00
1.884900e+04 -3.786399e+00
1.885000e+04 -2.786874e+00
1.885100e+04 -1.513057e+00
1.885200e+04 -4.094982e-02
1.885300e+04 1.225034e+00
1.885400e+04 2.287487e+00
1.885500e+04 2.888214e+00
1.885600e+04 3.219292e+00
1.885700e+04 3.221741e+00
1.885800e+04 3.215594e+00
1.885900e+04 3.162065e+00
1.886000e+04 3.315260e+00
1.886100e+04 3.498817e+00
1.886200e+04 3.784452e+00
1.886300e+04 3.861207e+00
1.886400e+04 3.756477e+00
1.886500e+04 3.194546e+00
1.886600e+04 2.325357e+00
1.886700e+04 1.073146e+00
1.886800e+04 -2.397629e-01
1.886900e+04 -1.581974e+00
1.887000e+04 -2.610173e+00
1.887100e+04 -3.374794e+00
1.887200e+04 -3.697238e+00
1.887300e+04 -3.806551e+00
1.887400e+04 -3.681579e+00
1.887500e+04 -3.623374e+00
1.887600e+04 -3.586122e+00
1.887700e+04 -3.748675e+00
1.887800e+04 -3.908453e+00
1.887900e+04 -4.080696e+00
1.888000e+04 -3.983832e+00
1.888100e+04 -3.554625e+00
1.888200e+04 -2.749791e+00
1.888300e+04 -1.580617e+00
1.888400e+04 -2.137645e-01
1.888500e+04 1.181081e+00
1.888600e+04 2.403861e+00
1.888700e+04 3.324623e+00
1.888800e+04 3.879272e+00
1.888900e+04 4.132401e+00
1.889000e+04 4.192016e+00
1.889100e+04 4.188009e+00
1.889200e+04 4.239707e+00
1.889300e+04 4.386356e+00
1.889400e+04 4.589178e+00
1.889500e+04 4.712663e+00
1.889600e+04 4.626297e+00
1.889700e+04 4.178254e+00
1.889800e+04 3.317906e+00
1.889900e+04 2.054497e+00
1.890000e+04 5.568324e-01
1.890100e+04 -1.001159e+00
1.890200e+04 -2.333257e+00
1.890300e+04 -3.247663e+00
1.890400e+04 -3.547384e+00
1.890500e+04 -3.236599e+00
1.890600e+04 -2.322861e+00
1.890700e+04 -1.026815e+00
1.890800e+04 4.741201e-01
1.890900e+04 1.881428e+00
1.891000e+04 3.061587e+00
1.891100e+04 3.827687e+00
1.891200e+04 4.235055e+00
1.891300e+04 4.286324e+00
1.891400e+04 4.198438e+00
1.891500e+04 4.046520e+00
1.891600e+04 4.033257e+00
1.891700e+04 4.120793e+00
1.891800e+04 4.344893e+00
1.891900e+04 4.487046e+00
1.892000e+04 4.491844e+00
1.892100e+04 4.107319e+00
1.892200e+04 3.348235e+00
1.892300e+04 2.142747e+00
1.892400e+04 7.175508e-01
1.892500e+04 -8.461384e-01
1.892600e+04 -2.224908e+00
1.892700e+04 -3.345329e+00
1.892800e+04 -3.998074e+00
1.892900e+04 -4.308571e+00
1.893000e+04 -4.241587e+00
1.893100e+04 -4.057993e+00
1.893200e+04 -3.788007e+00
1.893300e+04 -3.664469e+00
1.893400e+04 -3.610365e+00
1.893500e+04 -3.747539e+00
1.893600e+04 -3.894002e+00
1.893700e+04 -4.114582e+00
1.893800e+04 -4.228201e+00
1.893900e+04 -4.346939e+00
1.894000e+04 -4.341681e+00
1.894100e+04 -4.374951e+00
1.894200e+04 -4.332160e+00
1.894300e+04 -4.364972e+00
1.894400e+04 -4.329479e+00
1.894500e+04 -4.347469e+00
1.894600e+04 -4.250490e+00
1.894700e+04 -4.171611e+00
1.894800e+04 -3.966183e+00
1.894900e+04 -3.806394e+00
1.895000e+04 -3.584294e+00
1.895100e+04 -3.478774e+00
1.895200e+04 -3.385792e+00
1.895300e+04 -3.475283e+00
1.895400e+04 -3.580634e+00
1.895500e+04 -3.820068e+00
1.895600e+04 -3.996618e+00
1.895700e+04 -4.198173e+00
1.895800e+04 -4.229258e+00
1.895900e+04 -4.214911e+00
1.896000e+04 -4.019844e+00
1.896100e+04 -3.842863e+00
1.896200e+04 -3.605548e+00
1.896300e+04 -3.523896e+00
1.896400e+04 -3.493306e+00
1.896500e+04 -3.644786e+00
1.896600e+04 -3.767122e+00
1.896700e+04 -3.899009e+00
1.896800e+04 -3.754663e+00
1.896900e+04 -3.366699e+00
1.897000e+04 -2.554630e+00
1.897100e+04 -1.489882e+00
1.897200e+04 -1.445387e-01
1.897300e+04 1.170007e+00
1.897400e+04 2.410256e+00
1.897500e+04 3.293210e+00
1.897600e+04 3.895601e+00
1.897700e+04 4.106579e+00
1.897800e+04 4.144112e+00
1.897900e+04 4.009764e+00
1.898000e+04 3.947344e+00
1.898100e+04 3.884803e+00
1.898200e+04 3.930394e+00
1.898300e+04 3.873976e+00
1.898400e+04 3.716587e+00
1.898500e+04 3.224337e+00
1.898600e+04 2.445713e+00
1.898700e+04 1.287579e+00
1.898800e+04 -3.783572e-02
1.898900e+04 -1.465420e+00
1.899000e+04 -2.665379e+00
1.899100e+04 -3.535723e+00
1.899200e+04 -3.825325e+00
1.899300e+04 -3.548436e+00
1.899400e+04 -2.636352e+00
1.899500e+04 -1.321101e+00
1.899600e+04 2.810007e-01
1.899700e+04 1.829113e+00
1.899800e+04 3.154465e+00
1.899900e+04 3.955831e+00
1.900000e+04 4.166451e+00
1.900100e+04 3.684947e+00
1.900200e+04 2.654047e+00
1.900300e+04 1.161988e+00
1.900400e+04 -4.909691e-01
1.900500e+04 -2.108103e+00
1.900600e+04 -3.387863e+00
1.900700e+04 -4.198232e+00
1.900800e+04 -4.373212e+00
1.900900e+04 -3.945192e+00
1.901000e+04 -2.944839e+00
1.901100e+04 -1.570488e+00
1.901200e+04 9.186700e-03
1.901300e+04 1.522605e+00
1.901400e+04 2.778123e+00
1.901500e+04 3.565943e+00
1.901600e+04 3.796761e+00
1.901700e+04 3.417414e+00
1.901800e+04 2.502881e+00
1.901900e+04 1.172300e+00
1.902000e+04 -3.678944e-01
1.902100e+04 -1.896107e+00
1.902200e+04 -3.179400e+00
1.902300e+04 -4.033896e+00
1.902400e+04 -4.324170e+00
1.902500e+04 -3.995204e+00
1.902600e+04 -3.100882e+00
1.902700e+04 -1.759788e+00
1.902800e+04 -1.790358e-01
1.902900e+04 1.420537e+00
1.903000e+04 2.765196e+00
1.903100e+04 3.675600e+00
1.903200e+04 3.989205e+00
1.903300e+04 3.674753e+00
1.903400e+04 2.750226e+00
1.903500e+04 1.411908e+00
1.903600e+04 -1.679638e-01
1.903700e+04 -1.696363e+00
1.903800e+04 -2.966259e+00
1.903900e+04 -3.735224e+00
1.904000e+04 -3.932714e+00
1.904100e+04 -3.494463e+00
1.904200e+04 -2.500010e+00
1.904300e+04 -1.099802e+00
1.904400e+04 4.921663e-01
1.904500e+04 2.057218e+00
1.904600e+04 3.349596e+00
1.904700e+04 4.184964e+00
1.904800e+04 4.415412e+00
1.904900e+04 4.037393e+00
1.905000e+04 3.070765e+00
1.905100e+04 1.698155e+00
1.905200e+04 9.974861e-02
1.905300e+04 -1.447298e+00
1.905400e+04 -2.777640e+00
1.905500e+04 -3.697412e+00
1.905600e+04 -4.218977e+00
1.905700e+04 -4.342116e+00
1.905800e+04 -4.259613e+00
1.905900e+04 -4.064156e+00
1.906000e+04 -3.960154e+00
1.906100e+04 -3.931064e+00
1.906200e+04 -4.026233e+00
1.906300e+04 -4.048387e+00
1.906400e+04 -3.939108e+00
1.906500e+04 -3.476861e+00
1.906600e+04 -2.702999e+00
1.906700e+04 -1.552535e+00
1.906800e+04 -2.669713e-01
1.906900e+04 1.079948e+00
1.907000e+04 2.191699e+00
1.907100e+04 3.056920e+00
1.907200e+04 3.491972e+00
1.907300e+04 3.686687e+00
1.907400e+04 3.616686e+00
1.907500e+04 3.544813e+00
1.907600e+04 3.436516e+00
1.907700e+04 3.495605e+00
1.907800e+04 3.550726e+00
1.907900e+04 3.725347e+00
1.908000e+04 3.791689e+00
1.908100e+04 3.877634e+00
1.908200e+04 3.823638e+00
1.908300e+04 3.852118e+00
1.908400e+04 3.822747e+00
1.908500e+04 3.950864e+00
1.908600e+04 4.006042e+00
1.908700e+04 4.112335e+00
1.908800e+04 3.949846e+00
1.908900e+04 3.599533e+00
1.909000e+04 2.784712e+00
1.909100e+04 1.747198e+00
1.909200e+04 3.670003e-01
1.909300e+04 -9.568386e-01
1.909400e+04 -2.266326e+00
1.909500e+04 -3.165675e+00
1.909600e+04 -3.819590e+00
1.909700e+04 -4.019946e+00
1.909800e+04 -4.121178e+00
1.909900e+04 -4.012383e+00
1.910000e+04 -4.078301e+00
1.910100e+04 -4.117013e+00
1.910200e+04 -4.357584e+00
1.910300e+04 -4.399576e+00
1.910400e+04 -4.357380e+00
1.910500e+04 -3.809014e+00
1.910600e+04 -2.954982e+00
1.910700e+04 -1.545511e+00
1.910800e+04 -2.411008e-02
1.910900e+04 1.668188e+00
1.911000e+04 2.969500e+00
1.911100e+04 3.944430e+00
1.911200e+04 4.141323e+00
1.911300e+04 3.832050e+00
1.911400e+04 2.799726e+00
1.911500e+04 1.534849e+00
1.911600e+04 -4.469422e-02
1.911700e+04 -1.398416e+00
1.911800e+04 -2.663918e+00
1.911900e+04 -3.409785e+00
1.912000e+04 -3.955941e+00
1.912100e+04 -4.039660e+00
1.912200e+04 -4.091537e+00
1.912300e+04 -3.899598e+00
1.912400e+04 -3.893318e+00
1.912500e+04 -3.770765e+00
1.912600e+04 -3.834920e+00
1.912700e+04 -3.665033e+00
1.912800e+04 -3.504534e+00
1.912900e+04 -2.914124e+00
1.913000e+04 -2.192664e+00
1.913100e+04 -1.035666e+00
1.913200e+04 1.081910e-01
1.913300e+04 1.445774e+00
1.913400e+04 2.465105e+00
1.913500e+04 3.390799e+00
1.913600e+04 3.827165e+00
1.913700e+04 4.149808e+00
1.913800e+04 4.086987e+00
1.913900e+04 4.110856e+00
1.914000e+04 3.971392e+00
1.914100e+04 4.062287e+00
1.914200e+04 3.998738e+00
1.914300e+04 4.041885e+00
1.914400e+04 3.723873e+00
1.914500e+04 3.272807e+00
1.914600e+04 2.278877e+00
1.914700e+04 1.130371e+00
1.914800e+04 -4.026037e-01
1.914900e+04 -1.780063e+00
1.915000e+04 -3.118893e+00
1.915100e+04 -3.861748e+00
1.915200e+04 -4.204748e+00
1.915300e+04 -3.749725e+00
1.915400e+04 -2.886735e+00
1.915500e+04 -1.422332e+00
1.915600e+04 8.666474e-02
1.915700e+04 1.728065e+00
1.915800e+04 2.923460e+00
1.915900e+04 3.814385e+00
1.916000e+04 3.951656e+00
1.916100e+04 3.642805e+00
1.916200e+04 2.640176e+00
1.916300e+04 1.427680e+00
1.916400e+04 -1.123751e-01
1.916500e+04 -1.445604e+00
1.916600e+04 -2.710878e+00
1.916700e+04 -3.485421e+00
1.916800e+04 -4.050660e+00
1.916900e+04 -4.149105e+00
1.917000e+04 -4.190726e+00
1.917100e+04 -3.989116e+00
1.917200e+04 -3.941484e+00
1.917300e+04 -3.802303e+00
1.917400e+04 -3.868139e+00
1.917500e+04 -3.836058e+00
1.917600e+04 -3.953529e+00
1.917700e+04 -3.911825e+00
1.917800e+04 -4.007770e+00
1.917900e+04 -3.993454e+00
1.918000e+04 -4.155821e+00
1.918100e+04 -4.225475e+00
1.918200e+04 -4.408266e+00
1.918300e+04 -4.348745e+00
1.918400e+04 -4.178943e+00
1.918500e+04 -3.550011e+00
1.918600e+04 -2.670066e+00
1.918700e+04 -1.351069e+00
1.918800e+04 3.150439e-02
1.918900e+04 1.523936e+00
1.919000e+04 2.707963e+00
1.919100e+04 3.662677e+00
1.919200e+04 4.135641e+00
1.919300e+04 4.403822e+00
1.919400e+04 4.372565e+00
1.919500e+04 4.395274e+00
1.919600e+04 4.380238e+00
1.919700e+04 4.546372e+00
1.919800e+04 4.636895e+00
1.919900e+04 4.695312e+00
1.920000e+04 4.384736e+00
1.920100e+04 3.845202e+00
1.920200e+04 2.754840e+00
1.920300e+04 1.504024e+00
1.920400e+04 -4.467845e-02
1.920500e+04 -1.399790e+00
1.920600e+04 -2.669595e+00
1.920700e+04 -3.455137e+00
1.920800e+04 -4.022038e+00
1.920900e+04 -4.127169e+00
1.921000e+04 -4.159715e+00
1.921100e+04 -3.970423e+00
1.921200e+04 -3.922091e+00
1.921300e+04 -3.798717e+00
1.921400e+04 -3.869083e+00
1.921500e+04 -3.867364e+00
1.921600e+04 -4.006885e+00
1.921700e+04 -4.005588e+00
1.921800e+04 -4.103232e+00
1.921900e+04 -4.069862e+00
1.922000e+04 -4.135951e+00
1.922100e+04 -4.091887e+00
1.922200e+04 -4.150841e+00
1.922300e+04 -4.093707e+00
1.922400e+04 -4.114088e+00
1.922500e+04 -4.006106e+00
1.922600e+04 -3.964653e+00
1.922700e+04 -3.818724e+00
1.922800e+04 -3.761508e+00
1.922900e+04 -3.640614e+00
1.923000e+04 -3.625674e+00
1.923100e+04 -3.559550e+00
1.923200e+04 -3.601506e+00
1.923300e+04 -3.609426e+00
1.923400e+04 -3.722363e+00
1.923500e+04 -3.823908e+00
1.923600e+04 -4.034527e+00
1.923700e+04 -4.208992e+00
1.923800e+04 -4.388583e+00
1.923900e+04 -4.381328e+00
1.924000e+04 -4.180994e+00
1.924100e+04 -3.601611e+00
1.924200e+04 -2.680607e+00
1.924300e+04 -1.390576e+00
1.924400e+04 8.368325e-02
1.924500e+04 1.598158e+00
1.924600e+04 2.875823e+00
1.924700e+04 3.743385e+00
1.924800e+04 4.008319e+00
1.924900e+04 3.659580e+00
1.925000e+04 2.752165e+00
1.925100e+04 1.452986e+00
1.925200e+04 -2.201450e-02
1.925300e+04 -1.452860e+00
1.925400e+04 -2.649307e+00
1.925500e+04 -3.533173e+00
1.925600e+04 -4.062011e+00
1.925700e+04 -4.312580e+00
1.925800e+04 -4.335035e+00
1.925900e+04 -4.281759e+00
1.926000e+04 -4.168705e+00
1.926100e+04 -4.109145e+00
1.926200e+04 -4.056125e+00
1.926300e+04 -4.075078e+00
1.926400e+04 -4.070096e+00
1.926500e+04 -4.137938e+00
1.926600e+04 -4.171326e+00
1.926700e+04 -4.271304e+00
1.926800e+04 -4.327294e+00
1.926900e+04 -4.449899e+00
1.927000e+04 -4.489651e+00
1.927100e+04 -4.544032e+00
1.927200e+04 -4.465839e+00
1.927300e+04 -4.410158e+00
1.927400e+04 -4.239246e+00
1.927500e+04 -4.153054e+00
1.927600e+04 -4.030802e+00
1.927700e+04 -4.050386e+00
1.927800e+04 -4.010163e+00
1.927900e+04 -4.014363e+00
1.928000e+04 -3.770825e+00
1.928100e+04 -3.355549e+00
1.928200e+04 -2.490654e+00
1.928300e+04 -1.372989e+00
1.928400e+04 1.154885e-01
1.928500e+04 1.579713e+00
1.928600e+04 2.992241e+00
1.928700e+04 3.896245e+00
1.928800e+04 4.326567e+00
1.928900e+04 3.964396e+00
1.929000e+04 3.101076e+00
1.929100e+04 1.667714e+00
1.929200e+04 1.449518e-01
1.929300e+04 -1.453159e+00
1.929400e+04 -2.674118e+00
1.929500e+04 -3.645442e+00
1.929600e+04 -4.093956e+00
1.929700e+04 -4.356898e+00
1.929800e+04 -4.285599e+00
1.929900e+04 -4.252603e+00
1.930000e+04 -4.075531e+00
1.930100e+04 -4.047043e+00
1.930200e+04 -3.892015e+00
1.930300e+04 -3.855391e+00
1.930400e+04 -3.645093e+00
1.930500e+04 -3.564911e+00
1.930600e+04 -3.389371e+00
1.930700e+04 -3.445050e+00
1.930800e+04 -3.491158e+00
1.930900e+04 -3.795538e+00
1.931000e+04 -3.996139e+00
1.931100e+04 -4.241730e+00
1.931200e+04 -4.110528e+00
1.931300e+04 -3.759962e+00
1.931400e+04 -2.850117e+00
1.931500e+04 -1.704931e+00
1.931600e+04 -1.793410e-01
1.931700e+04 1.250490e+00
1.931800e+04 2.625696e+00
1.931900e+04 3.444164e+00
1.932000e+04 3.836261e+00
1.932100e+04 3.468799e+00
1.932200e+04 2.645730e+00
1.932300e+04 1.234534e+00
1.932400e+04 -2.845821e-01
1.932500e+04 -1.938178e+00
1.932600e+04 -3.223891e+00
1.932700e+04 -4.198521e+00
1.932800e+04 -4.453312e+00
1.932900e+04 -4.195482e+00
1.933000e+04 -3.218476e+00
1.933100e+04 -1.895552e+00
1.933200e+04 -1.869659e-01
1.933300e+04 1.411548e+00
1.933400e+04 2.889583e+00
1.933500e+04 3.800175e+00
1.933600e+04 4.225923e+00
1.933700e+04 3.887844e+00
1.933800e+04 3.067252e+00
1.933900e+04 1.685938e+00
1.934000e+04 1.663930e-01
1.934100e+04 -1.452667e+00
1.934200e+04 -2.736332e+00
1.934300e+04 -3.688140e+00
1.934400e+04 -3.981719e+00
1.934500e+04 -3.769225e+00
1.934600e+04 -2.913281e+00
1.934700e+04 -1.709051e+00
1.934800e+04 -1.704559e-01
1.934900e+04 1.308475e+00
1.935000e+04 2.663037e+00
1.935100e+04 3.546312e+00
1.935200e+04 3.954942e+00
1.935300e+04 3.676651e+00
1.935400e+04 2.884754e+00
1.935500e+04 1.566118e+00
1.935600e+04 3.441918e-02
1.935700e+04 -1.578082e+00
1.935800e+04 -2.907491e+00
1.935900e+04 -3.835509e+00
1.936000e+04 -4.116512e+00
1.936100e+04 -3.802234e+00
1.936200e+04 -2.856722e+00
1.936300e+04 -1.538917e+00
1.936400e+04 2.079600e-02
1.936500e+04 1.500979e+00
1.936600e+04 2.783142e+00
1.936700e+04 3.649990e+00
1.936800e+04 4.158679e+00
1.936900e+04 4.289638e+00
1.937000e+04 4.218884e+00
1.937100e+04 4.015506e+00
1.937200e+04 3.858502e+00
1.937300e+04 3.745423e+00
1.937400e+04 3.753611e+00
1.937500e+04 3.792436e+00
1.937600e+04 3.867502e+00
1.937700e+04 3.909544e+00
1.937800e+04 3.949539e+00
1.937900e+04 3.958652e+00
1.938000e+04 3.996342e+00
1.938100e+04 4.035070e+00
1.938200e+04 4.071959e+00
1.938300e+04 3.998714e+00
1.938400e+04 3.731029e+00
1.938500e+04 3.175347e+00
1.938600e+04 2.286733e+00
1.938700e+04 1.078648e+00
1.938800e+04 -3.300979e-01
1.938900e+04 -1.756734e+00
1.939000e+04 -2.992162e+00
1.939100e+04 -3.819153e+00
1.939200e+04 -4.108427e+00
1.939300e+04 -3.787395e+00
1.939400e+04 -2.924534e+00
1.939500e+04 -1.635749e+00
1.939600e+04 -1.598278e-01
1.939700e+04 1.302927e+00
1.939800e+04 2.498800e+00
1.939900e+04 3.300028e+00
1.940000e+04 3.537080e+00
1.940100e+04 3.237405e+00
1.940200e+04 2.401765e+00
1.940300e+04 1.206254e+00
1.940400e+04 -2.299752e-01
1.940500e+04 -1.615772e+00
1.940600e+04 -2.803005e+00
1.940700e+04 -3.512898e+00
1.940800e+04 -3.703946e+00
1.940900e+04 -3.263899e+00
1.941000e+04 -2.341896e+00
1.941100e+04 -1.000859e+00
1.941200e+04 4.451890e-01
1.941300e+04 1.875060e+00
1.941400e+04 3.000173e+00
1.941500e+04 3.818463e+00
1.941600e+04 4.200249e+00
1.941700e+04 4.317045e+00
1.941800e+04 4.161133e+00
1.941900e+04 3.976781e+00
1.942000e+04 3.738537e+00
1.942100e+04 3.630828e+00
1.942200e+04 3.545660e+00
1.942300e+04 3.610054e+00
1.942400e+04 3.653666e+00
1.942500e+04 3.794792e+00
1.942600e+04 3.889095e+00
1.942700e+04 4.063586e+00
1.942800e+04 4.160638e+00
1.942900e+04 4.318350e+00
1.943000e+04 4.354494e+00
1.943100e+04 4.405218e+00
1.943200e+04 4.312750e+00
1.943300e+04 4.236297e+00
1.943400e+04 4.042101e+00
1.943500e+04 3.941734e+00
1.943600e+04 3.795867e+00
1.943700e+04 3.785869e+00
1.943800e+04 3.740862e+00
1.943900e+04 3.797414e+00
1.944000e+04 3.760560e+00
1.944100e+04 3.801734e+00
1.944200e+04 3.742424e+00
1.944300e+04 3.775289e+00
1.944400e+04 3.741275e+00
1.944500e+04 3.810029e+00
1.944600e+04 3.755025e+00
1.944700e+04 3.666456e+00
1.944800e+04 3.269428e+00
1.944900e+04 2.682562e+00
1.945000e+04 1.698962e+00
1.945100e+04 5.617980e-01
1.945200e+04 -7.811618e-01
1.945300e+04 -1.982005e+00
1.945400e+04 -3.060877e+00
1.945500e+04 -3.733156e+00
1.945600e+04 -4.163460e+00
1.945700e+04 -4.209463e+00
1.945800e+04 -4.170144e+00
1.945900e+04 -3.987603e+00
1.946000e+04 -3.931739e+00
1.946100e+04 -3.865184e+00
1.946200e+04 -3.953930e+00
1.946300e+04 -3.968262e+00
1.946400e+04 -4.057267e+00
1.946500e+04 -4.022520e+00
1.946600e+04 -4.053776e+00
1.946700e+04 -4.022641e+00
1.946800e+04 -4.146589e+00
1.946900e+04 -4.242192e+00
1.947000e+04 -4.433199e+00
1.947100e+04 -4.443788e+00
1.947200e+04 -4.304965e+00
1.947300e+04 -3.739052e+00
1.947400e+04 -2.874760e+00
1.947500e+04 -1.580504e+00
1.947600e+04 -1.521493e-01
1.947700e+04 1.378496e+00
1.947800e+04 2.652040e+00
1.947900e+04 3.671647e+00
1.948000e+04 4.214580e+00
1.948100e+04 4.464797e+00
1.948200e+04 4.381385e+00
1.948300e+04 4.262785e+00
1.948400e+04 4.090856e+00
1.948500e+04 4.074539e+00
1.948600e+04 4.061985e+00
1.948700e+04 4.088156e+00
1.948800e+04 3.873242e+00
1.948900e+04 3.430839e+00
1.949000e+04 2.559131e+00
1.949100e+04 1.400115e+00
1.949200e+04 -3.502768e-02
1.949300e+04 -1.422034e+00
1.949400e+04 -2.649286e+00
1.949500e+04 -3.391986e+00
1.949600e+04 -3.603522e+00
1.949700e+04 -3.145109e+00
1.949800e+04 -2.183233e+00
1.949900e+04 -7.707350e-01
1.950000e+04 7.788409e-01
1.950100e+04 2.310281e+00
1.950200e+04 3.516316e+00
1.950300e+04 4.301480e+00
1.950400e+04 4.491703e+00
1.950500e+04 4.146760e+00
1.950600e+04 3.264177e+00
1.950700e+04 2.043382e+00
1.950800e+04 6.036049e-01
1.950900e+04 -8.121310e-01
1.951000e+04 -2.098786e+00
1.951100e+04 -3.089092e+00
1.951200e+04 -3.788701e+00
1.951300e+04 -4.196682e+00
1.951400e+04 -4.420893e+00
1.951500e+04 -4.518723e+00
1.951600e+04 -4.599429e+00
1.951700e+04 -4.660292e+00
1.951800e+04 -4.684848e+00
1.951900e+04 -4.578109e+00
1.952000e+04 -4.246436e+00
1.952100e+04 -3.539484e+00
1.952200e+04 -2.524513e+00
1.952300e+04 -1.140952e+00
1.952400e+04 3.701671e-01
1.952500e+04 1.912609e+00
1.952600e+04 3.146896e+00
1.952700e+04 3.973309e+00
1.952800e+04 4.146614e+00
1.952900e+04 3.757593e+00
1.953000e+04 2.763338e+00
1.953100e+04 1.452442e+00
1.953200e+04 -7.052296e-02
1.953300e+04 -1.462822e+00
1.953400e+04 -2.673398e+00
1.953500e+04 -3.479325e+00
1.953600e+04 -3.992907e+00
1.953700e+04 -4.144519e+00
1.953800e+04 -4.161018e+00
1.953900e+04 -4.010631e+00
1.954000e+04 -3.898552e+00
1.954100e+04 -3.728856e+00
1.954200e+04 -3.639532e+00
1.954300e+04 -3.475849e+00
1.954400e+04 -3.374835e+00
1.954500e+04 -3.221787e+00
1.954600e+04 -3.189376e+00
1.954700e+04 -3.183612e+00
1.954800e+04 -3.370729e+00
1.954900e+04 -3.579977e+00
1.955000e+04 -3.882624e+00
1.955100e+04 -4.000743e+00
1.955200e+04 -3.927471e+00
1.955300e+04 -3.413314e+00
1.955400e+04 -2.563306e+00
1.955500e+04 -1.268481e+00
1.955600e+04 1.719675e-01
1.955700e+04 1.712262e+00
1.955800e+04 2.993413e+00
1.955900e+04 4.002034e+00
1.956000e+04 4.519423e+00
1.956100e+04 4.728241e+00
1.956200e+04 4.569475e+00
1.956300e+04 4.345885e+00
1.956400e+04 4.044919e+00
1.956500e+04 3.907617e+00
1.956600e+04 3.802479e+00
1.956700e+04 3.875806e+00
1.956800e+04 3.920179e+00
1.956900e+04 4.046009e+00
1.957000e+04 4.089559e+00
1.957100e+04 4.220823e+00
1.957200e+04 4.292042e+00
1.957300e+04 4.462387e+00
1.957400e+04 4.523901e+00
1.957500e+04 4.545335e+00
1.957600e+04 4.253192e+00
1.957700e+04 3.705781e+00
1.957800e+04 2.705574e+00
1.957900e+04 1.464661e+00
1.958000e+04 -3.451967e-02
1.958100e+04 -1.431130e+00
1.958200e+04 -2.689476e+00
1.958300e+04 -3.505334e+00
1.958400e+04 -3.987938e+00
1.958500e+04 -4.052209e+00
1.958600e+04 -4.003686e+00
1.958700e+04 -3.842835e+00
1.958800e+04 -3.855421e+00
1.958900e+04 -3.919975e+00
1.959000e+04 -4.123611e+00
1.959100e+04 -4.162156e+00
1.959200e+04 -4.025604e+00
1.959300e+04 -3.433959e+00
1.959400e+04 -2.510174e+00
1.959500e+04 -1.177001e+00
1.959600e+04 2.473313e-01
1.959700e+04 1.714262e+00
1.959800e+04 2.881451e+00
1.959900e+04 3.788987e+00
1.960000e+04 4.265769e+00
1.960100e+04 4.508331e+00
1.960200e+04 4.474488e+00
1.960300e+04 4.428062e+00
1.960400e+04 4.302436e+00
1.960500e+04 4.277732e+00
1.960600e+04 4.204686e+00
1.960700e+04 4.201324e+00
1.960800e+04 4.103578e+00
1.960900e+04 4.056612e+00
1.961000e+04 3.951365e+00
1.961100e+04 3.962566e+00
1.961200e+04 3.980785e+00
1.961300e+04 4.132991e+00
1.961400e+04 4.218591e+00
1.961500e+04 4.276967e+00
1.961600e+04 4.058443e+00
1.961700e+04 3.582663e+00
1.961800e+04 2.676153e+00
1.961900e+04 1.504291e+00
1.962000e+04 5.241275e-02
1.962100e+04 -1.367680e+00
1.962200e+04 -2.652349e+00
1.962300e+04 -3.474997e+00
1.962400e+04 -3.815790e+00
1.962500e+04 -3.497856e+00
1.962600e+04 -2.691589e+00
1.962700e+04 -1.436201e+00
1.962800e+04 -5.144015e-02
1.962900e+04 1.352158e+00
1.963000e+04 2.479914e+00
1.963100e+04 3.332860e+00
1.963200e+04 3.774055e+00
1.963300e+04 3.974982e+00
1.963400e+04 3.955239e+00
1.963500e+04 3.937999e+00
1.963600e+04 3.914531e+00
1.963700e+04 4.011088e+00
1.963800e+04 4.074158e+00
1.963900e+04 4.090889e+00
1.964000e+04 3.834398e+00
1.964100e+04 3.277555e+00
1.964200e+04 2.282951e+00
1.964300e+04 9.910448e-01
1.964400e+04 -5.506401e-01
1.964500e+04 -2.046665e+00
1.964600e+04 -3.342367e+00
1.964700e+04 -4.152893e+00
1.964800e+04 -4.414423e+00
1.964900e+04 -4.003138e+00
1.965000e+04 -3.067941e+00
1.965100e+04 -1.694923e+00
1.965200e+04 -1.700534e-01
1.965300e+04 1.336841e+00
1.965400e+04 2.528787e+00
1.965500e+04 3.311617e+00
1.965600e+04 3.521873e+00
1.965700e+04 3.195916e+00
1.965800e+04 2.334590e+00
1.965900e+04 1.134353e+00
1.966000e+04 -2.921612e-01
1.966100e+04 -1.678539e+00
1.966200e+04 -2.873252e+00
1.966300e+04 -3.640777e+00
1.966400e+04 -3.911510e+00
1.966500e+04 -3.580742e+00
1.966600e+04 -2.730968e+00
1.966700e+04 -1.430808e+00
1.966800e+04 8.677435e-02
1.966900e+04 1.640137e+00
1.967000e+04 2.942286e+00
1.967100e+04 3.840580e+00
1.967200e+04 4.152642e+00
1.967300e+04 3.861266e+00
1.967400e+04 2.986496e+00
1.967500e+04 1.716020e+00
1.967600e+04 2.173703e-01
1.967700e+04 -1.239787e+00
1.967800e+04 -2.486903e+00
1.967900e+04 -3.354043e+00
1.968000e+04 -3.820150e+00
1.968100e+04 -3.974184e+00
1.968200e+04 -3.869067e+00
1.968300e+04 -3.753792e+00
1.968400e+04 -3.660171e+00
1.968500e+04 -3.745277e+00
1.968600e+04 -3.863912e+00
1.968700e+04 -4.002616e+00
1.968800e+04 -3.900551e+00
1.968900e+04 -3.511649e+00
1.969000e+04 -2.638824e+00
1.969100e+04 -1.427839e+00
1.969200e+04 1.039819e-01
1.969300e+04 1.615838e+00
1.969400e+04 2.977947e+00
1.969500e+04 3.825007e+00
1.969600e+04 4.124948e+00
1.969700e+04 3.719273e+00
1.969800e+04 2.809204e+00
1.969900e+04 1.430237e+00
1.970000e+04 -5.128062e-02
1.970100e+04 -1.538202e+00
1.970200e+04 -2.706153e+00
1.970300e+04 -3.592471e+00
1.970400e+04 -4.037930e+00
1.970500e+04 -4.248569e+00
1.970600e+04 -4.210762e+00
1.970700e+04 -4.202094e+00
1.970800e+04 -4.178757e+00
1.970900e+04 -4.333484e+00
1.971000e+04 -4.480052e+00
1.971100e+04 -4.658466e+00
1.971200e+04 -4.568265e+00
1.971300e+04 -4.213567e+00
1.971400e+04 -3.350362e+00
1.971500e+04 -2.134965e+00
1.971600e+04 -5.282140e-01
1.971700e+04 1.106848e+00
1.971800e+04 2.649018e+00
1.971900e+04 3.687864e+00
1.972000e+04 4.188148e+00
1.972100e+04 3.907041e+00
1.972200e+04 3.056328e+00
1.972300e+04 1.665193e+00
1.972400e+04 1.351576e-01
1.972500e+04 -1.415053e+00
1.972600e+04 -2.617645e+00
1.972700e+04 -3.500113e+00
1.972800e+04 -3.890969e+00
1.972900e+04 -4.036227e+00
1.973000e+04 -3.940987e+00
1.973100e+04 -3.898315e+00
1.973200e+04 -3.868846e+00
1.973300e+04 -4.023913e+00
1.973400e+04 -4.155911e+00
1.973500e+04 -4.285821e+00
1.973600e+04 -4.113907e+00
1.973700e+04 -3.666906e+00
1.973800e+04 -2.770683e+00
1.973900e+04 -1.611029e+00
1.974000e+04 -1.857560e-01
1.974100e+04 1.184223e+00
1.974200e+04 2.448561e+00
1.974300e+04 3.343007e+00
1.974400e+04 3.938803e+00
1.974500e+04 4.136306e+00
1.974600e+04 4.149611e+00
1.974700e+04 3.972822e+00
1.974800e+04 3.828312e+00
1.974900e+04 3.661685e+00
1.975000e+04 3.618515e+00
1.975100e+04 3.570515e+00
1.975200e+04 3.598745e+00
1.975300e+04 3.597240e+00
1.975400e+04 3.680197e+00
1.975500e+04 3.753628e+00
1.975600e+04 3.930875e+00
1.975700e+04 4.095139e+00
1.975800e+04 4.271974e+00
1.975900e+04 4.261117e+00
1.976000e+04 4.039318e+00
1.976100e+04 3.434188e+00
1.976200e+04 2.491767e+00
1.976300e+04 1.192859e+00
1.976400e+04 -2.448606e-01
1.976500e+04 -1.699215e+00
1.976600e+04 -2.875833e+00
1.976700e+04 -3.660210e+00
1.976800e+04 -3.874247e+00
1.976900e+04 -3.533502e+00
1.977000e+04 -2.649414e+00
1.977100e+04 -1.421549e+00
1.977200e+04 1.197380e-02
1.977300e+04 1.389999e+00
1.977400e+04 2.556798e+00
1.977500e+04 3.305617e+00
1.977600e+04 3.548437e+00
1.977700e+04 3.225144e+00
1.977800e+04 2.405246e+00
1.977900e+04 1.168671e+00
1.978000e+04 -2.866637e-01
1.978100e+04 -1.756218e+00
1.978200e+04 -3.009562e+00
1.978300e+04 -3.861712e+00
1.978400e+04 -4.155066e+00
1.978500e+04 -3.835850e+00
1.978600e+04 -2.949305e+00
1.978700e+04 -1.607139e+00
1.978800e+04 -1.133311e-02
1.978900e+04 1.606993e+00
1.979000e+04 2.986278e+00
1.979100e+04 3.944055e+00
1.979200e+04 4.315395e+00
1.979300e+04 4.068603e+00
1.979400e+04 3.224396e+00
1.979500e+04 1.956946e+00
1.979600e+04 4.218211e-01
1.979700e+04 -1.118272e+00
1.979800e+04 -2.500567e+00
1.979900e+04 -3.537792e+00
1.980000e+04 -4.224291e+00
1.980100e+04 -4.520279e+00
1.980200e+04 -4.572245e+00
1.980300e+04 -4.441432e+00
1.980400e+04 -4.299987e+00
1.980500e+04 -4.150376e+00
1.980600e+04 -4.090676e+00
1.980700e+04 -4.030966e+00
1.980800e+04 -4.022621e+00
1.980900e+04 -3.965512e+00
1.981000e+04 -3.945171e+00
1.981100e+04 -3.897862e+00
1.981200e+04 -3.936622e+00
1.981300e+04 -3.969113e+00
1.981400e+04 -4.047099e+00
1.981500e+04 -3.983291e+00
1.981600e+04 -3.770741e+00
1.981700e+04 -3.211894e+00
1.981800e+04 -2.373119e+00
1.981900e+04 -1.186721e+00
1.982000e+04 1.137872e-01
1.982100e+04 1.465493e+00
1.982200e+04 2.577188e+00
1.982300e+04 3.429051e+00
1.982400e+04 3.842882e+00
1.982500e+04 3.984365e+00
1.982600e+04 3.840839e+00
1.982700e+04 3.673377e+00
1.982800e+04 3.483436e+00
1.982900e+04 3.478567e+00
1.983000e+04 3.550640e+00
1.983100e+04 3.791741e+00
1.983200e+04 3.991866e+00
1.983300e+04 4.233348e+00
1.983400e+04 4.336372e+00
1.983500e+04 4.416543e+00
1.983600e+04 4.352186e+00
1.983700e+04 4.312900e+00
1.983800e+04 4.189321e+00
1.983900e+04 4.140125e+00
1.984000e+04 4.044671e+00
1.984100e+04 3.987309e+00
1.984200e+04 3.948229e+00
1.984300e+04 3.929833e+00
1.984400e+04 3.930939e+00
1.984500e+04 3.950670e+00
1.984600e+04 3.974830e+00
1.984700e+04 3.988340e+00
1.984800e+04 3.987404e+00
1.984900e+04 3.977065e+00
1.985000e+04 3.985751e+00
1.985100e+04 4.043202e+00
1.985200e+04 4.182736e+00
1.985300e+04 4.384148e+00
1.985400e+04 4.613582e+00
1.985500e+04 4.751550e+00
1.985600e+04 4.670409e+00
1.985700e+04 4.232142e+00
1.985800e+04 3.387454e+00
1.985900e+04 2.113989e+00
1.986000e+04 5.607092e-01
1.986100e+04 -1.088386e+00
1.986200e+04 -2.549128e+00
1.986300e+04 -3.604293e+00
1.986400e+04 -4.024770e+00
1.986500e+04 -3.782504e+00
1.986600e+04 -2.880467e+00
1.986700e+04 -1.518484e+00
1.986800e+04 1.173122e-01
1.986900e+04 1.704194e+00
1.987000e+04 3.053295e+00
1.987100e+04 3.903894e+00
1.987200e+04 4.204116e+00
1.987300e+04 3.849209e+00
1.987400e+04 2.965399e+00
1.987500e+04 1.607341e+00
1.987600e+04 5.275822e-02
1.987700e+04 -1.554181e+00
1.987800e+04 -2.877434e+00
1.987900e+04 -3.799168e+00
1.988000e+04 -4.089691e+00
1.988100e+04 -3.795430e+00
1.988200e+04 -2.853740e+00
1.988300e+04 -1.536501e+00
1.988400e+04 4.907000e-02
1.988500e+04 1.532381e+00
1.988600e+04 2.800415e+00
1.988700e+04 3.533509e+00
1.988800e+04 3.762496e+00
1.988900e+04 3.334017e+00
1.989000e+04 2.463900e+00
1.989100e+04 1.142524e+00
1.989200e+04 -2.848223e-01
1.989300e+04 -1.763776e+00
1.989400e+04 -2.924117e+00
1.989500e+04 -3.756762e+00
1.989600e+04 -3.964362e+00
1.989700e+04 -3.679812e+00
1.989800e+04 -2.764002e+00
1.989900e+04 -1.532882e+00
1.990000e+04 1.106596e-02
1.990100e+04 1.442235e+00
1.990200e+04 2.762654e+00
1.990300e+04 3.619179e+00
1.990400e+04 4.163749e+00
1.990500e+04 4.237395e+00
1.990600e+04 4.187868e+00
1.990700e+04 3.938112e+00
1.990800e+04 3.856444e+00
1.990900e+04 3.773463e+00
1.991000e+04 3.913638e+00
1.991100e+04 3.919179e+00
1.991200e+04 3.878702e+00
1.991300e+04 3.401046e+00
1.991400e+04 2.659991e+00
1.991500e+04 1.388865e+00
1.991600e+04 -2.203023e-02
1.991700e+04 -1.640121e+00
1.991800e+04 -2.946438e+00
1.991900e+04 -3.978175e+00
1.992000e+04 -4.270195e+00
1.992100e+04 -4.047486e+00
1.992200e+04 -3.057618e+00
1.992300e+04 -1.744898e+00
1.992400e+04 -4.371720e-02
1.992500e+04 1.469557e+00
1.992600e+04 2.839535e+00
1.992700e+04 3.557607e+00
1.992800e+04 3.835636e+00
1.992900e+04 3.333775e+00
1.993000e+04 2.473074e+00
1.993100e+04 1.104275e+00
1.993200e+04 -2.393222e-01
1.993300e+04 -1.689889e+00
1.993400e+04 -2.748992e+00
1.993500e+04 -3.665690e+00
1.993600e+04 -4.075314e+00
1.993700e+04 -4.371227e+00
1.993800e+04 -4.290796e+00
1.993900e+04 -4.283796e+00
1.994000e+04 -4.080145e+00
1.994100e+04 -4.091240e+00
1.994200e+04 -3.986187e+00
1.994300e+04 -4.119903e+00
1.994400e+04 -4.099268e+00
1.994500e+04 -4.270987e+00
1.994600e+04 -4.241558e+00
1.994700e+04 -4.353913e+00
1.994800e+04 -4.226872e+00
1.994900e+04 -4.236974e+00
1.995000e+04 -4.020425e+00
1.995100e+04 -3.965746e+00
1.995200e+04 -3.718311e+00
1.995300e+04 -3.691859e+00
1.995400e+04 -3.523578e+00
1.995500e+04 -3.598948e+00
1.995600e+04 -3.532630e+00
1.995700e+04 -3.685924e+00
1.995800e+04 -3.643275e+00
1.995900e+04 -3.773829e+00
1.996000e+04 -3.694429e+00
1.996100e+04 -3.803426e+00
1.996200e+04 -3.745514e+00
1.996300e+04 -3.937549e+00
1.996400e+04 -3.990266e+00
1.996500e+04 -4.245003e+00
1.996600e+04 -4.241739e+00
1.996700e+04 -4.259219e+00
1.996800e+04 -3.800456e+00
1.996900e+04 -3.186060e+00
1.997000e+04 -2.033353e+00
1.997100e+04 -7.881157e-01
1.997200e+04 7.849548e-01
1.997300e+04 2.109264e+00
1.997400e+04 3.361404e+00
1.997500e+04 3.984190e+00
1.997600e+04 4.240784e+00
1.997700e+04 3.722389e+00
1.997800e+04 2.854390e+00
1.997900e+04 1.402288e+00
1.998000e+04 -6.668329e-02
1.998100e+04 -1.684967e+00
1.998200e+04 -2.867465e+00
1.998300e+04 -3.792902e+00
1.998400e+04 -3.971581e+00
1.998500e+04 -3.732044e+00
1.998600e+04 -2.791541e+00
1.998700e+04 -1.638640e+00
1.998800e+04 -1.151608e-01
1.998900e+04 1.220146e+00
1.999000e+04 2.532359e+00
1.999100e+04 3.376481e+00
1.999200e+04 4.055969e+00
1.999300e+04 4.263337e+00
1.999400e+04 4.420225e+00
1.999500e+04 4.301526e+00
1.999600e+04 4.309926e+00
1.999700e+04 4.175531e+00
1.999800e+04 4.229625e+00
1.999900e+04 4.141070e+00
2.000000e+04 4.171969e+00
2.000100e+04 4.092690e+00
2.000200e+04 4.040496e+00
2.000300e+04 3.923107e+00
2.000400e+04 3.873646e+00
2.000500e+04 3.816277e+00
2.000600e+04 3.844622e+00
2.000700e+04 3.867449e+00
2.000800e+04 3.950853e+00
2.000900e+04 3.975414e+00
2.001000e+04 4.001083e+00
2.001100e+04 3.961270e+00
2.001200e+04 3.929338e+00
2.001300e+04 3.867329e+00
2.001400e+04 3.861966e+00
2.001500e+04 3.871538e+00
2.001600e+04 3.943054e+00
2.001700e+04 4.023995e+00
2.001800e+04 4.122659e+00
2.001900e+04 4.172545e+00
2.002000e+04 4.182996e+00
2.002100e+04 4.127627e+00
2.002200e+04 4.045361e+00
2.002300e+04 3.940543e+00
2.002400e+04 3.854868e+00
2.002500e+04 3.826376e+00
2.002600e+04 3.867681e+00
2.002700e+04 3.977729e+00
2.002800e+04 4.135314e+00
2.002900e+04 4.322436e+00
2.003000e+04 4.479663e+00
2.003100e+04 4.599351e+00
2.003200e+04 4.632179e+00
2.003300e+04 4.603509e+00
2.003400e+04 4.486885e+00
2.003500e+04 4.342934e+00
2.003600e+04 4.148557e+00
2.003700e+04 3.975701e+00
2.003800e+04 3.786985e+00
2.003900e+04 3.655828e+00
2.004000e+04 3.530260e+00
2.004100e+04 3.482750e+00
2.004200e+04 3.450834e+00
2.004300e+04 3.513002e+00
2.004400e+04 3.586929e+00
2.004500e+04 3.749757e+00
2.004600e+04 3.895184e+00
2.004700e+04 4.093314e+00
2.004800e+04 4.240086e+00
2.004900e+04 4.419740e+00
2.005000e+04 4.525560e+00
2.005100e+04 4.669425e+00
2.005200e+04 4.736906e+00
2.005300e+04 4.814184e+00
2.005400e+04 4.742943e+00
2.005500e+04 4.572937e+00
2.005600e+04 4.113650e+00
2.005700e+04 3.432858e+00
2.005800e+04 2.389617e+00
2.005900e+04 1.164138e+00
2.006000e+04 -2.623310e-01
2.006100e+04 -1.588369e+00
2.006200e+04 -2.750677e+00
2.006300e+04 -3.428493e+00
2.006400e+04 -3.640257e+00
2.006500e+04 -3.189318e+00
2.006600e+04 -2.268907e+00
2.006700e+04 -8.783067e-01
2.006800e+04 6.218572e-01
2.006900e+04 2.138903e+00
2.007000e+04 3.277233e+00
2.007100e+04 4.008849e+00
2.007200e+04 4.069908e+00
2.007300e+04 3.603089e+00
2.007400e+04 2.544496e+00
2.007500e+04 1.226746e+00
2.007600e+04 -3.003389e-01
2.007700e+04 -1.666264e+00
2.007800e+04 -2.859933e+00
2.007900e+04 -3.615813e+00
2.008000e+04 -4.098650e+00
2.008100e+04 -4.222551e+00
2.008200e+04 -4.263996e+00
2.008300e+04 -4.191840e+00
2.008400e+04 -4.268247e+00
2.008500e+04 -4.351026e+00
2.008600e+04 -4.551048e+00
2.008700e+04 -4.597936e+00
2.008800e+04 -4.510921e+00
2.008900e+04 -3.998698e+00
2.009000e+04 -3.161808e+00
2.009100e+04 -1.861786e+00
2.009200e+04 -3.654444e-01
2.009300e+04 1.299733e+00
2.009400e+04 2.738914e+00
2.009500e+04 3.880806e+00
2.009600e+04 4.399951e+00
2.009700e+04 4.339385e+00
2.009800e+04 3.544376e+00
2.009900e+04 2.284683e+00
2.010000e+04 6.085550e-01
2.010100e+04 -1.077655e+00
2.010200e+04 -2.638150e+00
2.010300e+04 -3.695033e+00
2.010400e+04 -4.215499e+00
2.010500e+04 -3.997179e+00
2.010600e+04 -3.236479e+00
2.010700e+04 -1.956295e+00
2.010800e+04 -5.032122e-01
2.010900e+04 1.003700e+00
2.011000e+04 2.235493e+00
2.011100e+04 3.189533e+00
2.011200e+04 3.705238e+00
2.011300e+04 3.948272e+00
2.011400e+04 3.939009e+00
2.011500e+04 3.922941e+00
2.011600e+04 3.904369e+00
2.011700e+04 4.034884e+00
2.011800e+04 4.182182e+00
2.011900e+04 4.333047e+00
2.012000e+04 4.249124e+00
2.012100e+04 3.876188e+00
2.012200e+04 3.047364e+00
2.012300e+04 1.852284e+00
2.012400e+04 3.310854e-01
2.012500e+04 -1.242623e+00
2.012600e+04 -2.676676e+00
2.012700e+04 -3.660938e+00
2.012800e+04 -4.077188e+00
2.012900e+04 -3.788615e+00
2.013000e+04 -2.886470e+00
2.013100e+04 -1.486432e+00
2.013200e+04 1.350389e-01
2.013300e+04 1.747990e+00
2.013400e+04 3.073673e+00
2.013500e+04 3.937913e+00
2.013600e+04 4.198894e+00
2.013700e+04 3.855519e+00
2.013800e+04 2.952492e+00
2.013900e+04 1.629791e+00
2.014000e+04 7.824707e-02
2.014100e+04 -1.473765e+00
2.014200e+04 -2.788046e+00
2.014300e+04 -3.679704e+00
2.014400e+04 -3.991722e+00
2.014500e+04 -3.693360e+00
2.014600e+04 -2.825130e+00
2.014700e+04 -1.571316e+00
2.014800e+04 -1.105900e-01
2.014900e+04 1.286359e+00
2.015000e+04 2.465904e+00
2.015100e+04 3.269080e+00
2.015200e+04 3.731125e+00
2.015300e+04 3.858874e+00
2.015400e+04 3.834416e+00
2.015500e+04 3.714714e+00
2.015600e+04 3.665584e+00
2.015700e+04 3.646027e+00
2.015800e+04 3.727204e+00
2.015900e+04 3.785784e+00
2.016000e+04 3.860592e+00
2.016100e+04 3.873902e+00
2.016200e+04 3.889258e+00
2.016300e+04 3.910311e+00
2.016400e+04 4.002812e+00
2.016500e+04 4.132867e+00
2.016600e+04 4.294534e+00
2.016700e+04 4.335723e+00
2.016800e+04 4.184745e+00
2.016900e+04 3.692842e+00
2.017000e+04 2.860996e+00
2.017100e+04 1.665450e+00
2.017200e+04 2.973139e-01
2.017300e+04 -1.130374e+00
2.017400e+04 -2.359161e+00
2.017500e+04 -3.320229e+00
2.017600e+04 -3.860389e+00
2.017700e+04 -4.086699e+00
2.017800e+04 -4.025531e+00
2.017900e+04 -3.905555e+00
2.018000e+04 -3.757444e+00
2.018100e+04 -3.753377e+00
2.018200e+04 -3.774705e+00
2.018300e+04 -3.830519e+00
2.018400e+04 -3.673790e+00
2.018500e+04 -3.294065e+00
2.018600e+04 -2.477975e+00
2.018700e+04 -1.362801e+00
2.018800e+04 6.461012e-02
2.018900e+04 1.480422e+00
2.019000e+04 2.795760e+00
2.019100e+04 3.638709e+00
2.019200e+04 4.001946e+00
2.019300e+04 3.678200e+00
2.019400e+04 2.868904e+00
2.019500e+04 1.543525e+00
2.019600e+04 7.892311e-02
2.019700e+04 -1.475431e+00
2.019800e+04 -2.715415e+00
2.019900e+04 -3.640267e+00
2.020000e+04 -3.949643e+00
2.020100e+04 -3.779649e+00
2.020200e+04 -2.952116e+00
2.020300e+04 -1.787469e+00
2.020400e+04 -2.542381e-01
2.020500e+04 1.211645e+00
2.020600e+04 2.577817e+00
2.020700e+04 3.389047e+00
2.020800e+04 3.729037e+00
2.020900e+04 3.314907e+00
2.021000e+04 2.444508e+00
2.021100e+04 1.057229e+00
2.021200e+04 -3.501034e-01
2.021300e+04 -1.784640e+00
2.021400e+04 -2.797732e+00
2.021500e+04 -3.545657e+00
2.021600e+04 -3.766569e+00
2.021700e+04 -3.843844e+00
2.021800e+04 -3.645954e+00
2.021900e+04 -3.591344e+00
2.022000e+04 -3.490159e+00
2.022100e+04 -3.658087e+00
2.022200e+04 -3.761126e+00
2.022300e+04 -4.023247e+00
2.022400e+04 -4.081387e+00
2.022500e+04 -4.221730e+00
2.022600e+04 -4.142406e+00
2.022700e+04 -4.208313e+00
2.022800e+04 -4.158097e+00
2.022900e+04 -4.343682e+00
2.023000e+04 -4.434152e+00
2.023100e+04 -4.717983e+00
2.023200e+04 -4.803907e+00
2.023300e+04 -4.986700e+00
2.023400e+04 -4.914112e+00
2.023500e+04 -4.950428e+00
2.023600e+04 -4.789497e+00
2.023700e+04 -4.814820e+00
2.023800e+04 -4.662578e+00
2.023900e+04 -4.636893e+00
2.024000e+04 -4.285688e+00
2.024100e+04 -3.859936e+00
2.024200e+04 -2.924812e+00
2.024300e+04 -1.857314e+00
2.024400e+04 -3.743472e-01
2.024500e+04 9.850492e-01
2.024600e+04 2.400071e+00
2.024700e+04 3.334222e+00
2.024800e+04 4.073960e+00
2.024900e+04 4.241375e+00
2.025000e+04 4.329042e+00
2.025100e+04 4.105104e+00
2.025200e+04 4.090362e+00
2.025300e+04 3.980762e+00
2.025400e+04 4.146412e+00
2.025500e+04 4.089533e+00
2.025600e+04 4.063884e+00
2.025700e+04 3.540670e+00
2.025800e+04 2.837686e+00
2.025900e+04 1.595759e+00
2.026000e+04 3.426856e-01
2.026100e+04 -1.132207e+00
2.026200e+04 -2.244719e+00
2.026300e+04 -3.240195e+00
2.026400e+04 -3.665050e+00
2.026500e+04 -3.969139e+00
2.026600e+04 -3.858476e+00
2.026700e+04 -3.859045e+00
2.026800e+04 -3.695186e+00
2.026900e+04 -3.824176e+00
2.027000e+04 -3.841750e+00
2.027100e+04 -4.092101e+00
2.027200e+04 -4.130398e+00
2.027300e+04 -4.305237e+00
2.027400e+04 -4.212264e+00
2.027500e+04 -4.276314e+00
2.027600e+04 -4.142829e+00
2.027700e+04 -4.214026e+00
2.027800e+04 -4.069924e+00
2.027900e+04 -4.027695e+00
2.028000e+04 -3.610679e+00
2.028100e+04 -3.102542e+00
2.028200e+04 -2.087453e+00
2.028300e+04 -9.885658e-01
2.028400e+04 4.579643e-01
2.028500e+04 1.706600e+00
2.028600e+04 2.946985e+00
2.028700e+04 3.678241e+00
2.028800e+04 4.213192e+00
2.028900e+04 4.228534e+00
2.029000e+04 4.202093e+00
2.029100e+04 3.927369e+00
2.029200e+04 3.884084e+00
2.029300e+04 3.775134e+00
2.029400e+04 3.910492e+00
2.029500e+04 3.836213e+00
2.029600e+04 3.746374e+00
2.029700e+04 3.163529e+00
2.029800e+04 2.363963e+00
2.029900e+04 1.062583e+00
2.030000e+04 -2.802298e-01
2.030100e+04 -1.790074e+00
2.030200e+04 -2.940901e+00
2.030300e+04 -3.905299e+00
2.030400e+04 -4.329418e+00
2.030500e+04 -4.570930e+00
2.030600e+04 -4.454525e+00
2.030700e+04 -4.438964e+00
2.030800e+04 -4.343374e+00
2.030900e+04 -4.498296e+00
2.031000e+04 -4.558533e+00
2.031100e+04 -4.676436e+00
2.031200e+04 -4.437214e+00
2.031300e+04 -3.996583e+00
2.031400e+04 -3.046041e+00
2.031500e+04 -1.916133e+00
2.031600e+04 -4.918431e-01
2.031700e+04 7.988467e-01
2.031800e+04 2.034868e+00
2.031900e+04 2.851923e+00
2.032000e+04 3.453355e+00
2.032100e+04 3.683067e+00
2.032200e+04 3.785662e+00
2.032300e+04 3.710163e+00
2.032400e+04 3.684923e+00
2.032500e+04 3.603986e+00
2.032600e+04 3.611493e+00
2.032700e+04 3.563972e+00
2.032800e+04 3.562190e+00
2.032900e+04 3.494075e+00
2.033000e+04 3.494764e+00
2.033100e+04 3.479867e+00
2.033200e+04 3.572601e+00
2.033300e+04 3.681377e+00
2.033400e+04 3.867002e+00
2.033500e+04 4.011814e+00
2.033600e+04 4.154059e+00
2.033700e+04 4.182184e+00
2.033800e+04 4.164429e+00
2.033900e+04 4.069720e+00
2.034000e+04 3.989967e+00
2.034100e+04 3.918579e+00
2.034200e+04 3.930022e+00
2.034300e+04 3.983591e+00
2.034400e+04 4.103270e+00
2.034500e+04 4.231595e+00
2.034600e+04 4.353599e+00
2.034700e+04 4.421349e+00
2.034800e+04 4.440860e+00
2.034900e+04 4.395235e+00
2.035000e+04 4.302681e+00
2.035100e+04 4.190171e+00
2.035200e+04 4.065172e+00
2.035300e+04 3.947029e+00
2.035400e+04 3.849011e+00
2.035500e+04 3.790857e+00
2.035600e+04 3.745025e+00
2.035700e+04 3.730569e+00
2.035800e+04 3.714527e+00
2.035900e+04 3.715959e+00
2.036000e+04 3.695670e+00
2.036100e+04 3.714679e+00
2.036200e+04 3.750298e+00
2.036300e+04 3.862034e+00
2.036400e+04 4.011578e+00
2.036500e+04 4.226096e+00
2.036600e+04 4.376939e+00
2.036700e+04 4.424835e+00
2.036800e+04 4.208638e+00
2.036900e+04 3.703695e+00
2.037000e+04 2.815729e+00
2.037100e+04 1.672530e+00
2.037200e+04 3.309840e-01
2.037300e+04 -9.595723e-01
2.037400e+04 -2.102324e+00
2.037500e+04 -2.891400e+00
2.037600e+04 -3.354515e+00
2.037700e+04 -3.474204e+00
2.037800e+04 -3.465487e+00
2.037900e+04 -3.388303e+00
2.038000e+04 -3.446761e+00
2.038100e+04 -3.600705e+00
2.038200e+04 -3.872214e+00
2.038300e+04 -4.033506e+00
2.038400e+04 -4.015005e+00
2.038500e+04 -3.590681e+00
2.038600e+04 -2.783730e+00
2.038700e+04 -1.565845e+00
2.038800e+04 -1.754802e-01
2.038900e+04 1.281977e+00
2.039000e+04 2.525935e+00
2.039100e+04 3.495890e+00
2.039200e+04 4.051330e+00
2.039300e+04 4.320310e+00
2.039400e+04 4.309945e+00
2.039500e+04 4.219201e+00
2.039600e+04 4.072608e+00
2.039700e+04 4.011325e+00
2.039800e+04 3.963172e+00
2.039900e+04 3.996893e+00
2.040000e+04 4.011923e+00
2.040100e+04 4.054172e+00
2.040200e+04 4.043029e+00
2.040300e+04 4.062091e+00
2.040400e+04 4.043824e+00
2.040500e+04 4.062527e+00
2.040600e+04 4.047036e+00
2.040700e+04 4.042089e+00
2.040800e+04 4.000622e+00
2.040900e+04 3.994963e+00
2.041000e+04 3.989472e+00
2.041100e+04 4.068037e+00
2.041200e+04 4.196675e+00
2.041300e+04 4.388305e+00
2.041400e+04 4.526165e+00
2.041500e+04 4.540304e+00
2.041600e+04 4.283397e+00
2.041700e+04 3.700943e+00
2.041800e+04 2.742407e+00
2.041900e+04 1.491646e+00
2.042000e+04 6.186056e-02
2.042100e+04 -1.360838e+00
2.042200e+04 -2.612219e+00
2.042300e+04 -3.551645e+00
2.042400e+04 -4.130424e+00
2.042500e+04 -4.380476e+00
2.042600e+04 -4.376189e+00
2.042700e+04 -4.248790e+00
2.042800e+04 -4.096090e+00
2.042900e+04 -4.016632e+00
2.043000e+04 -4.011447e+00
2.043100e+04 -4.096327e+00
2.043200e+04 -4.209211e+00
2.043300e+04 -4.345113e+00
2.043400e+04 -4.412799e+00
2.043500e+04 -4.449223e+00
2.043600e+04 -4.386809e+00
2.043700e+04 -4.290606e+00
2.043800e+04 -4.103178e+00
2.043900e+04 -3.914547e+00
2.044000e+04 -3.687485e+00
2.044100e+04 -3.553235e+00
2.044200e+04 -3.456591e+00
2.044300e+04 -3.528484e+00
2.044400e+04 -3.670717e+00
2.044500e+04 -3.941527e+00
2.044600e+04 -4.140261e+00
2.044700e+04 -4.272989e+00
2.044800e+04 -4.076015e+00
2.044900e+04 -3.578912e+00
2.045000e+04 -2.619402e+00
2.045100e+04 -1.381237e+00
2.045200e+04 1.521108e-01
2.045300e+04 1.619103e+00
2.045400e+04 2.942210e+00
2.045500e+04 3.746083e+00
2.045600e+04 4.053706e+00
2.045700e+04 3.632850e+00
2.045800e+04 2.730265e+00
2.045900e+04 1.327635e+00
2.046000e+04 -1.615412e-01
2.046100e+04 -1.689665e+00
2.046200e+04 -2.839874e+00
2.046300e+04 -3.707408e+00
2.046400e+04 -4.056582e+00
2.046500e+04 -4.170707e+00
2.046600e+04 -3.967775e+00
2.046700e+04 -3.843165e+00
2.046800e+04 -3.674046e+00
2.046900e+04 -3.753439e+00
2.047000e+04 -3.788228e+00
2.047100e+04 -3.920144e+00
2.047200e+04 -3.749910e+00
2.047300e+04 -3.393149e+00
2.047400e+04 -2.506202e+00
2.047500e+04 -1.391135e+00
2.047600e+04 1.155851e-01
2.047700e+04 1.538277e+00
2.047800e+04 2.932382e+00
2.047900e+04 3.784040e+00
2.048000e+04 4.204511e+00
2.048100e+04 3.917746e+00
2.048200e+04 3.091211e+00
2.048300e+04 1.738872e+00
2.048400e+04 1.753643e-01
2.048500e+04 -1.468552e+00
2.048600e+04 -2.841826e+00
2.048700e+04 -3.848931e+00
2.048800e+04 -4.235056e+00
2.048900e+04 -4.067689e+00
2.049000e+04 -3.296195e+00
2.049100e+04 -2.158016e+00
2.049200e+04 -7.431934e-01
2.049300e+04 6.304706e-01
2.049400e+04 1.889004e+00
2.049500e+04 2.802507e+00
2.049600e+04 3.434200e+00
2.049700e+04 3.727730e+00
2.049800e+04 3.872447e+00
2.049900e+04 3.868996e+00
2.050000e+04 3.908592e+00
2.050100e+04 3.931349e+00
2.050200e+04 4.032103e+00
2.050300e+04 4.087368e+00
2.050400e+04 4.149652e+00
2.050500e+04 4.097589e+00
2.050600e+04 4.052314e+00
2.050700e+04 3.955653e+00
2.050800e+04 3.944277e+00
2.050900e+04 3.940947e+00
2.051000e+04 4.014807e+00
2.051100e+04 4.001121e+00
2.051200e+04 3.871168e+00
2.051300e+04 3.408315e+00
2.051400e+04 2.645435e+00
2.051500e+04 1.487112e+00
2.051600e+04 1.219013e-01
2.051700e+04 -1.353378e+00
2.051800e+04 -2.613690e+00
2.051900e+04 -3.514420e+00
2.052000e+04 -3.782101e+00
2.052100e+04 -3.450001e+00
2.052200e+04 -2.480425e+00
2.052300e+04 -1.132763e+00
2.052400e+04 4.351599e-01
2.052500e+04 1.864882e+00
2.052600e+04 3.032123e+00
2.052700e+04 3.707340e+00
2.052800e+04 3.974928e+00
2.052900e+04 3.849813e+00
2.053000e+04 3.585858e+00
2.053100e+04 3.270956e+00
2.053200e+04 3.140574e+00
2.053300e+04 3.145822e+00
2.053400e+04 3.324859e+00
2.053500e+04 3.447091e+00
2.053600e+04 3.431073e+00
2.053700e+04 3.036564e+00
2.053800e+04 2.287730e+00
2.053900e+04 1.122526e+00
2.054000e+04 -2.295207e-01
2.054100e+04 -1.668528e+00
2.054200e+04 -2.890970e+00
2.054300e+04 -3.832200e+00
2.054400e+04 -4.342623e+00
2.054500e+04 -4.552891e+00
2.054600e+04 -4.469483e+00
2.054700e+04 -4.344785e+00
2.054800e+04 -4.207713e+00
2.054900e+04 -4.216453e+00
2.055000e+04 -4.248106e+00
2.055100e+04 -4.305544e+00
2.055200e+04 -4.147649e+00
2.055300e+04 -3.740633e+00
2.055400e+04 -2.900898e+00
2.055500e+04 -1.742645e+00
2.055600e+04 -2.665058e-01
2.055700e+04 1.225260e+00
2.055800e+04 2.596867e+00
2.055900e+04 3.523511e+00
2.056000e+04 3.940122e+00
2.056100e+04 3.656774e+00
2.056200e+04 2.836046e+00
2.056300e+04 1.520864e+00
2.056400e+04 3.414392e-02
2.056500e+04 -1.496771e+00
2.056600e+04 -2.756815e+00
2.056700e+04 -3.725347e+00
2.056800e+04 -4.259281e+00
2.056900e+04 -4.538731e+00
2.057000e+04 -4.560068e+00
2.057100e+04 -4.569987e+00
2.057200e+04 -4.551167e+00
2.057300e+04 -4.651836e+00
2.057400e+04 -4.703539e+00
2.057500e+04 -4.718619e+00
2.057600e+04 -4.440483e+00
2.057700e+04 -3.882232e+00
2.057800e+04 -2.875348e+00
2.057900e+04 -1.588020e+00
2.058000e+04 -2.532451e-02
2.058100e+04 1.489668e+00
2.058200e+04 2.857857e+00
2.058300e+04 3.748300e+00
2.058400e+04 4.149784e+00
2.058500e+04 3.876654e+00
2.058600e+04 3.105420e+00
2.058700e+04 1.836775e+00
2.058800e+04 4.001370e-01
2.058900e+04 -1.113020e+00
2.059000e+04 -2.344310e+00
2.059100e+04 -3.240976e+00
2.059200e+04 -3.537857e+00
2.059300e+04 -3.324371e+00
2.059400e+04 -2.495254e+00
2.059500e+04 -1.304156e+00
2.059600e+04 2.054513e-01
2.059700e+04 1.666367e+00
2.059800e+04 2.991469e+00
2.059900e+04 3.817134e+00
2.060000e+04 4.149726e+00
2.060100e+04 3.805518e+00
2.060200e+04 2.976525e+00
2.060300e+04 1.658796e+00
2.060400e+04 2.184542e-01
2.060500e+04 -1.265038e+00
2.060600e+04 -2.446187e+00
2.060700e+04 -3.362995e+00
2.060800e+04 -3.822447e+00
2.060900e+04 -4.036789e+00
2.061000e+04 -3.980498e+00
2.061100e+04 -3.934901e+00
2.061200e+04 -3.840758e+00
2.061300e+04 -3.894090e+00
2.061400e+04 -3.896981e+00
2.061500e+04 -3.910655e+00
2.061600e+04 -3.656550e+00
2.061700e+04 -3.197699e+00
2.061800e+04 -2.336997e+00
2.061900e+04 -1.282532e+00
2.062000e+04 1.737782e-02
2.062100e+04 1.248333e+00
2.062200e+04 2.418592e+00
2.062300e+04 3.255532e+00
2.062400e+04 3.895235e+00
2.062500e+04 4.189384e+00
2.062600e+04 4.385291e+00
2.062700e+04 4.420769e+00
2.062800e+04 4.536858e+00
2.062900e+04 4.591728e+00
2.063000e+04 4.719543e+00
2.063100e+04 4.655924e+00
2.063200e+04 4.467782e+00
2.063300e+04 3.877581e+00
2.063400e+04 2.999484e+00
2.063500e+04 1.688585e+00
2.063600e+04 2.311937e-01
2.063700e+04 -1.363949e+00
2.063800e+04 -2.698966e+00
2.063900e+04 -3.723171e+00
2.064000e+04 -4.089926e+00
2.064100e+04 -3.891891e+00
2.064200e+04 -3.011811e+00
2.064300e+04 -1.738818e+00
2.064400e+04 -1.465580e-01
2.064500e+04 1.371091e+00
2.064600e+04 2.739605e+00
2.064700e+04 3.666616e+00
2.064800e+04 4.259750e+00
2.064900e+04 4.414407e+00
2.065000e+04 4.385294e+00
2.065100e+04 4.168531e+00
2.065200e+04 4.024610e+00
2.065300e+04 3.880446e+00
2.065400e+04 3.903349e+00
2.065500e+04 3.916519e+00
2.065600e+04 4.012623e+00
2.065700e+04 4.021323e+00
2.065800e+04 4.057197e+00
2.065900e+04 3.983332e+00
2.066000e+04 3.966893e+00
2.066100e+04 3.899055e+00
2.066200e+04 3.931965e+00
2.066300e+04 3.927414e+00
2.066400e+04 4.002469e+00
2.066500e+04 4.000249e+00
2.066600e+04 4.030679e+00
2.066700e+04 3.952964e+00
2.066800e+04 3.901116e+00
2.066900e+04 3.762672e+00
2.067000e+04 3.671619e+00
2.067100e+04 3.520237e+00
2.067200e+04 3.452850e+00
2.067300e+04 3.349291e+00
2.067400e+04 3.343885e+00
2.067500e+04 3.340568e+00
2.067600e+04 3.458881e+00
2.067700e+04 3.562780e+00
2.067800e+04 3.731716e+00
2.067900e+04 3.777030e+00
2.068000e+04 3.698242e+00
2.068100e+04 3.291006e+00
2.068200e+04 2.606420e+00
2.068300e+04 1.526519e+00
2.068400e+04 2.400146e-01
2.068500e+04 -1.192111e+00
2.068600e+04 -2.446012e+00
2.068700e+04 -3.386149e+00
2.068800e+04 -3.742154e+00
2.068900e+04 -3.526320e+00
2.069000e+04 -2.658963e+00
2.069100e+04 -1.385919e+00
2.069200e+04 1.607181e-01
2.069300e+04 1.642275e+00
2.069400e+04 2.933169e+00
2.069500e+04 3.812898e+00
2.069600e+04 4.325501e+00
2.069700e+04 4.445224e+00
2.069800e+04 4.386556e+00
2.069900e+04 4.204416e+00
2.070000e+04 4.091644e+00
2.070100e+04 4.016505e+00
2.070200e+04 4.027676e+00
2.070300e+04 3.969075e+00
2.070400e+04 3.786252e+00
2.070500e+04 3.289262e+00
2.070600e+04 2.495244e+00
2.070700e+04 1.347798e+00
2.070800e+04 9.192467e-03
2.070900e+04 -1.410680e+00
2.071000e+04 -2.638096e+00
2.071100e+04 -3.544936e+00
2.071200e+04 -3.908298e+00
2.071300e+04 -3.710814e+00
2.071400e+04 -2.935895e+00
2.071500e+04 -1.759954e+00
2.071600e+04 -3.142433e-01
2.071700e+04 1.122329e+00
2.071800e+04 2.411067e+00
2.071900e+04 3.366091e+00
2.072000e+04 3.975766e+00
2.072100e+04 4.236454e+00
2.072200e+04 4.304032e+00
2.072300e+04 4.250297e+00
2.072400e+04 4.225196e+00
2.072500e+04 4.240009e+00
2.072600e+04 4.312571e+00
2.072700e+04 4.305419e+00
2.072800e+04 4.132777e+00
2.072900e+04 3.646054e+00
2.073000e+04 2.814060e+00
2.073100e+04 1.618936e+00
2.073200e+04 2.089591e-01
2.073300e+04 -1.269813e+00
2.073400e+04 -2.562279e+00
2.073500e+04 -3.501151e+00
2.073600e+04 -3.906121e+00
2.073700e+04 -3.726736e+00
2.073800e+04 -2.967688e+00
2.073900e+04 -1.780464e+00
2.074000e+04 -3.253598e-01
2.074100e+04 1.141900e+00
2.074200e+04 2.416761e+00
2.074300e+04 3.261468e+00
2.074400e+04 3.557135e+00
2.074500e+04 3.244477e+00
2.074600e+04 2.391520e+00
2.074700e+04 1.115655e+00
2.074800e+04 -3.418804e-01
2.074900e+04 -1.769570e+00
2.075000e+04 -2.949234e+00
2.075100e+04 -3.765838e+00
2.075200e+04 -4.174857e+00
2.075300e+04 -4.279812e+00
2.075400e+04 -4.200669e+00
2.075500e+04 -4.111414e+00
2.075600e+04 -4.112754e+00
2.075700e+04 -4.245971e+00
2.075800e+04 -4.427214e+00
2.075900e+04 -4.528268e+00
2.076000e+04 -4.347497e+00
2.076100e+04 -3.776511e+00
2.076200e+04 -2.765872e+00
2.076300e+04 -1.398412e+00
2.076400e+04 1.639392e-01
2.076500e+04 1.671549e+00
2.076600e+04 2.932605e+00
2.076700e+04 3.777115e+00
2.076800e+04 4.176711e+00
2.076900e+04 4.192616e+00
2.077000e+04 3.981196e+00
2.077100e+04 3.679169e+00
2.077200e+04 3.449774e+00
2.077300e+04 3.345937e+00
2.077400e+04 3.385782e+00
2.077500e+04 3.504061e+00
2.077600e+04 3.654712e+00
2.077700e+04 3.748598e+00
2.077800e+04 3.787351e+00
2.077900e+04 3.761439e+00
2.078000e+04 3.727296e+00
2.078100e+04 3.699209e+00
2.078200e+04 3.723556e+00
2.078300e+04 3.776675e+00
2.078400e+04 3.878426e+00
2.078500e+04 3.968335e+00
2.078600e+04 4.051398e+00
2.078700e+04 4.087945e+00
2.078800e+04 4.103534e+00
2.078900e+04 4.069020e+00
2.079000e+04 4.028181e+00
2.079100e+04 3.957555e+00
2.079200e+04 3.909317e+00
2.079300e+04 3.866825e+00
2.079400e+04 3.892805e+00
2.079500e+04 3.968354e+00
2.079600e+04 4.132875e+00
2.079700e+04 4.313213e+00
2.079800e+04 4.475567e+00
2.079900e+04 4.461987e+00
2.080000e+04 4.225639e+00
2.080100e+04 3.566943e+00
2.080200e+04 2.624217e+00
2.080300e+04 1.273652e+00
2.080400e+04 -1.480505e-01
2.080500e+04 -1.643898e+00
2.080600e+04 -2.823447e+00
2.080700e+04 -3.726585e+00
2.080800e+04 -4.117522e+00
2.080900e+04 -4.242289e+00
2.081000e+04 -4.027759e+00
2.081100e+04 -3.842434e+00
2.081200e+04 -3.641103e+00
2.081300e+04 -3.689490e+00
2.081400e+04 -3.774209e+00
2.081500e+04 -3.969786e+00
2.081600e+04 -3.913046e+00
2.081700e+04 -3.641904e+00
2.081800e+04 -2.858407e+00
2.081900e+04 -1.747873e+00
2.082000e+04 -2.327013e-01
2.082100e+04 1.288331e+00
2.082200e+04 2.745994e+00
2.082300e+04 3.707180e+00
2.082400e+04 4.173755e+00
2.082500e+04 3.884669e+00
2.082600e+04 3.068383e+00
2.082700e+04 1.701327e+00
2.082800e+04 1.848186e-01
2.082900e+04 -1.409876e+00
2.083000e+04 -2.709362e+00
2.083100e+04 -3.739472e+00
2.083200e+04 -4.278364e+00
2.083300e+04 -4.539898e+00
2.083400e+04 -4.461839e+00
2.083500e+04 -4.311609e+00
2.083600e+04 -4.050025e+00
2.083700e+04 -3.904844e+00
2.083800e+04 -3.762695e+00
2.083900e+04 -3.765048e+00
2.084000e+04 -3.746662e+00
2.084100e+04 -3.817121e+00
2.084200e+04 -3.827144e+00
2.084300e+04 -3.889450e+00
2.084400e+04 -3.875552e+00
2.084500e+04 -3.892699e+00
2.084600e+04 -3.822718e+00
2.084700e+04 -3.777824e+00
2.084800e+04 -3.653440e+00
2.084900e+04 -3.573154e+00
2.085000e+04 -3.494958e+00
2.085100e+04 -3.541713e+00
2.085200e+04 -3.644423e+00
2.085300e+04 -3.867448e+00
2.085400e+04 -4.061213e+00
2.085500e+04 -4.176280e+00
2.085600e+04 -4.035635e+00
2.085700e+04 -3.596452e+00
2.085800e+04 -2.764307e+00
2.085900e+04 -1.637600e+00
2.086000e+04 -3.001765e-01
2.086100e+04 1.043300e+00
2.086200e+04 2.240857e+00
2.086300e+04 3.149908e+00
2.086400e+04 3.730379e+00
2.086500e+04 3.979888e+00
2.086600e+04 3.990192e+00
2.086700e+04 3.878560e+00
2.086800e+04 3.731640e+00
2.086900e+04 3.632691e+00
2.087000e+04 3.593156e+00
2.087100e+04 3.633709e+00
2.087200e+04 3.698772e+00
2.087300e+04 3.807560e+00
2.087400e+04 3.898337e+00
2.087500e+04 4.017385e+00
2.087600e+04 4.104388e+00
2.087700e+04 4.216095e+00
2.087800e+04 4.276308e+00
2.087900e+04 4.341737e+00
2.088000e+04 4.309241e+00
2.088100e+04 4.277761e+00
2.088200e+04 4.160850e+00
2.088300e+04 4.078105e+00
2.088400e+04 3.949410e+00
2.088500e+04 3.913794e+00
2.088600e+04 3.852557e+00
2.088700e+04 3.888871e+00
2.088800e+04 3.892524e+00
2.088900e+04 3.988656e+00
2.089000e+04 4.018734e+00
2.089100e+04 4.136434e+00
2.089200e+04 4.174468e+00
2.089300e+04 4.279972e+00
2.089400e+04 4.272975e+00
2.089500e+04 4.308011e+00
2.089600e+04 4.199762e+00
2.089700e+04 4.154670e+00
2.089800e+04 4.010793e+00
2.089900e+04 4.001878e+00
2.090000e+04 3.958767e+00
2.090100e+04 4.086058e+00
2.090200e+04 4.120324e+00
2.090300e+04 4.180656e+00
2.090400e+04 3.918933e+00
2.090500e+04 3.448405e+00
2.090600e+04 2.473953e+00
2.090700e+04 1.256154e+00
2.090800e+04 -3.209341e-01
2.090900e+04 -1.796983e+00
2.091000e+04 -3.170537e+00
2.091100e+04 -3.958342e+00
2.091200e+04 -4.250550e+00
2.091300e+04 -3.735022e+00
2.091400e+04 -2.773684e+00
2.091500e+04 -1.285187e+00
2.091600e+04 2.101222e-01
2.091700e+04 1.736461e+00
2.091800e+04 2.822377e+00
2.091900e+04 3.654929e+00
2.092000e+04 3.952395e+00
2.092100e+04 4.093105e+00
2.092200e+04 3.917588e+00
2.092300e+04 3.854089e+00
2.092400e+04 3.694806e+00
2.092500e+04 3.775681e+00
2.092600e+04 3.777268e+00
2.092700e+04 3.956625e+00
2.092800e+04 3.957464e+00
2.092900e+04 4.066185e+00
2.093000e+04 3.985278e+00
2.093100e+04 4.057923e+00
2.093200e+04 4.004491e+00
2.093300e+04 4.144452e+00
2.093400e+04 4.124928e+00
2.093500e+04 4.180503e+00
2.093600e+04 3.877072e+00
2.093700e+04 3.434810e+00
2.093800e+04 2.496864e+00
2.093900e+04 1.407814e+00
2.094000e+04 -4.634857e-02
2.094100e+04 -1.382968e+00
2.094200e+04 -2.751207e+00
2.094300e+04 -3.694479e+00
2.094400e+04 -4.460685e+00
2.094500e+04 -4.739010e+00
2.094600e+04 -4.915525e+00
2.094700e+04 -4.773123e+00
2.094800e+04 -4.725288e+00
2.094900e+04 -4.519053e+00
2.095000e+04 -4.485793e+00
2.095100e+04 -4.312554e+00
2.095200e+04 -4.289537e+00
2.095300e+04 -4.087616e+00
2.095400e+04 -4.026999e+00
2.095500e+04 -3.830124e+00
2.095600e+04 -3.816609e+00
2.095700e+04 -3.695709e+00
2.095800e+04 -3.752169e+00
2.095900e+04 -3.671221e+00
2.096000e+04 -3.683637e+00
2.096100e+04 -3.597990e+00
2.096200e+04 -3.536740e+00
2.096300e+04 -3.475672e+00
2.096400e+04 -3.507026e+00
2.096500e+04 -3.591029e+00
2.096600e+04 -3.723197e+00
2.096700e+04 -3.786622e+00
2.096800e+04 -3.678467e+00
2.096900e+04 -3.260108e+00
2.097000e+04 -2.494485e+00
2.097100e+04 -1.405091e+00
2.097200e+04 -1.025254e-01
2.097300e+04 1.228131e+00
2.097400e+04 2.402210e+00
2.097500e+04 3.250695e+00
2.097600e+04 3.748950e+00
2.097700e+04 3.880498e+00
2.097800e+04 3.790708e+00
2.097900e+04 3.574968e+00
2.098000e+04 3.414297e+00
2.098100e+04 3.310202e+00
2.098200e+04 3.346942e+00
2.098300e+04 3.420120e+00
2.098400e+04 3.559577e+00
2.098500e+04 3.630305e+00
2.098600e+04 3.737083e+00
2.098700e+04 3.793947e+00
2.098800e+04 3.930732e+00
2.098900e+04 4.029952e+00
2.099000e+04 4.165494e+00
2.099100e+04 4.113561e+00
2.099200e+04 3.897523e+00
2.099300e+04 3.275188e+00
2.099400e+04 2.361411e+00
2.099500e+04 1.047582e+00
2.099600e+04 -3.730215e-01
2.099700e+04 -1.877095e+00
2.099800e+04 -3.103290e+00
2.099900e+04 -4.086006e+00
2.100000e+04 -4.562246e+00
2.100100e+04 -4.756979e+00
2.100200e+04 -4.589160e+00
2.100300e+04 -4.393533e+00
2.100400e+04 -4.101042e+00
2.100500e+04 -4.016988e+00
2.100600e+04 -3.941430e+00
2.100700e+04 -4.060350e+00
2.100800e+04 -4.085047e+00
2.100900e+04 -4.170032e+00
2.101000e+04 -4.036291e+00
2.101100e+04 -3.931080e+00
2.101200e+04 -3.655523e+00
2.101300e+04 -3.523028e+00
2.101400e+04 -3.341801e+00
2.101500e+04 -3.403215e+00
2.101600e+04 -3.460494e+00
2.101700e+04 -3.727564e+00
2.101800e+04 -3.875406e+00
2.101900e+04 -4.118711e+00
2.102000e+04 -4.141308e+00
2.102100e+04 -4.198994e+00
2.102200e+04 -4.033523e+00
2.102300e+04 -3.978295e+00
2.102400e+04 -3.814662e+00
2.102500e+04 -3.860581e+00
2.102600e+04 -3.862036e+00
2.102700e+04 -4.102190e+00
2.102800e+04 -4.245851e+00
2.102900e+04 -4.529167e+00
2.103000e+04 -4.611237e+00
2.103100e+04 -4.738234e+00
2.103200e+04 -4.612113e+00
2.103300e+04 -4.555374e+00
2.103400e+04 -4.315325e+00
2.103500e+04 -4.234017e+00
2.103600e+04 -4.058177e+00
2.103700e+04 -4.095818e+00
2.103800e+04 -4.036411e+00
2.103900e+04 -4.136760e+00
2.104000e+04 -4.077201e+00
2.104100e+04 -4.135424e+00
2.104200e+04 -4.008157e+00
2.104300e+04 -4.011831e+00
2.104400e+04 -3.883198e+00
2.104500e+04 -3.932560e+00
2.104600e+04 -3.889178e+00
2.104700e+04 -4.024851e+00
2.104800e+04 -4.033511e+00
2.104900e+04 -4.194529e+00
2.105000e+04 -4.217201e+00
2.105100e+04 -4.373898e+00
2.105200e+04 -4.397685e+00
2.105300e+04 -4.548738e+00
2.105400e+04 -4.506122e+00
2.105500e+04 -4.462171e+00
2.105600e+04 -4.072649e+00
2.105700e+04 -3.514432e+00
2.105800e+04 -2.496591e+00
2.105900e+04 -1.327832e+00
2.106000e+04 1.269323e-01
2.106100e+04 1.453145e+00
2.106200e+04 2.711868e+00
2.106300e+04 3.528203e+00
2.106400e+04 4.077373e+00
2.106500e+04 4.165723e+00
2.106600e+04 4.130673e+00
2.106700e+04 3.899181e+00
2.106800e+04 3.817998e+00
2.106900e+04 3.749532e+00
2.107000e+04 3.908005e+00
2.107100e+04 4.029096e+00
2.107200e+04 4.230469e+00
2.107300e+04 4.265895e+00
2.107400e+04 4.296216e+00
2.107500e+04 4.169313e+00
2.107600e+04 4.115879e+00
2.107700e+04 4.009764e+00
2.107800e+04 4.020767e+00
2.107900e+04 3.927845e+00
2.108000e+04 3.765545e+00
2.108100e+04 3.279874e+00
2.108200e+04 2.523512e+00
2.108300e+04 1.354159e+00
2.108400e+04 1.645088e-04
2.108500e+04 -1.470561e+00
2.108600e+04 -2.709050e+00
2.108700e+04 -3.582763e+00
2.108800e+04 -3.833026e+00
2.108900e+04 -3.506258e+00
2.109000e+04 -2.579933e+00
2.109100e+04 -1.302858e+00
2.109200e+04 1.602957e-01
2.109300e+04 1.512116e+00
2.109400e+04 2.637598e+00
2.109500e+04 3.388537e+00
2.109600e+04 3.792933e+00
2.109700e+04 3.892638e+00
2.109800e+04 3.833880e+00
2.109900e+04 3.698284e+00
2.110000e+04 3.593905e+00
2.110100e+04 3.557332e+00
2.110200e+04 3.585782e+00
2.110300e+04 3.654292e+00
2.110400e+04 3.715408e+00
2.110500e+04 3.763609e+00
2.110600e+04 3.770935e+00
2.110700e+04 3.793344e+00
2.110800e+04 3.815061e+00
2.110900e+04 3.889218e+00
2.111000e+04 3.931603e+00
2.111100e+04 3.930825e+00
2.111200e+04 3.720642e+00
2.111300e+04 3.272998e+00
2.111400e+04 2.439861e+00
2.111500e+04 1.314582e+00
2.111600e+04 -9.993577e-02
2.111700e+04 -1.523524e+00
2.111800e+04 -2.837285e+00
2.111900e+04 -3.690490e+00
2.112000e+04 -3.977630e+00
2.112100e+04 -3.679021e+00
2.112200e+04 -2.687649e+00
2.112300e+04 -1.360963e+00
2.112400e+04 2.423988e-01
2.112500e+04 1.687295e+00
2.112600e+04 2.940887e+00
2.112700e+04 3.707248e+00
2.112800e+04 4.151118e+00
2.112900e+04 4.193773e+00
2.113000e+04 4.106357e+00
2.113100e+04 3.884188e+00
2.113200e+04 3.770467e+00
2.113300e+04 3.675092e+00
2.113400e+04 3.719284e+00
2.113500e+04 3.742598e+00
2.113600e+04 3.826812e+00
2.113700e+04 3.841115e+00
2.113800e+04 3.875452e+00
2.113900e+04 3.853963e+00
2.114000e+04 3.877913e+00
2.114100e+04 3.870558e+00
2.114200e+04 3.899343e+00
2.114300e+04 3.870685e+00
2.114400e+04 3.842811e+00
2.114500e+04 3.771100e+00
2.114600e+04 3.731744e+00
2.114700e+04 3.721214e+00
2.114800e+04 3.811573e+00
2.114900e+04 3.957352e+00
2.115000e+04 4.114948e+00
2.115100e+04 4.156870e+00
2.115200e+04 3.980392e+00
2.115300e+04 3.464108e+00
2.115400e+04 2.575485e+00
2.115500e+04 1.376331e+00
2.115600e+04 -1.239544e-02
2.115700e+04 -1.396148e+00
2.115800e+04 -2.612715e+00
2.115900e+04 -3.510461e+00
2.116000e+04 -4.073141e+00
2.116100e+04 -4.313647e+00
2.116200e+04 -4.381243e+00
2.116300e+04 -4.355531e+00
2.116400e+04 -4.378090e+00
2.116500e+04 -4.423895e+00
2.116600e+04 -4.507164e+00
2.116700e+04 -4.451812e+00
2.116800e+04 -4.209930e+00
2.116900e+04 -3.623307e+00
2.117000e+04 -2.727318e+00
2.117100e+04 -1.485865e+00
2.117200e+04 -1.062786e-01
2.117300e+04 1.337510e+00
2.117400e+04 2.560097e+00
2.117500e+04 3.473773e+00
2.117600e+04 3.850397e+00
2.117700e+04 3.716059e+00
2.117800e+04 2.958366e+00
2.117900e+04 1.779145e+00
2.118000e+04 2.358371e-01
2.118100e+04 -1.335449e+00
2.118200e+04 -2.792092e+00
2.118300e+04 -3.780521e+00
2.118400e+04 -4.257544e+00
2.118500e+04 -4.019410e+00
2.118600e+04 -3.237929e+00
2.118700e+04 -1.943246e+00
2.118800e+04 -4.870503e-01
2.118900e+04 1.028486e+00
2.119000e+04 2.263444e+00
2.119100e+04 3.228737e+00
2.119200e+04 3.773477e+00
2.119300e+04 4.089360e+00
2.119400e+04 4.138359e+00
2.119500e+04 4.175744e+00
2.119600e+04 4.141654e+00
2.119700e+04 4.206734e+00
2.119800e+04 4.222643e+00
2.119900e+04 4.297585e+00
2.120000e+04 4.264558e+00
2.120100e+04 4.257110e+00
2.120200e+04 4.152443e+00
2.120300e+04 4.120985e+00
2.120400e+04 4.053771e+00
2.120500e+04 4.097435e+00
2.120600e+04 4.101373e+00
2.120700e+04 4.181541e+00
2.120800e+04 4.175882e+00
2.120900e+04 4.203396e+00
2.121000e+04 4.153012e+00
2.121100e+04 4.182711e+00
2.121200e+04 4.182510e+00
2.121300e+04 4.268423e+00
2.121400e+04 4.276599e+00
2.121500e+04 4.236563e+00
2.121600e+04 3.913261e+00
2.121700e+04 3.346443e+00
2.121800e+04 2.400878e+00
2.121900e+04 1.226439e+00
2.122000e+04 -1.548416e-01
2.122100e+04 -1.470596e+00
2.122200e+04 -2.654229e+00
2.122300e+04 -3.477463e+00
2.122400e+04 -3.993314e+00
2.122500e+04 -4.150776e+00
2.122600e+04 -4.118942e+00
2.122700e+04 -3.931857e+00
2.122800e+04 -3.772268e+00
2.122900e+04 -3.624672e+00
2.123000e+04 -3.565407e+00
2.123100e+04 -3.518597e+00
2.123200e+04 -3.530822e+00
2.123300e+04 -3.528939e+00
2.123400e+04 -3.575644e+00
2.123500e+04 -3.662019e+00
2.123600e+04 -3.839933e+00
2.123700e+04 -4.059690e+00
2.123800e+04 -4.283031e+00
2.123900e+04 -4.375287e+00
2.124000e+04 -4.242127e+00
2.124100e+04 -3.752516e+00
2.124200e+04 -2.854076e+00
2.124300e+04 -1.583123e+00
2.124400e+04 -5.888316e-02
2.124500e+04 1.513618e+00
2.124600e+04 2.917800e+00
2.124700e+04 3.908669e+00
2.124800e+04 4.330114e+00
2.124900e+04 4.076936e+00
2.125000e+04 3.222170e+00
2.125100e+04 1.848635e+00
2.125200e+04 2.265083e-01
2.125300e+04 -1.439129e+00
2.125400e+04 -2.821191e+00
2.125500e+04 -3.766395e+00
2.125600e+04 -4.069794e+00
2.125700e+04 -3.773242e+00
2.125800e+04 -2.844668e+00
2.125900e+04 -1.534220e+00
2.126000e+04 4.416692e-02
2.126100e+04 1.546587e+00
2.126200e+04 2.856433e+00
2.126300e+04 3.667834e+00
2.126400e+04 3.988111e+00
2.126500e+04 3.652899e+00
2.126600e+04 2.856387e+00
2.126700e+04 1.585354e+00
2.126800e+04 1.787558e-01
2.126900e+04 -1.313523e+00
2.127000e+04 -2.539289e+00
2.127100e+04 -3.521336e+00
2.127200e+04 -4.036728e+00
2.127300e+04 -4.305804e+00
2.127400e+04 -4.233365e+00
2.127500e+04 -4.154658e+00
2.127600e+04 -4.000293e+00
2.127700e+04 -4.040106e+00
2.127800e+04 -4.051845e+00
2.127900e+04 -4.154310e+00
2.128000e+04 -4.039355e+00
2.128100e+04 -3.528695e+00
2.128200e+04 -2.763397e+00
2.128300e+04 -1.444611e+00
2.128400e+04 1.180577e-02
2.128500e+04 1.682006e+00
2.128600e+04 3.016706e+00
2.128700e+04 4.063248e+00
2.128800e+04 4.341440e+00
2.128900e+04 4.057260e+00
2.129000e+04 2.988860e+00
2.129100e+04 1.564583e+00
2.129200e+04 -2.560870e-01
2.129300e+04 -1.925222e+00
2.129400e+04 -3.444846e+00
2.129500e+04 -4.334177e+00
2.129600e+04 -4.706398e+00
2.129700e+04 -4.262751e+00
2.129800e+04 -3.306768e+00
2.129900e+04 -1.739866e+00
2.130000e+04 -2.800633e-02
2.130100e+04 1.798698e+00
2.130200e+04 3.235568e+00
2.130300e+04 4.285562e+00
2.130400e+04 4.588696e+00
2.130500e+04 4.318345e+00
2.130600e+04 3.328160e+00
2.130700e+04 1.993788e+00
2.130800e+04 3.293446e-01
2.130900e+04 -1.220503e+00
2.131000e+04 -2.624992e+00
2.131100e+04 -3.516300e+00
2.131200e+04 -3.946788e+00
2.131300e+04 -3.698785e+00
2.131400e+04 -2.984637e+00
2.131500e+04 -1.738715e+00
2.131600e+04 -2.958461e-01
2.131700e+04 1.279592e+00
2.131800e+04 2.599753e+00
2.131900e+04 3.581634e+00
2.132000e+04 3.933081e+00
2.132100e+04 3.717808e+00
2.132200e+04 2.837557e+00
2.132300e+04 1.551692e+00
2.132400e+04 -4.240149e-02
2.132500e+04 -1.600582e+00
2.132600e+04 -3.020671e+00
2.132700e+04 -4.063722e+00
2.132800e+04 -4.754298e+00
2.132900e+04 -5.039638e+00
2.133000e+04 -5.088990e+00
2.133100e+04 -4.927453e+00
2.133200e+04 -4.723618e+00
2.133300e+04 -4.483879e+00
2.133400e+04 -4.299103e+00
2.133500e+04 -4.135172e+00
2.133600e+04 -4.023342e+00
2.133700e+04 -3.926169e+00
2.133800e+04 -3.891026e+00
2.133900e+04 -3.894746e+00
2.134000e+04 -3.960352e+00
2.134100e+04 -4.063136e+00
2.134200e+04 -4.185974e+00
2.134300e+04 -4.302402e+00
2.134400e+04 -4.373535e+00
2.134500e+04 -4.385402e+00
2.134600e+04 -4.338282e+00
2.134700e+04 -4.269584e+00
2.134800e+04 -4.180914e+00
2.134900e+04 -4.130977e+00
2.135000e+04 -4.099313e+00
2.135100e+04 -4.124910e+00
2.135200e+04 -4.145060e+00
2.135300e+04 -4.190781e+00
2.135400e+04 -4.195054e+00
2.135500e+04 -4.212584e+00
2.135600e+04 -4.181659e+00
2.135700e+04 -4.183733e+00
2.135800e+04 -4.149734e+00
2.135900e+04 -4.162632e+00
2.136000e+04 -4.139810e+00
2.136100e+04 -4.169094e+00
2.136200e+04 -4.159504e+00
2.136300e+04 -4.214139e+00
2.136400e+04 -4.233830e+00
2.136500e+04 -4.306343e+00
2.136600e+04 -4.276671e+00
2.136700e+04 -4.195932e+00
2.136800e+04 -3.858282e+00
2.136900e+04 -3.295222e+00
2.137000e+04 -2.346738e+00
2.137100e+04 -1.164225e+00
2.137200e+04 2.859999e-01
2.137300e+04 1.691618e+00
2.137400e+04 2.972682e+00
2.137500e+04 3.775877e+00
2.137600e+04 4.082110e+00
2.137700e+04 3.687667e+00
2.137800e+04 2.786501e+00
2.137900e+04 1.382640e+00
2.138000e+04 -1.467415e-01
2.138100e+04 -1.696141e+00
2.138200e+04 -2.882574e+00
2.138300e+04 -3.683347e+00
2.138400e+04 -3.835658e+00
2.138500e+04 -3.493361e+00
2.138600e+04 -2.566023e+00
2.138700e+04 -1.343867e+00
2.138800e+04 1.482928e-01
2.138900e+04 1.534807e+00
2.139000e+04 2.765393e+00
2.139100e+04 3.494094e+00
2.139200e+04 3.761402e+00
2.139300e+04 3.359907e+00
2.139400e+04 2.508401e+00
2.139500e+04 1.184804e+00
2.139600e+04 -2.435538e-01
2.139700e+04 -1.713569e+00
2.139800e+04 -2.870573e+00
2.139900e+04 -3.761659e+00
2.140000e+04 -4.186077e+00
2.140100e+04 -4.355220e+00
2.140200e+04 -4.226198e+00
2.140300e+04 -4.085596e+00
2.140400e+04 -3.877328e+00
2.140500e+04 -3.824579e+00
2.140600e+04 -3.784997e+00
2.140700e+04 -3.882928e+00
2.140800e+04 -3.927396e+00
2.140900e+04 -4.038681e+00
2.141000e+04 -4.058575e+00
2.141100e+04 -4.142532e+00
2.141200e+04 -4.162255e+00
2.141300e+04 -4.259683e+00
2.141400e+04 -4.256881e+00
2.141500e+04 -4.214131e+00
2.141600e+04 -3.916835e+00
2.141700e+04 -3.407076e+00
2.141800e+04 -2.506461e+00
2.141900e+04 -1.362267e+00
2.142000e+04 4.208717e-02
2.142100e+04 1.422072e+00
2.142200e+04 2.684296e+00
2.142300e+04 3.524153e+00
2.142400e+04 3.879766e+00
2.142500e+04 3.589272e+00
2.142600e+04 2.802513e+00
2.142700e+04 1.555689e+00
2.142800e+04 1.408823e-01
2.142900e+04 -1.301147e+00
2.143000e+04 -2.509383e+00
2.143100e+04 -3.429549e+00
2.143200e+04 -3.960640e+00
2.143300e+04 -4.222377e+00
2.143400e+04 -4.245509e+00
2.143500e+04 -4.191278e+00
2.143600e+04 -4.103850e+00
2.143700e+04 -4.074405e+00
2.143800e+04 -4.068402e+00
2.143900e+04 -4.092571e+00
2.144000e+04 -4.071461e+00
2.144100e+04 -4.127817e+00
2.144200e+04 -4.054232e+00
2.144300e+04 -4.103810e+00
2.144400e+04 -4.056222e+00
2.144500e+04 -4.122859e+00
2.144600e+04 -4.028841e+00
2.144700e+04 -3.915086e+00
2.144800e+04 -3.461044e+00
2.144900e+04 -2.846071e+00
2.145000e+04 -1.836300e+00
2.145100e+04 -7.102624e-01
2.145200e+04 6.252174e-01
2.145300e+04 1.797584e+00
2.145400e+04 2.885962e+00
2.145500e+04 3.562309e+00
2.145600e+04 4.027466e+00
2.145700e+04 4.121607e+00
2.145800e+04 4.152539e+00
2.145900e+04 4.021322e+00
2.146000e+04 4.043318e+00
2.146100e+04 4.032807e+00
2.146200e+04 4.156048e+00
2.146300e+04 4.108558e+00
2.146400e+04 3.973791e+00
2.146500e+04 3.414222e+00
2.146600e+04 2.581421e+00
2.146700e+04 1.298756e+00
2.146800e+04 -1.199400e-01
2.146900e+04 -1.679845e+00
2.147000e+04 -2.948221e+00
2.147100e+04 -3.906943e+00
2.147200e+04 -4.188428e+00
2.147300e+04 -3.933536e+00
2.147400e+04 -3.004065e+00
2.147500e+04 -1.746068e+00
2.147600e+04 -1.843820e-01
2.147700e+04 1.248968e+00
2.147800e+04 2.556721e+00
2.147900e+04 3.420877e+00
2.148000e+04 3.996680e+00
2.148100e+04 4.155447e+00
2.148200e+04 4.188698e+00
2.148300e+04 4.017571e+00
2.148400e+04 3.928095e+00
2.148500e+04 3.780031e+00
2.148600e+04 3.767696e+00
2.148700e+04 3.696578e+00
2.148800e+04 3.719206e+00
2.148900e+04 3.650603e+00
2.149000e+04 3.704315e+00
2.149100e+04 3.729143e+00
2.149200e+04 3.920343e+00
2.149300e+04 4.083306e+00
2.149400e+04 4.328376e+00
2.149500e+04 4.374520e+00
2.149600e+04 4.256837e+00
2.149700e+04 3.695206e+00
2.149800e+04 2.830824e+00
2.149900e+04 1.536179e+00
2.150000e+04 1.189592e-01
2.150100e+04 -1.391112e+00
2.150200e+04 -2.620185e+00
2.150300e+04 -3.571858e+00
2.150400e+04 -4.015589e+00
2.150500e+04 -4.161012e+00
2.150600e+04 -3.955322e+00
2.150700e+04 -3.725198e+00
2.150800e+04 -3.457924e+00
2.150900e+04 -3.394547e+00
2.151000e+04 -3.365973e+00
2.151100e+04 -3.445450e+00
2.151200e+04 -3.339447e+00
2.151300e+04 -3.082650e+00
2.151400e+04 -2.439978e+00
2.151500e+04 -1.582768e+00
2.151600e+04 -4.390826e-01
2.151700e+04 6.900035e-01
2.151800e+04 1.810291e+00
2.151900e+04 2.645214e+00
2.152000e+04 3.298020e+00
2.152100e+04 3.631167e+00
2.152200e+04 3.869937e+00
2.152300e+04 3.948175e+00
2.152400e+04 4.093443e+00
2.152500e+04 4.167754e+00
2.152600e+04 4.295185e+00
2.152700e+04 4.234885e+00
2.152800e+04 4.026655e+00
2.152900e+04 3.432737e+00
2.153000e+04 2.574805e+00
2.153100e+04 1.326531e+00
2.153200e+04 -4.250479e-02
2.153300e+04 -1.511597e+00
2.153400e+04 -2.724114e+00
2.153500e+04 -3.644946e+00
2.153600e+04 -3.974217e+00
2.153700e+04 -3.799460e+00
2.153800e+04 -2.986948e+00
2.153900e+04 -1.801381e+00
2.154000e+04 -2.628019e-01
2.154100e+04 1.255890e+00
2.154200e+04 2.684414e+00
2.154300e+04 3.656072e+00
2.154400e+04 4.181512e+00
2.154500e+04 4.032029e+00
2.154600e+04 3.370955e+00
2.154700e+04 2.138602e+00
2.154800e+04 6.749250e-01
2.154900e+04 -9.535060e-01
2.155000e+04 -2.344486e+00
2.155100e+04 -3.425889e+00
2.155200e+04 -3.877066e+00
2.155300e+04 -3.799938e+00
2.155400e+04 -3.062958e+00
2.155500e+04 -1.957977e+00
2.155600e+04 -5.298606e-01
2.155700e+04 8.343626e-01
2.155800e+04 2.110858e+00
2.155900e+04 3.002286e+00
2.156000e+04 3.627649e+00
2.156100e+04 3.875674e+00
2.156200e+04 4.014588e+00
2.156300e+04 3.990560e+00
2.156400e+04 4.069817e+00
2.156500e+04 4.119790e+00
2.156600e+04 4.281605e+00
2.156700e+04 4.280813e+00
2.156800e+04 4.156783e+00
2.156900e+04 3.632201e+00
2.157000e+04 2.817466e+00
2.157100e+04 1.550771e+00
2.157200e+04 1.273636e-01
2.157300e+04 -1.436836e+00
2.157400e+04 -2.731247e+00
2.157500e+04 -3.710148e+00
2.157600e+04 -4.029580e+00
2.157700e+04 -3.800633e+00
2.157800e+04 -2.891697e+00
2.157900e+04 -1.637432e+00
2.158000e+04 -7.116824e-02
2.158100e+04 1.385296e+00
2.158200e+04 2.713063e+00
2.158300e+04 3.599054e+00
2.158400e+04 4.201912e+00
2.158500e+04 4.371233e+00
2.158600e+04 4.396019e+00
2.158700e+04 4.202277e+00
2.158800e+04 4.077992e+00
2.158900e+04 3.885491e+00
2.159000e+04 3.833735e+00
2.159100e+04 3.708781e+00
2.159200e+04 3.694127e+00
2.159300e+04 3.573866e+00
2.159400e+04 3.547698e+00
2.159500e+04 3.440044e+00
2.159600e+04 3.476100e+00
2.159700e+04 3.461851e+00
2.159800e+04 3.607265e+00
2.159900e+04 3.684253e+00
2.160000e+04 3.875507e+00
2.160100e+04 3.940176e+00
2.160200e+04 4.118712e+00
2.160300e+04 4.144779e+00
2.160400e+04 4.288147e+00
2.160500e+04 4.274726e+00
2.160600e+04 4.343105e+00
2.160700e+04 4.150653e+00
2.160800e+04 3.899296e+00
2.160900e+04 3.244066e+00
2.161000e+04 2.416761e+00
2.161100e+04 1.153942e+00
2.161200e+04 -1.625794e-01
2.161300e+04 -1.660179e+00
2.161400e+04 -2.849226e+00
2.161500e+04 -3.820403e+00
2.161600e+04 -4.105081e+00
2.161700e+04 -3.912155e+00
2.161800e+04 -2.971470e+00
2.161900e+04 -1.693081e+00
2.162000e+04 1.505935e-02
2.162100e+04 1.599384e+00
2.162200e+04 3.103344e+00
2.162300e+04 4.006418e+00
2.162400e+04 4.463038e+00
2.162500e+04 4.122931e+00
2.162600e+04 3.332396e+00
2.162700e+04 1.929400e+00
2.162800e+04 4.195049e-01
2.162900e+04 -1.249143e+00
2.163000e+04 -2.537285e+00
2.163100e+04 -3.534970e+00
2.163200e+04 -3.795636e+00
2.163300e+04 -3.570044e+00
2.163400e+04 -2.628347e+00
2.163500e+04 -1.405296e+00
2.163600e+04 1.751737e-01
2.163700e+04 1.585058e+00
2.163800e+04 2.913911e+00
2.163900e+04 3.739159e+00
2.164000e+04 4.303211e+00
2.164100e+04 4.387538e+00
2.164200e+04 4.390632e+00
2.164300e+04 4.172841e+00
2.164400e+04 4.119261e+00
2.164500e+04 4.005304e+00
2.164600e+04 4.064763e+00
2.164700e+04 3.930807e+00
2.164800e+04 3.746952e+00
2.164900e+04 3.169766e+00
2.165000e+04 2.418871e+00
2.165100e+04 1.297274e+00
2.165200e+04 1.780967e-01
2.165300e+04 -1.023020e+00
2.165400e+04 -1.932643e+00
2.165500e+04 -2.703949e+00
2.165600e+04 -3.085153e+00
2.165700e+04 -3.355870e+00
2.165800e+04 -3.393171e+00
2.165900e+04 -3.497897e+00
2.166000e+04 -3.513614e+00
2.166100e+04 -3.665342e+00
2.166200e+04 -3.726591e+00
2.166300e+04 -3.851766e+00
2.166400e+04 -3.813384e+00
2.166500e+04 -3.791992e+00
2.166600e+04 -3.631500e+00
2.166700e+04 -3.551007e+00
2.166800e+04 -3.423682e+00
2.166900e+04 -3.444157e+00
2.167000e+04 -3.459731e+00
2.167100e+04 -3.598028e+00
2.167200e+04 -3.683541e+00
2.167300e+04 -3.843816e+00
2.167400e+04 -3.932504e+00
2.167500e+04 -4.078541e+00
2.167600e+04 -4.163521e+00
2.167700e+04 -4.279675e+00
2.167800e+04 -4.264413e+00
2.167900e+04 -4.150983e+00
2.168000e+04 -3.749138e+00
2.168100e+04 -3.088880e+00
2.168200e+04 -2.081150e+00
2.168300e+04 -8.611101e-01
2.168400e+04 5.191417e-01
2.168500e+04 1.827915e+00
2.168600e+04 2.966521e+00
2.168700e+04 3.756754e+00
2.168800e+04 4.209290e+00
2.168900e+04 4.333031e+00
2.169000e+04 4.264532e+00
2.169100e+04 4.107686e+00
2.169200e+04 4.001688e+00
2.169300e+04 3.982803e+00
2.169400e+04 4.033275e+00
2.169500e+04 4.050701e+00
2.169600e+04 3.894411e+00
2.169700e+04 3.443645e+00
2.169800e+04 2.604361e+00
2.169900e+04 1.410119e+00
2.170000e+04 -5.455332e-02
2.170100e+04 -1.560825e+00
2.170200e+04 -2.918927e+00
2.170300e+04 -3.852179e+00
2.170400e+04 -4.239662e+00
2.170500e+04 -3.960536e+00
2.170600e+04 -3.125029e+00
2.170700e+04 -1.804283e+00
2.170800e+04 -2.934510e-01
2.170900e+04 1.251230e+00
2.171000e+04 2.537695e+00
2.171100e+04 3.527956e+00
2.171200e+04 4.083987e+00
2.171300e+04 4.355805e+00
2.171400e+04 4.340068e+00
2.171500e+04 4.281689e+00
2.171600e+04 4.164450e+00
2.171700e+04 4.165339e+00
2.171800e+04 4.130498e+00
2.171900e+04 4.102579e+00
2.172000e+04 3.828454e+00
2.172100e+04 3.341244e+00
2.172200e+04 2.419297e+00
2.172300e+04 1.236839e+00
2.172400e+04 -2.477709e-01
2.172500e+04 -1.690192e+00
2.172600e+04 -3.021755e+00
2.172700e+04 -3.842269e+00
2.172800e+04 -4.174007e+00
2.172900e+04 -3.781436e+00
2.173000e+04 -2.891307e+00
2.173100e+04 -1.488260e+00
2.173200e+04 8.059978e-03
2.173300e+04 1.548943e+00
2.173400e+04 2.735298e+00
2.173500e+04 3.653319e+00
2.173600e+04 4.086939e+00
2.173700e+04 4.295563e+00
2.173800e+04 4.198000e+00
2.173900e+04 4.130670e+00
2.174000e+04 3.973218e+00
2.174100e+04 3.971545e+00
2.174200e+04 3.909011e+00
2.174300e+04 3.967756e+00
2.174400e+04 3.888167e+00
2.174500e+04 3.882841e+00
2.174600e+04 3.770913e+00
2.174700e+04 3.811906e+00
2.174800e+04 3.822808e+00
2.174900e+04 4.031483e+00
2.175000e+04 4.158408e+00
2.175100e+04 4.317299e+00
2.175200e+04 4.146804e+00
2.175300e+04 3.745394e+00
2.175400e+04 2.827103e+00
2.175500e+04 1.643690e+00
2.175600e+04 9.818581e-02
2.175700e+04 -1.378815e+00
2.175800e+04 -2.765869e+00
2.175900e+04 -3.615650e+00
2.176000e+04 -3.972923e+00
2.176100e+04 -3.612817e+00
2.176200e+04 -2.711760e+00
2.176300e+04 -1.303062e+00
2.176400e+04 2.698503e-01
2.176500e+04 1.881944e+00
2.176600e+04 3.158837e+00
2.176700e+04 4.031407e+00
2.176800e+04 4.238442e+00
2.176900e+04 3.914333e+00
2.177000e+04 2.967332e+00
2.177100e+04 1.712574e+00
2.177200e+04 1.914288e-01
2.177300e+04 -1.211495e+00
2.177400e+04 -2.484565e+00
2.177500e+04 -3.322708e+00
2.177600e+04 -3.893164e+00
2.177700e+04 -4.029696e+00
2.177800e+04 -4.028479e+00
2.177900e+04 -3.811202e+00
2.178000e+04 -3.691618e+00
2.178100e+04 -3.519572e+00
2.178200e+04 -3.538213e+00
2.178300e+04 -3.508224e+00
2.178400e+04 -3.640313e+00
2.178500e+04 -3.661092e+00
2.178600e+04 -3.797268e+00
2.178700e+04 -3.806552e+00
2.178800e+04 -3.946707e+00
2.178900e+04 -3.962560e+00
2.179000e+04 -4.110683e+00
2.179100e+04 -4.113626e+00
2.179200e+04 -4.227354e+00
2.179300e+04 -4.175061e+00
2.179400e+04 -4.247555e+00
2.179500e+04 -4.185128e+00
2.179600e+04 -4.291546e+00
2.179700e+04 -4.272039e+00
2.179800e+04 -4.378425e+00
2.179900e+04 -4.231248e+00
2.180000e+04 -4.029624e+00
2.180100e+04 -3.376338e+00
2.180200e+04 -2.529023e+00
2.180300e+04 -1.203359e+00
2.180400e+04 1.789640e-01
2.180500e+04 1.746340e+00
2.180600e+04 2.964211e+00
2.180700e+04 3.949036e+00
2.180800e+04 4.209696e+00
2.180900e+04 4.003658e+00
2.181000e+04 3.054682e+00
2.181100e+04 1.820784e+00
2.181200e+04 1.785830e-01
2.181300e+04 -1.290164e+00
2.181400e+04 -2.677299e+00
2.181500e+04 -3.430146e+00
2.181600e+04 -3.758731e+00
2.181700e+04 -3.295979e+00
2.181800e+04 -2.434983e+00
2.181900e+04 -9.901639e-01
2.182000e+04 4.742383e-01
2.182100e+04 2.064830e+00
2.182200e+04 3.236059e+00
2.182300e+04 4.196637e+00
2.182400e+04 4.572906e+00
2.182500e+04 4.775360e+00
2.182600e+04 4.594376e+00
2.182700e+04 4.523187e+00
2.182800e+04 4.338730e+00
2.182900e+04 4.423878e+00
2.183000e+04 4.393507e+00
2.183100e+04 4.461565e+00
2.183200e+04 4.146657e+00
2.183300e+04 3.675286e+00
2.183400e+04 2.668264e+00
2.183500e+04 1.510726e+00
2.183600e+04 1.829994e-02
2.183700e+04 -1.289173e+00
2.183800e+04 -2.560498e+00
2.183900e+04 -3.338338e+00
2.184000e+04 -3.898192e+00
2.184100e+04 -3.967113e+00
2.184200e+04 -3.966636e+00
2.184300e+04 -3.701823e+00
2.184400e+04 -3.597228e+00
2.184500e+04 -3.410928e+00
2.184600e+04 -3.461820e+00
2.184700e+04 -3.432317e+00
2.184800e+04 -3.604470e+00
2.184900e+04 -3.662604e+00
2.185000e+04 -3.898548e+00
2.185100e+04 -4.039964e+00
2.185200e+04 -4.370596e+00
2.185300e+04 -4.574362e+00
2.185400e+04 -4.853407e+00
2.185500e+04 -4.821955e+00
2.185600e+04 -4.628251e+00
2.185700e+04 -3.920087e+00
2.185800e+04 -2.935657e+00
2.185900e+04 -1.486579e+00
2.186000e+04 1.554471e-02
2.186100e+04 1.597377e+00
2.186200e+04 2.782715e+00
2.186300e+04 3.612857e+00
2.186400e+04 3.746542e+00
2.186500e+04 3.403769e+00
2.186600e+04 2.459830e+00
2.186700e+04 1.305340e+00
2.186800e+04 -6.654942e-02
2.186900e+04 -1.262894e+00
2.187000e+04 -2.352741e+00
2.187100e+04 -3.070250e+00
2.187200e+04 -3.605417e+00
2.187300e+04 -3.829476e+00
2.187400e+04 -3.986082e+00
2.187500e+04 -3.964566e+00
2.187600e+04 -3.977896e+00
2.187700e+04 -3.888581e+00
2.187800e+04 -3.858957e+00
2.187900e+04 -3.728251e+00
2.188000e+04 -3.645203e+00
2.188100e+04 -3.498427e+00
2.188200e+04 -3.429465e+00
2.188300e+04 -3.327363e+00
2.188400e+04 -3.327265e+00
2.188500e+04 -3.316871e+00
2.188600e+04 -3.398524e+00
2.188700e+04 -3.456320e+00
2.188800e+04 -3.582233e+00
2.188900e+04 -3.693929e+00
2.189000e+04 -3.868581e+00
2.189100e+04 -4.020395e+00
2.189200e+04 -4.199617e+00
2.189300e+04 -4.306228e+00
2.189400e+04 -4.356254e+00
2.189500e+04 -4.262809e+00
2.189600e+04 -4.087415e+00
2.189700e+04 -3.832885e+00
2.189800e+04 -3.599567e+00
2.189900e+04 -3.443007e+00
2.190000e+04 -3.442859e+00
2.190100e+04 -3.570501e+00
2.190200e+04 -3.763588e+00
2.190300e+04 -3.880886e+00
2.190400e+04 -3.766795e+00
2.190500e+04 -3.296112e+00
2.190600e+04 -2.412474e+00
2.190700e+04 -1.184077e+00
2.190800e+04 2.556002e-01
2.190900e+04 1.671424e+00
2.191000e+04 2.887033e+00
2.191100e+04 3.707685e+00
2.191200e+04 4.124332e+00
2.191300e+04 4.159536e+00
2.191400e+04 3.994686e+00
2.191500e+04 3.731485e+00
2.191600e+04 3.562628e+00
2.191700e+04 3.473497e+00
2.191800e+04 3.487096e+00
2.191900e+04 3.424193e+00
2.192000e+04 3.173309e+00
2.192100e+04 2.760496e+00
2.192200e+04 1.842028e+00
2.192300e+04 8.325036e-01
2.192400e+04 -4.991739e-01
2.192500e+04 -1.641635e+00
2.192600e+04 -2.784295e+00
2.192700e+04 -3.469937e+00
2.192800e+04 -4.003297e+00
2.192900e+04 -4.104483e+00
2.193000e+04 -4.188190e+00
2.193100e+04 -4.045960e+00
2.193200e+04 -4.088025e+00
2.193300e+04 -4.034259e+00
2.193400e+04 -4.151775e+00
2.193500e+04 -4.057880e+00
2.193600e+04 -3.917328e+00
2.193700e+04 -3.324003e+00
2.193800e+04 -2.512388e+00
2.193900e+04 -1.231571e+00
2.194000e+04 1.356300e-01
2.194100e+04 1.656894e+00
2.194200e+04 2.830209e+00
2.194300e+04 3.707943e+00
2.194400e+04 3.894160e+00
2.194500e+04 3.584749e+00
2.194600e+04 2.617941e+00
2.194700e+04 1.407072e+00
2.194800e+04 -6.652045e-02
2.194900e+04 -1.362456e+00
2.195000e+04 -2.540307e+00
2.195100e+04 -3.294693e+00
2.195200e+04 -3.851030e+00
2.195300e+04 -4.076934e+00
2.195400e+04 -4.256861e+00
2.195500e+04 -4.280491e+00
2.195600e+04 -4.394399e+00
2.195700e+04 -4.411089e+00
2.195800e+04 -4.499002e+00
2.195900e+04 -4.443274e+00
2.196000e+04 -4.402569e+00
2.196100e+04 -4.234515e+00
2.196200e+04 -4.152356e+00
2.196300e+04 -4.041270e+00
2.196400e+04 -4.104159e+00
2.196500e+04 -4.177022e+00
2.196600e+04 -4.344254e+00
2.196700e+04 -4.355229e+00
2.196800e+04 -4.214052e+00
2.196900e+04 -3.655712e+00
2.197000e+04 -2.766768e+00
2.197100e+04 -1.441931e+00
2.197200e+04 6.337130e-02
2.197300e+04 1.673249e+00
2.197400e+04 3.019988e+00
2.197500e+04 3.984849e+00
2.197600e+04 4.294820e+00
2.197700e+04 4.022067e+00
2.197800e+04 3.107259e+00
2.197900e+04 1.824713e+00
2.198000e+04 2.992345e-01
2.198100e+04 -1.130345e+00
2.198200e+04 -2.373678e+00
2.198300e+04 -3.218315e+00
2.198400e+04 -3.745107e+00
2.198500e+04 -3.920354e+00
2.198600e+04 -3.959563e+00
2.198700e+04 -3.899185e+00
2.198800e+04 -3.930358e+00
2.198900e+04 -3.995320e+00
2.199000e+04 -4.142084e+00
2.199100e+04 -4.192595e+00
2.199200e+04 -4.087768e+00
2.199300e+04 -3.614357e+00
2.199400e+04 -2.793761e+00
2.199500e+04 -1.558886e+00
2.199600e+04 -9.968996e-02
2.199700e+04 1.465160e+00
2.199800e+04 2.807664e+00
2.199900e+04 3.779557e+00
2.200000e+04 4.136105e+00
2.200100e+04 3.883334e+00
2.200200e+04 2.994392e+00
2.200300e+04 1.713105e+00
2.200400e+04 1.778671e-01
2.200500e+04 -1.294480e+00
2.200600e+04 -2.589255e+00
2.200700e+04 -3.503412e+00
2.200800e+04 -4.085491e+00
2.200900e+04 -4.292000e+00
2.201000e+04 -4.298718e+00
2.201100e+04 -4.118604e+00
2.201200e+04 -3.929762e+00
2.201300e+04 -3.704245e+00
2.201400e+04 -3.569540e+00
2.201500e+04 -3.447898e+00
2.201600e+04 -3.443048e+00
2.201700e+04 -3.457152e+00
2.201800e+04 -3.589974e+00
2.201900e+04 -3.728622e+00
2.202000e+04 -3.952633e+00
2.202100e+04 -4.117778e+00
2.202200e+04 -4.285336e+00
2.202300e+04 -4.311971e+00
2.202400e+04 -4.306860e+00
2.202500e+04 -4.161290e+00
2.202600e+04 -4.035589e+00
2.202700e+04 -3.867780e+00
2.202800e+04 -3.830465e+00
2.202900e+04 -3.816316e+00
2.203000e+04 -3.956341e+00
2.203100e+04 -4.079279e+00
2.203200e+04 -4.276123e+00
2.203300e+04 -4.354913e+00
2.203400e+04 -4.432374e+00
2.203500e+04 -4.348058e+00
2.203600e+04 -4.279181e+00
2.203700e+04 -4.104242e+00
2.203800e+04 -4.021142e+00
2.203900e+04 -3.899131e+00
2.204000e+04 -3.933280e+00
2.204100e+04 -3.938059e+00
2.204200e+04 -4.078437e+00
2.204300e+04 -4.147355e+00
2.204400e+04 -4.302135e+00
2.204500e+04 -4.315434e+00
2.204600e+04 -4.377044e+00
2.204700e+04 -4.291408e+00
2.204800e+04 -4.277553e+00
2.204900e+04 -4.155804e+00
2.205000e+04 -4.201229e+00
2.205100e+04 -4.215528e+00
2.205200e+04 -4.430616e+00
2.205300e+04 -4.582068e+00
2.205400e+04 -4.827728e+00
2.205500e+04 -4.817607e+00
2.205600e+04 -4.683671e+00
2.205700e+04 -4.067214e+00
2.205800e+04 -3.189892e+00
2.205900e+04 -1.831446e+00
2.206000e+04 -3.811264e-01
2.206100e+04 1.236279e+00
2.206200e+04 2.511575e+00
2.206300e+04 3.522254e+00
2.206400e+04 3.818928e+00
2.206500e+04 3.634581e+00
2.206600e+04 2.729225e+00
2.206700e+04 1.555010e+00
2.206800e+04 1.415908e-02
2.206900e+04 -1.352278e+00
2.207000e+04 -2.668016e+00
2.207100e+04 -3.477705e+00
2.207200e+04 -4.088226e+00
2.207300e+04 -4.224477e+00
2.207400e+04 -4.324139e+00
2.207500e+04 -4.168408e+00
2.207600e+04 -4.208990e+00
2.207700e+04 -4.116987e+00
2.207800e+04 -4.215905e+00
2.207900e+04 -4.056040e+00
2.208000e+04 -3.863399e+00
2.208100e+04 -3.257636e+00
2.208200e+04 -2.440402e+00
2.208300e+04 -1.258238e+00
2.208400e+04 -2.370751e-02
2.208500e+04 1.284089e+00
2.208600e+04 2.319306e+00
2.208700e+04 3.156965e+00
2.208800e+04 3.577513e+00
2.208900e+04 3.817494e+00
2.209000e+04 3.815995e+00
2.209100e+04 3.866885e+00
2.209200e+04 3.894164e+00
2.209300e+04 4.085783e+00
2.209400e+04 4.226572e+00
2.209500e+04 4.334774e+00
2.209600e+04 4.121230e+00
2.209700e+04 3.626611e+00
2.209800e+04 2.665102e+00
2.209900e+04 1.430795e+00
2.210000e+04 -5.398464e-02
2.210100e+04 -1.476519e+00
2.210200e+04 -2.770132e+00
2.210300e+04 -3.674265e+00
2.210400e+04 -4.254829e+00
2.210500e+04 -4.448437e+00
2.210600e+04 -4.458080e+00
2.210700e+04 -4.317995e+00
2.210800e+04 -4.233100e+00
2.210900e+04 -4.159917e+00
2.211000e+04 -4.158147e+00
2.211100e+04 -4.067751e+00
2.211200e+04 -3.839884e+00
2.211300e+04 -3.313647e+00
2.211400e+04 -2.516721e+00
2.211500e+04 -1.421147e+00
2.211600e+04 -1.849959e-01
2.211700e+04 1.088212e+00
2.211800e+04 2.199359e+00
2.211900e+04 3.069057e+00
2.212000e+04 3.634519e+00
2.212100e+04 3.950326e+00
2.212200e+04 4.082002e+00
2.212300e+04 4.169913e+00
2.212400e+04 4.292408e+00
2.212500e+04 4.479569e+00
2.212600e+04 4.681865e+00
2.212700e+04 4.782510e+00
2.212800e+04 4.654565e+00
2.212900e+04 4.168959e+00
2.213000e+04 3.300125e+00
2.213100e+04 2.072980e+00
2.213200e+04 6.512899e-01
2.213300e+04 -8.089634e-01
2.213400e+04 -2.078037e+00
2.213500e+04 -3.060571e+00
2.213600e+04 -3.649559e+00
2.213700e+04 -3.924042e+00
2.213800e+04 -3.924401e+00
2.213900e+04 -3.834787e+00
2.214000e+04 -3.694403e+00
2.214100e+04 -3.644230e+00
2.214200e+04 -3.622050e+00
2.214300e+04 -3.692206e+00
2.214400e+04 -3.750264e+00
2.214500e+04 -3.860447e+00
2.214600e+04 -3.929733e+00
2.214700e+04 -4.076133e+00
2.214800e+04 -4.204065e+00
2.214900e+04 -4.396017e+00
2.215000e+04 -4.483862e+00
2.215100e+04 -4.484964e+00
2.215200e+04 -4.178564e+00
2.215300e+04 -3.603835e+00
2.215400e+04 -2.611744e+00
2.215500e+04 -1.378234e+00
2.215600e+04 1.002343e-01
2.215700e+04 1.513721e+00
2.215800e+04 2.792021e+00
2.215900e+04 3.618116e+00
2.216000e+04 4.007705e+00
2.216100e+04 3.754080e+00
2.216200e+04 3.029124e+00
2.216300e+04 1.794858e+00
2.216400e+04 3.716232e-01
2.216500e+04 -1.176612e+00
2.216600e+04 -2.458105e+00
2.216700e+04 -3.415152e+00
2.216800e+04 -3.730481e+00
2.216900e+04 -3.497161e+00
2.217000e+04 -2.596325e+00
2.217100e+04 -1.343294e+00
2.217200e+04 2.042420e-01
2.217300e+04 1.626083e+00
2.217400e+04 2.875676e+00
2.217500e+04 3.658506e+00
2.217600e+04 4.116397e+00
2.217700e+04 4.158544e+00
2.217800e+04 4.106738e+00
2.217900e+04 3.932715e+00
2.218000e+04 3.910348e+00
2.218100e+04 3.899827e+00
2.218200e+04 4.036931e+00
2.218300e+04 4.080908e+00
2.218400e+04 4.135202e+00
2.218500e+04 4.000041e+00
2.218600e+04 3.889136e+00
2.218700e+04 3.700288e+00
2.218800e+04 3.674673e+00
2.218900e+04 3.666812e+00
2.219000e+04 3.806880e+00
2.219100e+04 3.818596e+00
2.219200e+04 3.722610e+00
2.219300e+04 3.233863e+00
2.219400e+04 2.472338e+00
2.219500e+04 1.312759e+00
2.219600e+04 5.309904e-02
2.219700e+04 -1.280375e+00
2.219800e+04 -2.349722e+00
2.219900e+04 -3.196470e+00
2.220000e+04 -3.632278e+00
2.220100e+04 -3.865439e+00
2.220200e+04 -3.852432e+00
2.220300e+04 -3.856676e+00
2.220400e+04 -3.810719e+00
2.220500e+04 -3.887034e+00
2.220600e+04 -3.922585e+00
2.220700e+04 -4.010012e+00
2.220800e+04 -3.980575e+00
2.220900e+04 -3.964478e+00
2.221000e+04 -3.864234e+00
2.221100e+04 -3.862409e+00
2.221200e+04 -3.881422e+00
2.221300e+04 -4.049204e+00
2.221400e+04 -4.190620e+00
2.221500e+04 -4.312006e+00
2.221600e+04 -4.181130e+00
2.221700e+04 -3.770904e+00
2.221800e+04 -2.907759e+00
2.221900e+04 -1.717192e+00
2.222000e+04 -2.170532e-01
2.222100e+04 1.311029e+00
2.222200e+04 2.710940e+00
2.222300e+04 3.670414e+00
2.222400e+04 4.090578e+00
2.222500e+04 3.822388e+00
2.222600e+04 2.978515e+00
2.222700e+04 1.650424e+00
2.222800e+04 1.284363e-01
2.222900e+04 -1.385127e+00
2.223000e+04 -2.619367e+00
2.223100e+04 -3.484951e+00
2.223200e+04 -3.916164e+00
2.223300e+04 -4.030583e+00
2.223400e+04 -3.949711e+00
2.223500e+04 -3.861788e+00
2.223600e+04 -3.860142e+00
2.223700e+04 -3.991708e+00
2.223800e+04 -4.174708e+00
2.223900e+04 -4.268875e+00
2.224000e+04 -4.108559e+00
2.224100e+04 -3.613355e+00
2.224200e+04 -2.681116e+00
2.224300e+04 -1.449872e+00
2.224400e+04 -1.867044e-02
2.224500e+04 1.365006e+00
2.224600e+04 2.566014e+00
2.224700e+04 3.422660e+00
2.224800e+04 3.939059e+00
2.224900e+04 4.128988e+00
2.225000e+04 4.118877e+00
2.225100e+04 4.002063e+00
2.225200e+04 3.885853e+00
2.225300e+04 3.811985e+00
2.225400e+04 3.803724e+00
2.225500e+04 3.837142e+00
2.225600e+04 3.880961e+00
2.225700e+04 3.934002e+00
2.225800e+04 3.975534e+00
2.225900e+04 4.022524e+00
2.226000e+04 4.058842e+00
2.226100e+04 4.115020e+00
2.226200e+04 4.138335e+00
2.226300e+04 4.146532e+00
2.226400e+04 4.101491e+00
2.226500e+04 4.057641e+00
2.226600e+04 3.987007e+00
2.226700e+04 3.987791e+00
2.226800e+04 4.033435e+00
2.226900e+04 4.173522e+00
2.227000e+04 4.292319e+00
2.227100e+04 4.364495e+00
2.227200e+04 4.199376e+00
2.227300e+04 3.748432e+00
2.227400e+04 2.872221e+00
2.227500e+04 1.668291e+00
2.227600e+04 1.593103e-01
2.227700e+04 -1.379912e+00
2.227800e+04 -2.794060e+00
2.227900e+04 -3.759981e+00
2.228000e+04 -4.191997e+00
2.228100e+04 -3.923884e+00
2.228200e+04 -3.103423e+00
2.228300e+04 -1.793465e+00
2.228400e+04 -3.224101e-01
2.228500e+04 1.169129e+00
2.228600e+04 2.379057e+00
2.228700e+04 3.293747e+00
2.228800e+04 3.791342e+00
2.228900e+04 4.040232e+00
2.229000e+04 4.041521e+00
2.229100e+04 4.018805e+00
2.229200e+04 3.946355e+00
2.229300e+04 3.971496e+00
2.229400e+04 3.974640e+00
2.229500e+04 4.026594e+00
2.229600e+04 3.994778e+00
2.229700e+04 3.975899e+00
2.229800e+04 3.866990e+00
2.229900e+04 3.815453e+00
2.230000e+04 3.754884e+00
2.230100e+04 3.814199e+00
2.230200e+04 3.889485e+00
2.230300e+04 4.061232e+00
2.230400e+04 4.188154e+00
2.230500e+04 4.334411e+00
2.230600e+04 4.374155e+00
2.230700e+04 4.393117e+00
2.230800e+04 4.297666e+00
2.230900e+04 4.202677e+00
2.231000e+04 4.028981e+00
2.231100e+04 3.880862e+00
2.231200e+04 3.696208e+00
2.231300e+04 3.575677e+00
2.231400e+04 3.446732e+00
2.231500e+04 3.411291e+00
2.231600e+04 3.401001e+00
2.231700e+04 3.477070e+00
2.231800e+04 3.551606e+00
2.231900e+04 3.673584e+00
2.232000e+04 3.749620e+00
2.232100e+04 3.827930e+00
2.232200e+04 3.869621e+00
2.232300e+04 3.946999e+00
2.232400e+04 4.023572e+00
2.232500e+04 4.146979e+00
2.232600e+04 4.225506e+00
2.232700e+04 4.216113e+00
2.232800e+04 3.995490e+00
2.232900e+04 3.500743e+00
2.233000e+04 2.664429e+00
2.233100e+04 1.545625e+00
2.233200e+04 2.298006e-01
2.233300e+04 -1.122987e+00
2.233400e+04 -2.361665e+00
2.233500e+04 -3.348747e+00
2.233600e+04 -4.009517e+00
2.233700e+04 -4.362943e+00
2.233800e+04 -4.459446e+00
2.233900e+04 -4.405767e+00
2.234000e+04 -4.272801e+00
2.234100e+04 -4.151325e+00
2.234200e+04 -4.025547e+00
2.234300e+04 -3.932864e+00
2.234400e+04 -3.819046e+00
2.234500e+04 -3.724775e+00
2.234600e+04 -3.601507e+00
2.234700e+04 -3.543313e+00
2.234800e+04 -3.505188e+00
2.234900e+04 -3.573379e+00
2.235000e+04 -3.674055e+00
2.235100e+04 -3.866558e+00
2.235200e+04 -4.022003e+00
2.235300e+04 -4.219833e+00
2.235400e+04 -4.339295e+00
2.235500e+04 -4.473683e+00
2.235600e+04 -4.509749e+00
2.235700e+04 -4.575503e+00
2.235800e+04 -4.535384e+00
2.235900e+04 -4.511562e+00
2.236000e+04 -4.373551e+00
2.236100e+04 -4.287367e+00
2.236200e+04 -4.126991e+00
2.236300e+04 -4.092060e+00
2.236400e+04 -4.052424e+00
2.236500e+04 -4.169224e+00
2.236600e+04 -4.218438e+00
2.236700e+04 -4.288387e+00
2.236800e+04 -4.081643e+00
2.236900e+04 -3.688101e+00
2.237000e+04 -2.858588e+00
2.237100e+04 -1.818509e+00
2.237200e+04 -4.538583e-01
2.237300e+04 8.707739e-01
2.237400e+04 2.208071e+00
2.237500e+04 3.188027e+00
2.237600e+04 3.958222e+00
2.237700e+04 4.270786e+00
2.237800e+04 4.418854e+00
2.237900e+04 4.246720e+00
2.238000e+04 4.106699e+00
2.238100e+04 3.825728e+00
2.238200e+04 3.720279e+00
2.238300e+04 3.544794e+00
2.238400e+04 3.574547e+00
2.238500e+04 3.521657e+00
2.238600e+04 3.656086e+00
2.238700e+04 3.677182e+00
2.238800e+04 3.861623e+00
2.238900e+04 3.889081e+00
2.239000e+04 4.034079e+00
2.239100e+04 3.977616e+00
2.239200e+04 4.030351e+00
2.239300e+04 3.901018e+00
2.239400e+04 3.951253e+00
2.239500e+04 3.904557e+00
2.239600e+04 4.108829e+00
2.239700e+04 4.212567e+00
2.239800e+04 4.476553e+00
2.239900e+04 4.450786e+00
2.240000e+04 4.296377e+00
2.240100e+04 3.751939e+00
2.240200e+04 2.814340e+00
2.240300e+04 1.549284e+00
2.240400e+04 8.921611e-02
2.240500e+04 -1.372156e+00
2.240600e+04 -2.645813e+00
2.240700e+04 -3.595406e+00
2.240800e+04 -4.155803e+00
2.240900e+04 -4.380950e+00
2.241000e+04 -4.362197e+00
2.241100e+04 -4.253494e+00
2.241200e+04 -4.140034e+00
2.241300e+04 -4.092694e+00
2.241400e+04 -4.040431e+00
2.241500e+04 -3.937953e+00
2.241600e+04 -3.620816e+00
2.241700e+04 -3.031948e+00
2.241800e+04 -2.101440e+00
2.241900e+04 -9.366744e-01
2.242000e+04 4.053122e-01
2.242100e+04 1.694956e+00
2.242200e+04 2.842204e+00
2.242300e+04 3.669611e+00
2.242400e+04 4.216914e+00
2.242500e+04 4.440288e+00
2.242600e+04 4.516327e+00
2.242700e+04 4.462253e+00
2.242800e+04 4.453753e+00
2.242900e+04 4.425952e+00
2.243000e+04 4.450760e+00
2.243100e+04 4.339151e+00
2.243200e+04 4.095590e+00
2.243300e+04 3.522178e+00
2.243400e+04 2.701514e+00
2.243500e+04 1.545586e+00
2.243600e+04 2.830615e-01
2.243700e+04 -1.068521e+00
2.243800e+04 -2.235649e+00
2.243900e+04 -3.231550e+00
2.244000e+04 -3.861094e+00
2.244100e+04 -4.289026e+00
2.244200e+04 -4.443004e+00
2.244300e+04 -4.556963e+00
2.244400e+04 -4.564941e+00
2.244500e+04 -4.651257e+00
2.244600e+04 -4.616756e+00
2.244700e+04 -4.540377e+00
2.244800e+04 -4.155209e+00
2.244900e+04 -3.522866e+00
2.245000e+04 -2.448616e+00
2.245100e+04 -1.159344e+00
2.245200e+04 3.897766e-01
2.245300e+04 1.831831e+00
2.245400e+04 3.134251e+00
2.245500e+04 3.919486e+00
2.245600e+04 4.234663e+00
2.245700e+04 3.863165e+00
2.245800e+04 3.036031e+00
2.245900e+04 1.692902e+00
2.246000e+04 2.271117e-01
2.246100e+04 -1.323191e+00
2.246200e+04 -2.542170e+00
2.246300e+04 -3.431088e+00
2.246400e+04 -3.662871e+00
2.246500e+04 -3.405948e+00
2.246600e+04 -2.523218e+00
2.246700e+04 -1.354852e+00
2.246800e+04 9.410715e-02
2.246900e+04 1.403970e+00
2.247000e+04 2.582072e+00
2.247100e+04 3.314921e+00
2.247200e+04 3.792135e+00
2.247300e+04 3.860458e+00
2.247400e+04 3.844264e+00
2.247500e+04 3.680386e+00
2.247600e+04 3.668470e+00
2.247700e+04 3.627864e+00
2.247800e+04 3.709424e+00
2.247900e+04 3.603187e+00
2.248000e+04 3.394302e+00
2.248100e+04 2.775076e+00
2.248200e+04 1.925956e+00
2.248300e+04 7.152345e-01
2.248400e+04 -5.223769e-01
2.248500e+04 -1.810424e+00
2.248600e+04 -2.779077e+00
2.248700e+04 -3.520671e+00
2.248800e+04 -3.809103e+00
2.248900e+04 -3.905989e+00
2.249000e+04 -3.735221e+00
2.249100e+04 -3.627799e+00
2.249200e+04 -3.495991e+00
2.249300e+04 -3.568469e+00
2.249400e+04 -3.608618e+00
2.249500e+04 -3.696237e+00
2.249600e+04 -3.506869e+00
2.249700e+04 -3.105137e+00
2.249800e+04 -2.254298e+00
2.249900e+04 -1.165649e+00
2.250000e+04 2.203498e-01
2.250100e+04 1.541633e+00
2.250200e+04 2.764899e+00
2.250300e+04 3.522435e+00
2.250400e+04 3.832288e+00
2.250500e+04 3.476172e+00
2.250600e+04 2.654962e+00
2.250700e+04 1.324077e+00
2.250800e+04 -1.602329e-01
2.250900e+04 -1.722111e+00
2.251000e+04 -2.972658e+00
2.251100e+04 -3.843139e+00
2.251200e+04 -4.056503e+00
2.251300e+04 -3.709021e+00
2.251400e+04 -2.698391e+00
2.251500e+04 -1.306647e+00
2.251600e+04 3.777430e-01
2.251700e+04 1.970313e+00
2.251800e+04 3.346048e+00
2.251900e+04 4.183534e+00
2.252000e+04 4.467628e+00
2.252100e+04 4.051469e+00
2.252200e+04 3.125981e+00
2.252300e+04 1.739618e+00
2.252400e+04 2.039981e-01
2.252500e+04 -1.332846e+00
2.252600e+04 -2.554371e+00
2.252700e+04 -3.381636e+00
2.252800e+04 -3.616553e+00
2.252900e+04 -3.326807e+00
2.253000e+04 -2.520389e+00
2.253100e+04 -1.410430e+00
2.253200e+04 -1.080545e-01
2.253300e+04 1.129059e+00
2.253400e+04 2.222788e+00
2.253500e+04 3.025575e+00
2.253600e+04 3.560314e+00
2.253700e+04 3.825010e+00
2.253800e+04 3.944477e+00
2.253900e+04 3.950353e+00
2.254000e+04 3.947546e+00
2.254100e+04 3.939335e+00
2.254200e+04 3.950011e+00
2.254300e+04 3.951222e+00
2.254400e+04 3.947262e+00
2.254500e+04 3.907977e+00
2.254600e+04 3.862894e+00
2.254700e+04 3.830939e+00
2.254800e+04 3.825495e+00
2.254900e+04 3.858016e+00
2.255000e+04 3.908729e+00
2.255100e+04 3.963975e+00
2.255200e+04 4.004089e+00
2.255300e+04 4.038923e+00
2.255400e+04 4.052123e+00
2.255500e+04 4.099674e+00
2.255600e+04 4.164972e+00
2.255700e+04 4.271070e+00
2.255800e+04 4.330576e+00
2.255900e+04 4.293197e+00
2.256000e+04 4.032963e+00
2.256100e+04 3.438583e+00
2.256200e+04 2.538045e+00
2.256300e+04 1.275035e+00
2.256400e+04 -1.382738e-01
2.256500e+04 -1.604782e+00
2.256600e+04 -2.818677e+00
2.256700e+04 -3.656830e+00
2.256800e+04 -3.901054e+00
2.256900e+04 -3.584521e+00
2.257000e+04 -2.699215e+00
2.257100e+04 -1.479901e+00
2.257200e+04 -7.858002e-02
2.257300e+04 1.213015e+00
2.257400e+04 2.279944e+00
2.257500e+04 2.978962e+00
2.257600e+04 3.367695e+00
2.257700e+04 3.484437e+00
2.257800e+04 3.530535e+00
2.257900e+04 3.585690e+00
2.258000e+04 3.769675e+00
2.258100e+04 4.035385e+00
2.258200e+04 4.321326e+00
2.258300e+04 4.440327e+00
2.258400e+04 4.264126e+00
2.258500e+04 3.654522e+00
2.258600e+04 2.621905e+00
2.258700e+04 1.237109e+00
2.258800e+04 -3.041129e-01
2.258900e+04 -1.801507e+00
2.259000e+04 -3.050808e+00
2.259100e+04 -3.945212e+00
2.259200e+04 -4.446166e+00
2.259300e+04 -4.628585e+00
2.259400e+04 -4.615455e+00
2.259500e+04 -4.529641e+00
2.259600e+04 -4.466315e+00
2.259700e+04 -4.452156e+00
2.259800e+04 -4.481835e+00
2.259900e+04 -4.486277e+00
2.260000e+04 -4.428698e+00
2.260100e+04 -4.290613e+00
2.260200e+04 -4.129155e+00
2.260300e+04 -3.976567e+00
2.260400e+04 -3.924750e+00
2.260500e+04 -3.959963e+00
2.260600e+04 -4.070483e+00
2.260700e+04 -4.113322e+00
2.260800e+04 -3.974223e+00
2.260900e+04 -3.492645e+00
2.261000e+04 -2.653895e+00
2.261100e+04 -1.440360e+00
2.261200e+04 -3.063351e-02
2.261300e+04 1.434581e+00
2.261400e+04 2.698369e+00
2.261500e+04 3.655333e+00
2.261600e+04 4.183541e+00
2.261700e+04 4.369171e+00
2.261800e+04 4.245738e+00
2.261900e+04 4.019823e+00
2.262000e+04 3.758490e+00
2.262100e+04 3.608273e+00
2.262200e+04 3.534632e+00
2.262300e+04 3.598881e+00
2.262400e+04 3.677280e+00
2.262500e+04 3.811551e+00
2.262600e+04 3.914512e+00
2.262700e+04 4.055411e+00
2.262800e+04 4.156325e+00
2.262900e+04 4.302521e+00
2.263000e+04 4.394716e+00
2.263100e+04 4.491703e+00
2.263200e+04 4.489107e+00
2.263300e+04 4.474623e+00
2.263400e+04 4.379049e+00
2.263500e+04 4.334420e+00
2.263600e+04 4.287559e+00
2.263700e+04 4.337726e+00
2.263800e+04 4.364955e+00
2.263900e+04 4.372275e+00
2.264000e+04 4.147566e+00
2.264100e+04 3.682979e+00
2.264200e+04 2.816018e+00
2.264300e+04 1.646673e+00
2.264400e+04 1.868006e-01
2.264500e+04 -1.286499e+00
2.264600e+04 -2.638783e+00
2.264700e+04 -3.548572e+00
2.264800e+04 -3.950673e+00
2.264900e+04 -3.662112e+00
2.265000e+04 -2.802286e+00
2.265100e+04 -1.412499e+00
2.265200e+04 1.969972e-01
2.265300e+04 1.858005e+00
2.265400e+04 3.213148e+00
2.265500e+04 4.142917e+00
2.265600e+04 4.402592e+00
2.265700e+04 4.053794e+00
2.265800e+04 3.083448e+00
2.265900e+04 1.743876e+00
2.266000e+04 1.609647e-01
2.266100e+04 -1.343758e+00
2.266200e+04 -2.667606e+00
2.266300e+04 -3.619023e+00
2.266400e+04 -4.260426e+00
2.266500e+04 -4.539242e+00
2.266600e+04 -4.638712e+00
2.266700e+04 -4.576458e+00
2.266800e+04 -4.503941e+00
2.266900e+04 -4.371308e+00
2.267000e+04 -4.264590e+00
2.267100e+04 -4.111347e+00
2.267200e+04 -3.990407e+00
2.267300e+04 -3.849032e+00
2.267400e+04 -3.825562e+00
2.267500e+04 -3.889244e+00
2.267600e+04 -4.115472e+00
2.267700e+04 -4.394887e+00
2.267800e+04 -4.682689e+00
2.267900e+04 -4.768774e+00
2.268000e+04 -4.568205e+00
2.268100e+04 -3.906112e+00
2.268200e+04 -2.816842e+00
2.268300e+04 -1.327574e+00
2.268400e+04 3.388590e-01
2.268500e+04 2.002775e+00
2.268600e+04 3.365602e+00
2.268700e+04 4.252269e+00
2.268800e+04 4.477821e+00
2.268900e+04 4.048752e+00
2.269000e+04 2.984507e+00
2.269100e+04 1.478878e+00
2.269200e+04 -2.635620e-01
2.269300e+04 -1.947040e+00
2.269400e+04 -3.335224e+00
2.269500e+04 -4.187478e+00
2.269600e+04 -4.398233e+00
2.269700e+04 -3.927956e+00
2.269800e+04 -2.882147e+00
2.269900e+04 -1.433987e+00
2.270000e+04 1.602954e-01
2.270100e+04 1.664273e+00
2.270200e+04 2.876937e+00
2.270300e+04 3.696100e+00
2.270400e+04 4.117851e+00
2.270500e+04 4.229461e+00
2.270600e+04 4.180425e+00
2.270700e+04 4.102410e+00
2.270800e+04 4.101959e+00
2.270900e+04 4.180895e+00
2.271000e+04 4.292438e+00
2.271100e+04 4.292783e+00
2.271200e+04 4.063991e+00
2.271300e+04 3.467776e+00
2.271400e+04 2.496855e+00
2.271500e+04 1.170116e+00
2.271600e+04 -3.351586e-01
2.271700e+04 -1.856026e+00
2.271800e+04 -3.125777e+00
2.271900e+04 -3.995823e+00
2.272000e+04 -4.302609e+00
2.272100e+04 -3.988592e+00
2.272200e+04 -3.183962e+00
2.272300e+04 -1.943506e+00
2.272400e+04 -5.467967e-01
2.272500e+04 8.889523e-01
2.272600e+04 2.090812e+00
2.272700e+04 3.038642e+00
2.272800e+04 3.612078e+00
2.272900e+04 3.921219e+00
2.273000e+04 3.971387e+00
2.273100e+04 3.965135e+00
2.273200e+04 3.900283e+00
2.273300e+04 3.911363e+00
2.273400e+04 3.887960e+00
2.273500e+04 3.846813e+00
2.273600e+04 3.616232e+00
2.273700e+04 3.184166e+00
2.273800e+04 2.418320e+00
2.273900e+04 1.437778e+00
2.274000e+04 2.495970e-01
2.274100e+04 -9.283972e-01
2.274200e+04 -2.038036e+00
2.274300e+04 -2.871915e+00
2.274400e+04 -3.460720e+00
2.274500e+04 -3.759413e+00
2.274600e+04 -3.929350e+00
2.274700e+04 -3.991670e+00
2.274800e+04 -4.121946e+00
2.274900e+04 -4.262092e+00
2.275000e+04 -4.436381e+00
2.275100e+04 -4.461165e+00
2.275200e+04 -4.274778e+00
2.275300e+04 -3.680997e+00
2.275400e+04 -2.724083e+00
2.275500e+04 -1.396042e+00
2.275600e+04 8.024359e-02
2.275700e+04 1.568716e+00
2.275800e+04 2.794886e+00
2.275900e+04 3.697336e+00
2.276000e+04 4.151266e+00
2.276100e+04 4.282809e+00
2.276200e+04 4.155906e+00
2.276300e+04 3.988597e+00
2.276400e+04 3.835891e+00
2.276500e+04 3.831140e+00
2.276600e+04 3.902586e+00
2.276700e+04 4.066266e+00
2.276800e+04 4.188862e+00
2.276900e+04 4.283476e+00
2.277000e+04 4.281033e+00
2.277100e+04 4.268241e+00
2.277200e+04 4.223700e+00
2.277300e+04 4.219401e+00
2.277400e+04 4.168448e+00
2.277500e+04 4.064895e+00
2.277600e+04 3.745745e+00
2.277700e+04 3.166008e+00
2.277800e+04 2.244112e+00
2.277900e+04 1.068185e+00
2.278000e+04 -3.044959e-01
2.278100e+04 -1.658127e+00
2.278200e+04 -2.861591e+00
2.278300e+04 -3.730058e+00
2.278400e+04 -4.261305e+00
2.278500e+04 -4.437978e+00
2.278600e+04 -4.390030e+00
2.278700e+04 -4.205302e+00
2.278800e+04 -4.040106e+00
2.278900e+04 -3.916845e+00
2.279000e+04 -3.889874e+00
2.279100e+04 -3.889775e+00
2.279200e+04 -3.915813e+00
2.279300e+04 -3.906773e+00
2.279400e+04 -3.905545e+00
2.279500e+04 -3.912369e+00
2.279600e+04 -3.996986e+00
2.279700e+04 -4.129550e+00
2.279800e+04 -4.295566e+00
2.279900e+04 -4.370635e+00
2.280000e+04 -4.245300e+00
2.280100e+04 -3.769968e+00
2.280200e+04 -2.917136e+00
2.280300e+04 -1.689146e+00
2.280400e+04 -2.305627e-01
2.280500e+04 1.285217e+00
2.280600e+04 2.636851e+00
2.280700e+04 3.681766e+00
2.280800e+04 4.315355e+00
2.280900e+04 4.586555e+00
2.281000e+04 4.586924e+00
2.281100e+04 4.460768e+00
2.281200e+04 4.315503e+00
2.281300e+04 4.238276e+00
2.281400e+04 4.214760e+00
2.281500e+04 4.221634e+00
2.281600e+04 4.195902e+00
2.281700e+04 4.113251e+00
2.281800e+04 3.981633e+00
2.281900e+04 3.867687e+00
2.282000e+04 3.817373e+00
2.282100e+04 3.870348e+00
2.282200e+04 3.991143e+00
2.282300e+04 4.083790e+00
2.282400e+04 4.009024e+00
2.282500e+04 3.638815e+00
2.282600e+04 2.876700e+00
2.282700e+04 1.733151e+00
2.282800e+04 3.156204e-01
2.282900e+04 -1.183824e+00
2.283000e+04 -2.526111e+00
2.283100e+04 -3.490508e+00
2.283200e+04 -3.925773e+00
2.283300e+04 -3.752906e+00
2.283400e+04 -3.009522e+00
2.283500e+04 -1.833270e+00
2.283600e+04 -4.124647e-01
2.283700e+04 1.031561e+00
2.283800e+04 2.276168e+00
2.283900e+04 3.122891e+00
2.284000e+04 3.449802e+00
2.284100e+04 3.202679e+00
2.284200e+04 2.418161e+00
2.284300e+04 1.221900e+00
2.284400e+04 -1.850512e-01
2.284500e+04 -1.588225e+00
2.284600e+04 -2.780104e+00
2.284700e+04 -3.618693e+00
2.284800e+04 -4.058748e+00
2.284900e+04 -4.171217e+00
2.285000e+04 -4.079679e+00
2.285100e+04 -3.947438e+00
2.285200e+04 -3.902604e+00
2.285300e+04 -3.994624e+00
2.285400e+04 -4.179309e+00
2.285500e+04 -4.327227e+00
2.285600e+04 -4.251410e+00
2.285700e+04 -3.820143e+00
2.285800e+04 -2.966123e+00
2.285900e+04 -1.725835e+00
2.286000e+04 -2.459573e-01
2.286100e+04 1.253765e+00
2.286200e+04 2.568419e+00
2.286300e+04 3.532821e+00
2.286400e+04 4.087447e+00
2.286500e+04 4.284000e+00
2.286600e+04 4.252663e+00
2.286700e+04 4.138968e+00
2.286800e+04 4.069556e+00
2.286900e+04 4.097943e+00
2.287000e+04 4.186545e+00
2.287100e+04 4.210567e+00
2.287200e+04 4.036940e+00
2.287300e+04 3.554503e+00
2.287400e+04 2.700652e+00
2.287500e+04 1.521399e+00
2.287600e+04 1.417261e-01
2.287700e+04 -1.266689e+00
2.287800e+04 -2.532001e+00
2.287900e+04 -3.516183e+00
2.288000e+04 -4.151917e+00
2.288100e+04 -4.477829e+00
2.288200e+04 -4.511393e+00
2.288300e+04 -4.420106e+00
2.288400e+04 -4.240415e+00
2.288500e+04 -4.114744e+00
2.288600e+04 -4.010874e+00
2.288700e+04 -4.006763e+00
2.288800e+04 -4.026685e+00
2.288900e+04 -4.100396e+00
2.289000e+04 -4.147421e+00
2.289100e+04 -4.226035e+00
2.289200e+04 -4.260604e+00
2.289300e+04 -4.311079e+00
2.289400e+04 -4.308647e+00
2.289500e+04 -4.297045e+00
2.289600e+04 -4.227444e+00
2.289700e+04 -4.162679e+00
2.289800e+04 -4.064055e+00
2.289900e+04 -4.018974e+00
2.290000e+04 -4.005959e+00
2.290100e+04 -4.068994e+00
2.290200e+04 -4.132361e+00
2.290300e+04 -4.166715e+00
2.290400e+04 -4.016079e+00
2.290500e+04 -3.611201e+00
2.290600e+04 -2.850942e+00
2.290700e+04 -1.745284e+00
2.290800e+04 -3.395267e-01
2.290900e+04 1.178522e+00
2.291000e+04 2.606661e+00
2.291100e+04 3.675008e+00
2.291200e+04 4.203445e+00
2.291300e+04 4.070197e+00
2.291400e+04 3.276629e+00
2.291500e+04 1.950766e+00
2.291600e+04 3.282843e-01
2.291700e+04 -1.312408e+00
2.291800e+04 -2.698508e+00
2.291900e+04 -3.587578e+00
2.292000e+04 -3.874105e+00
2.292100e+04 -3.520272e+00
2.292200e+04 -2.625362e+00
2.292300e+04 -1.329823e+00
2.292400e+04 1.190965e-01
2.292500e+04 1.541481e+00
2.292600e+04 2.686717e+00
2.292700e+04 3.443785e+00
2.292800e+04 3.670367e+00
2.292900e+04 3.387758e+00
2.293000e+04 2.570341e+00
2.293100e+04 1.400798e+00
2.293200e+04 -3.365099e-02
2.293300e+04 -1.457523e+00
2.293400e+04 -2.730839e+00
2.293500e+04 -3.567802e+00
2.293600e+04 -3.930205e+00
2.293700e+04 -3.646210e+00
2.293800e+04 -2.852243e+00
2.293900e+04 -1.580302e+00
2.294000e+04 -1.451313e-01
2.294100e+04 1.347147e+00
2.294200e+04 2.554347e+00
2.294300e+04 3.471669e+00
2.294400e+04 3.922406e+00
2.294500e+04 4.097263e+00
2.294600e+04 3.967889e+00
2.294700e+04 3.841488e+00
2.294800e+04 3.677643e+00
2.294900e+04 3.691609e+00
2.295000e+04 3.693302e+00
2.295100e+04 3.764556e+00
2.295200e+04 3.586591e+00
2.295300e+04 3.236924e+00
2.295400e+04 2.476825e+00
2.295500e+04 1.526311e+00
2.295600e+04 2.876650e-01
2.295700e+04 -8.694930e-01
2.295800e+04 -2.004210e+00
2.295900e+04 -2.777179e+00
2.296000e+04 -3.370196e+00
2.296100e+04 -3.587822e+00
2.296200e+04 -3.760929e+00
2.296300e+04 -3.755138e+00
2.296400e+04 -3.903562e+00
2.296500e+04 -3.979017e+00
2.296600e+04 -4.187151e+00
2.296700e+04 -4.156373e+00
2.296800e+04 -4.038094e+00
2.296900e+04 -3.458556e+00
2.297000e+04 -2.663828e+00
2.297100e+04 -1.435033e+00
2.297200e+04 -1.922547e-01
2.297300e+04 1.187509e+00
2.297400e+04 2.231911e+00
2.297500e+04 3.133903e+00
2.297600e+04 3.572110e+00
2.297700e+04 3.908620e+00
2.297800e+04 3.940923e+00
2.297900e+04 4.122231e+00
2.298000e+04 4.212814e+00
2.298100e+04 4.545473e+00
2.298200e+04 4.718910e+00
2.298300e+04 4.940731e+00
2.298400e+04 4.719358e+00
2.298500e+04 4.275146e+00
2.298600e+04 3.228102e+00
2.298700e+04 1.983926e+00
2.298800e+04 3.368384e-01
2.298900e+04 -1.138951e+00
2.299000e+04 -2.560085e+00
2.299100e+04 -3.369037e+00
2.299200e+04 -3.793512e+00
2.299300e+04 -3.420173e+00
2.299400e+04 -2.686467e+00
2.299500e+04 -1.374626e+00
2.299600e+04 -5.336905e-02
2.299700e+04 1.439086e+00
2.299800e+04 2.539103e+00
2.299900e+04 3.508226e+00
2.300000e+04 3.929026e+00
2.300100e+04 4.230599e+00
2.300200e+04 4.135983e+00
2.300300e+04 4.157538e+00
2.300400e+04 4.011779e+00
2.300500e+04 4.126047e+00
2.300600e+04 4.083095e+00
2.300700e+04 4.182218e+00
2.300800e+04 3.896932e+00
2.300900e+04 3.505354e+00
2.301000e+04 2.576892e+00
2.301100e+04 1.534922e+00
2.301200e+04 1.048725e-01
2.301300e+04 -1.141787e+00
2.301400e+04 -2.413428e+00
2.301500e+04 -3.193745e+00
2.301600e+04 -3.827719e+00
2.301700e+04 -3.951077e+00
2.301800e+04 -4.056801e+00
2.301900e+04 -3.883341e+00
2.302000e+04 -3.915616e+00
2.302100e+04 -3.823889e+00
2.302200e+04 -3.999190e+00
2.302300e+04 -4.021275e+00
2.302400e+04 -4.224439e+00
2.302500e+04 -4.192587e+00
2.302600e+04 -4.291021e+00
2.302700e+04 -4.153897e+00
2.302800e+04 -4.181490e+00
2.302900e+04 -4.023269e+00
2.303000e+04 -4.060338e+00
2.303100e+04 -3.929264e+00
2.303200e+04 -3.989145e+00
2.303300e+04 -3.875962e+00
2.303400e+04 -3.960160e+00
2.303500e+04 -3.895360e+00
2.303600e+04 -4.046853e+00
2.303700e+04 -4.059666e+00
2.303800e+04 -4.261545e+00
2.303900e+04 -4.290814e+00
2.304000e+04 -4.439223e+00
2.304100e+04 -4.421673e+00
2.304200e+04 -4.439420e+00
2.304300e+04 -4.340879e+00
2.304400e+04 -4.309987e+00
2.304500e+04 -4.202003e+00
2.304600e+04 -4.183883e+00
2.304700e+04 -4.092645e+00
2.304800e+04 -4.073736e+00
2.304900e+04 -3.970178e+00
2.305000e+04 -3.941789e+00
2.305100e+04 -3.869699e+00
2.305200e+04 -3.910920e+00
2.305300e+04 -3.929469e+00
2.305400e+04 -4.019648e+00
2.305500e+04 -3.958575e+00
2.305600e+04 -3.772312e+00
2.305700e+04 -3.249073e+00
2.305800e+04 -2.450598e+00
2.305900e+04 -1.286891e+00
2.306000e+04 9.664774e-03
2.306100e+04 1.382678e+00
2.306200e+04 2.539423e+00
2.306300e+04 3.448803e+00
2.306400e+04 3.941511e+00
2.306500e+04 4.149288e+00
2.306600e+04 4.095056e+00
2.306700e+04 4.019445e+00
2.306800e+04 3.946877e+00
2.306900e+04 4.017431e+00
2.307000e+04 4.102758e+00
2.307100e+04 4.165280e+00
2.307200e+04 3.966523e+00
2.307300e+04 3.451212e+00
2.307400e+04 2.483887e+00
2.307500e+04 1.183286e+00
2.307600e+04 -3.763112e-01
2.307700e+04 -1.902195e+00
2.307800e+04 -3.228389e+00
2.307900e+04 -4.082111e+00
2.308000e+04 -4.379129e+00
2.308100e+04 -4.025337e+00
2.308200e+04 -3.146801e+00
2.308300e+04 -1.815671e+00
2.308400e+04 -2.886283e-01
2.308500e+04 1.269142e+00
2.308600e+04 2.581471e+00
2.308700e+04 3.514858e+00
2.308800e+04 3.895605e+00
2.308900e+04 3.708273e+00
2.309000e+04 2.925632e+00
2.309100e+04 1.713520e+00
2.309200e+04 2.053707e-01
2.309300e+04 -1.326077e+00
2.309400e+04 -2.681199e+00
2.309500e+04 -3.597406e+00
2.309600e+04 -3.963648e+00
2.309700e+04 -3.676322e+00
2.309800e+04 -2.817293e+00
2.309900e+04 -1.484319e+00
2.310000e+04 6.955349e-02
2.310100e+04 1.638695e+00
2.310200e+04 2.942054e+00
2.310300e+04 3.820205e+00
2.310400e+04 4.106465e+00
2.310500e+04 3.806567e+00
2.310600e+04 2.935341e+00
2.310700e+04 1.665638e+00
2.310800e+04 1.511842e-01
2.310900e+04 -1.351256e+00
2.311000e+04 -2.672746e+00
2.311100e+04 -3.584113e+00
2.311200e+04 -4.001505e+00
2.311300e+04 -3.837105e+00
2.311400e+04 -3.156030e+00
2.311500e+04 -2.016624e+00
2.311600e+04 -6.370596e-01
2.311700e+04 8.178512e-01
2.311800e+04 2.087941e+00
2.311900e+04 3.025071e+00
2.312000e+04 3.422157e+00
2.312100e+04 3.263379e+00
2.312200e+04 2.522715e+00
2.312300e+04 1.349952e+00
2.312400e+04 -1.292557e-01
2.312500e+04 -1.624680e+00
2.312600e+04 -2.964823e+00
2.312700e+04 -3.878118e+00
2.312800e+04 -4.267678e+00
2.312900e+04 -4.014209e+00
2.313000e+04 -3.219662e+00
2.313100e+04 -1.933013e+00
2.313200e+04 -4.183699e-01
2.313300e+04 1.156537e+00
2.313400e+04 2.475626e+00
2.313500e+04 3.413823e+00
2.313600e+04 3.761807e+00
2.313700e+04 3.544519e+00
2.313800e+04 2.734519e+00
2.313900e+04 1.562753e+00
2.314000e+04 1.355577e-01
2.314100e+04 -1.239789e+00
2.314200e+04 -2.461916e+00
2.314300e+04 -3.310487e+00
2.314400e+04 -3.844108e+00
2.314500e+04 -4.011846e+00
2.314600e+04 -4.031363e+00
2.314700e+04 -3.930704e+00
2.314800e+04 -3.925871e+00
2.314900e+04 -3.947039e+00
2.315000e+04 -4.070456e+00
2.315100e+04 -4.073229e+00
2.315200e+04 -3.941560e+00
2.315300e+04 -3.435284e+00
2.315400e+04 -2.633960e+00
2.315500e+04 -1.451412e+00
2.315600e+04 -1.485767e-01
2.315700e+04 1.236047e+00
2.315800e+04 2.378955e+00
2.315900e+04 3.292155e+00
2.316000e+04 3.793914e+00
2.316100e+04 4.061768e+00
2.316200e+04 4.025191e+00
2.316300e+04 3.960518e+00
2.316400e+04 3.796992e+00
2.316500e+04 3.739601e+00
2.316600e+04 3.632547e+00
2.316700e+04 3.622688e+00
2.316800e+04 3.513106e+00
2.316900e+04 3.505100e+00
2.317000e+04 3.453973e+00
2.317100e+04 3.586739e+00
2.317200e+04 3.749077e+00
2.317300e+04 4.106003e+00
2.317400e+04 4.377770e+00
2.317500e+04 4.617949e+00
2.317600e+04 4.452872e+00
2.317700e+04 3.974610e+00
2.317800e+04 2.938833e+00
2.317900e+04 1.613215e+00
2.318000e+04 -4.766214e-02
2.318100e+04 -1.605271e+00
2.318200e+04 -3.058610e+00
2.318300e+04 -4.027969e+00
2.318400e+04 -4.690317e+00
2.318500e+04 -4.858496e+00
2.318600e+04 -4.889112e+00
2.318700e+04 -4.702298e+00
2.318800e+04 -4.654945e+00
2.318900e+04 -4.551370e+00
2.319000e+04 -4.598122e+00
2.319100e+04 -4.449802e+00
2.319200e+04 -4.224918e+00
2.319300e+04 -3.550662e+00
2.319400e+04 -2.639663e+00
2.319500e+04 -1.274372e+00
2.319600e+04 1.606574e-01
2.319700e+04 1.738603e+00
2.319800e+04 2.974923e+00
2.319900e+04 3.941005e+00
2.320000e+04 4.228126e+00
2.320100e+04 4.063974e+00
2.320200e+04 3.219301e+00
2.320300e+04 2.108192e+00
2.320400e+04 6.434483e-01
2.320500e+04 -6.831168e-01
2.320600e+04 -1.970793e+00
2.320700e+04 -2.824249e+00
2.320800e+04 -3.495738e+00
2.320900e+04 -3.729457e+00
2.321000e+04 -3.929400e+00
2.321100e+04 -3.910451e+00
2.321200e+04 -4.054170e+00
2.321300e+04 -4.082425e+00
2.321400e+04 -4.257542e+00
2.321500e+04 -4.180310e+00
2.321600e+04 -4.034577e+00
2.321700e+04 -3.417338e+00
2.321800e+04 -2.623055e+00
2.321900e+04 -1.384230e+00
2.322000e+04 -1.427372e-01
2.322100e+04 1.242679e+00
2.322200e+04 2.283318e+00
2.322300e+04 3.197188e+00
2.322400e+04 3.612628e+00
2.322500e+04 3.897989e+00
2.322600e+04 3.831380e+00
2.322700e+04 3.865178e+00
2.322800e+04 3.752452e+00
2.322900e+04 3.864344e+00
2.323000e+04 3.828242e+00
2.323100e+04 3.895651e+00
2.323200e+04 3.590672e+00
2.323300e+04 3.158629e+00
2.323400e+04 2.209602e+00
2.323500e+04 1.115539e+00
2.323600e+04 -3.611751e-01
2.323700e+04 -1.684979e+00
2.323800e+04 -2.996934e+00
2.323900e+04 -3.739017e+00
2.324000e+04 -4.118758e+00
2.324100e+04 -3.711006e+00
2.324200e+04 -2.914098e+00
2.324300e+04 -1.502856e+00
2.324400e+04 -5.675903e-02
2.324500e+04 1.530993e+00
2.324600e+04 2.644639e+00
2.324700e+04 3.452363e+00
2.324800e+04 3.475997e+00
2.324900e+04 3.086494e+00
2.325000e+04 2.016458e+00
2.325100e+04 8.183618e-01
2.325200e+04 -6.604387e-01
2.325300e+04 -1.838040e+00
2.325400e+04 -2.940606e+00
2.325500e+04 -3.518083e+00
2.325600e+04 -3.961544e+00
2.325700e+04 -3.973354e+00
2.325800e+04 -4.037084e+00
2.325900e+04 -3.881617e+00
2.326000e+04 -3.959902e+00
2.326100e+04 -3.918606e+00
2.326200e+04 -4.130473e+00
2.326300e+04 -4.172679e+00
2.326400e+04 -4.385235e+00
2.326500e+04 -4.383506e+00
2.326600e+04 -4.548141e+00
2.326700e+04 -4.511665e+00
2.326800e+04 -4.674080e+00
2.326900e+04 -4.639485e+00
2.327000e+04 -4.734933e+00
2.327100e+04 -4.498707e+00
2.327200e+04 -4.216257e+00
2.327300e+04 -3.437346e+00
2.327400e+04 -2.528183e+00
2.327500e+04 -1.171257e+00
2.327600e+04 1.257892e-01
2.327700e+04 1.564365e+00
2.327800e+04 2.592548e+00
2.327900e+04 3.477788e+00
2.328000e+04 3.807166e+00
2.328100e+04 4.002756e+00
2.328200e+04 3.821226e+00
2.328300e+04 3.781710e+00
2.328400e+04 3.613256e+00
2.328500e+04 3.723100e+00
2.328600e+04 3.686935e+00
2.328700e+04 3.764809e+00
2.328800e+04 3.445860e+00
2.328900e+04 2.978313e+00
2.329000e+04 1.972120e+00
2.329100e+04 8.541893e-01
2.329200e+04 -6.024032e-01
2.329300e+04 -1.846396e+00
2.329400e+04 -3.073025e+00
2.329500e+04 -3.806330e+00
2.329600e+04 -4.356374e+00
2.329700e+04 -4.419591e+00
2.329800e+04 -4.446966e+00
2.329900e+04 -4.185967e+00
2.330000e+04 -4.081778e+00
2.330100e+04 -3.839240e+00
2.330200e+04 -3.821007e+00
2.330300e+04 -3.654178e+00
2.330400e+04 -3.653133e+00
2.330500e+04 -3.472985e+00
2.330600e+04 -3.448098e+00
2.330700e+04 -3.252280e+00
2.330800e+04 -3.249592e+00
2.330900e+04 -3.122185e+00
2.331000e+04 -3.210951e+00
2.331100e+04 -3.182181e+00
2.331200e+04 -3.355906e+00
2.331300e+04 -3.403781e+00
2.331400e+04 -3.645301e+00
2.331500e+04 -3.756512e+00
2.331600e+04 -4.047860e+00
2.331700e+04 -4.173194e+00
2.331800e+04 -4.410500e+00
2.331900e+04 -4.416358e+00
2.332000e+04 -4.469627e+00
2.332100e+04 -4.263217e+00
2.332200e+04 -4.143628e+00
2.332300e+04 -3.864768e+00
2.332400e+04 -3.783432e+00
2.332500e+04 -3.635386e+00
2.332600e+04 -3.700366e+00
2.332700e+04 -3.608752e+00
2.332800e+04 -3.520665e+00
2.332900e+04 -3.024904e+00
2.333000e+04 -2.320537e+00
2.333100e+04 -1.111828e+00
2.333200e+04 2.222820e-01
2.333300e+04 1.771047e+00
2.333400e+04 3.006485e+00
2.333500e+04 3.948727e+00
2.333600e+04 4.156487e+00
2.333700e+04 3.832303e+00
2.333800e+04 2.767912e+00
2.333900e+04 1.414148e+00
2.334000e+04 -2.359943e-01
2.334100e+04 -1.668700e+00
2.334200e+04 -2.942820e+00
2.334300e+04 -3.695677e+00
2.334400e+04 -4.170552e+00
2.334500e+04 -4.205982e+00
2.334600e+04 -4.177452e+00
2.334700e+04 -3.962234e+00
2.334800e+04 -3.899524e+00
2.334900e+04 -3.798337e+00
2.335000e+04 -3.882125e+00
2.335100e+04 -3.888528e+00
2.335200e+04 -4.017507e+00
2.335300e+04 -3.997120e+00
2.335400e+04 -4.047300e+00
2.335500e+04 -3.955513e+00
2.335600e+04 -3.956070e+00
2.335700e+04 -3.836020e+00
2.335800e+04 -3.816010e+00
2.335900e+04 -3.687045e+00
2.336000e+04 -3.643292e+00
2.336100e+04 -3.575591e+00
2.336200e+04 -3.545271e+00
2.336300e+04 -3.584797e+00
2.336400e+04 -3.697035e+00
2.336500e+04 -3.880088e+00
2.336600e+04 -4.060639e+00
2.336700e+04 -4.161640e+00
2.336800e+04 -4.031610e+00
2.336900e+04 -3.592714e+00
2.337000e+04 -2.746800e+00
2.337100e+04 -1.553931e+00
2.337200e+04 -7.993333e-02
2.337300e+04 1.426359e+00
2.337400e+04 2.784694e+00
2.337500e+04 3.690920e+00
2.337600e+04 4.034095e+00
2.337700e+04 3.687601e+00
2.337800e+04 2.780530e+00
2.337900e+04 1.403441e+00
2.338000e+04 -1.110408e-01
2.338100e+04 -1.594775e+00
2.338200e+04 -2.744082e+00
2.338300e+04 -3.539989e+00
2.338400e+04 -3.891702e+00
2.338500e+04 -3.979814e+00
2.338600e+04 -3.843058e+00
2.338700e+04 -3.741499e+00
2.338800e+04 -3.667123e+00
2.338900e+04 -3.772809e+00
2.339000e+04 -3.912758e+00
2.339100e+04 -4.133410e+00
2.339200e+04 -4.254725e+00
2.339300e+04 -4.352561e+00
2.339400e+04 -4.294875e+00
2.339500e+04 -4.252731e+00
2.339600e+04 -4.146812e+00
2.339700e+04 -4.130724e+00
2.339800e+04 -4.060666e+00
2.339900e+04 -4.010511e+00
2.340000e+04 -3.745028e+00
2.340100e+04 -3.296911e+00
2.340200e+04 -2.474427e+00
2.340300e+04 -1.418840e+00
2.340400e+04 -7.545352e-02
2.340500e+04 1.252878e+00
2.340600e+04 2.502723e+00
2.340700e+04 3.347146e+00
2.340800e+04 3.768801e+00
2.340900e+04 3.547643e+00
2.341000e+04 2.842617e+00
2.341100e+04 1.625894e+00
2.341200e+04 2.049998e-01
2.341300e+04 -1.335193e+00
2.341400e+04 -2.629747e+00
2.341500e+04 -3.599562e+00
2.341600e+04 -3.973755e+00
2.341700e+04 -3.813188e+00
2.341800e+04 -3.005377e+00
2.341900e+04 -1.798255e+00
2.342000e+04 -2.621894e-01
2.342100e+04 1.250264e+00
2.342200e+04 2.613084e+00
2.342300e+04 3.491523e+00
2.342400e+04 3.860870e+00
2.342500e+04 3.562552e+00
2.342600e+04 2.746162e+00
2.342700e+04 1.445362e+00
2.342800e+04 -3.126669e-02
2.342900e+04 -1.554472e+00
2.343000e+04 -2.793286e+00
2.343100e+04 -3.644637e+00
2.343200e+04 -3.899056e+00
2.343300e+04 -3.594839e+00
2.343400e+04 -2.691617e+00
2.343500e+04 -1.399874e+00
2.343600e+04 1.573576e-01
2.343700e+04 1.687890e+00
2.343800e+04 3.031640e+00
2.343900e+04 3.924241e+00
2.344000e+04 4.292120e+00
2.344100e+04 4.043869e+00
2.344200e+04 3.248639e+00
2.344300e+04 1.976560e+00
2.344400e+04 4.497893e-01
2.344500e+04 -1.142088e+00
2.344600e+04 -2.541265e+00
2.344700e+04 -3.554548e+00
2.344800e+04 -4.007520e+00
2.344900e+04 -3.833402e+00
2.345000e+04 -3.056101e+00
2.345100e+04 -1.800280e+00
2.345200e+04 -2.755491e-01
2.345300e+04 1.288012e+00
2.345400e+04 2.643689e+00
2.345500e+04 3.667995e+00
2.345600e+04 4.263148e+00
2.345700e+04 4.492858e+00
2.345800e+04 4.436548e+00
2.345900e+04 4.284172e+00
2.346000e+04 4.099452e+00
2.346100e+04 4.017998e+00
2.346200e+04 3.972755e+00
2.346300e+04 3.995482e+00
2.346400e+04 3.959001e+00
2.346500e+04 3.905501e+00
2.346600e+04 3.748698e+00
2.346700e+04 3.643102e+00
2.346800e+04 3.539905e+00
2.346900e+04 3.585159e+00
2.347000e+04 3.631373e+00
2.347100e+04 3.721333e+00
2.347200e+04 3.599847e+00
2.347300e+04 3.257081e+00
2.347400e+04 2.461890e+00
2.347500e+04 1.377815e+00
2.347600e+04 -4.667306e-02
2.347700e+04 -1.454154e+00
2.347800e+04 -2.768642e+00
2.347900e+04 -3.590800e+00
2.348000e+04 -3.941764e+00
2.348100e+04 -3.579478e+00
2.348200e+04 -2.756417e+00
2.348300e+04 -1.425636e+00
2.348400e+04 2.249599e-03
2.348500e+04 1.515670e+00
2.348600e+04 2.684346e+00
2.348700e+04 3.556538e+00
2.348800e+04 3.805404e+00
2.348900e+04 3.627898e+00
2.349000e+04 2.798476e+00
2.349100e+04 1.673082e+00
2.349200e+04 1.671016e-01
2.349300e+04 -1.251870e+00
2.349400e+04 -2.611559e+00
2.349500e+04 -3.437013e+00
2.349600e+04 -3.854464e+00
2.349700e+04 -3.519014e+00
2.349800e+04 -2.772134e+00
2.349900e+04 -1.475107e+00
2.350000e+04 -1.290431e-01
2.350100e+04 1.346000e+00
2.350200e+04 2.463415e+00
2.350300e+04 3.423982e+00
2.350400e+04 3.890717e+00
2.350500e+04 4.234022e+00
2.350600e+04 4.229531e+00
2.350700e+04 4.303086e+00
2.350800e+04 4.201488e+00
2.350900e+04 4.297369e+00
2.351000e+04 4.251646e+00
2.351100e+04 4.366708e+00
2.351200e+04 4.280157e+00
2.351300e+04 4.331848e+00
2.351400e+04 4.167328e+00
2.351500e+04 4.165900e+00
2.351600e+04 3.999888e+00
2.351700e+04 4.035408e+00
2.351800e+04 3.916931e+00
2.351900e+04 4.002387e+00
2.352000e+04 3.921828e+00
2.352100e+04 3.969081e+00
2.352200e+04 3.932263e+00
2.352300e+04 4.021049e+00
2.352400e+04 4.042894e+00
2.352500e+04 4.202492e+00
2.352600e+04 4.269702e+00
2.352700e+04 4.421329e+00
2.352800e+04 4.439898e+00
2.352900e+04 4.497319e+00
2.353000e+04 4.416982e+00
2.353100e+04 4.425792e+00
2.353200e+04 4.360930e+00
2.353300e+04 4.410469e+00
2.353400e+04 4.356038e+00
2.353500e+04 4.304917e+00
2.353600e+04 3.985253e+00
2.353700e+04 3.466467e+00
2.353800e+04 2.541245e+00
2.353900e+04 1.406853e+00
2.354000e+04 4.191279e-03
2.354100e+04 -1.348150e+00
2.354200e+04 -2.631325e+00
2.354300e+04 -3.554103e+00
2.354400e+04 -4.180085e+00
2.354500e+04 -4.392961e+00
2.354600e+04 -4.412864e+00
2.354700e+04 -4.222428e+00
2.354800e+04 -4.066242e+00
2.354900e+04 -3.896815e+00
2.355000e+04 -3.850429e+00
2.355100e+04 -3.812273e+00
2.355200e+04 -3.846850e+00
2.355300e+04 -3.823966e+00
2.355400e+04 -3.852844e+00
2.355500e+04 -3.861996e+00
2.355600e+04 -3.950817e+00
2.355700e+04 -4.043396e+00
2.355800e+04 -4.161450e+00
2.355900e+04 -4.136024e+00
2.356000e+04 -3.920741e+00
2.356100e+04 -3.364771e+00
2.356200e+04 -2.467530e+00
2.356300e+04 -1.236150e+00
2.356400e+04 1.604159e-01
2.356500e+04 1.571146e+00
2.356600e+04 2.784206e+00
2.356700e+04 3.678357e+00
2.356800e+04 4.190829e+00
2.356900e+04 4.369866e+00
2.357000e+04 4.337848e+00
2.357100e+04 4.230953e+00
2.357200e+04 4.181962e+00
2.357300e+04 4.221813e+00
2.357400e+04 4.328260e+00
2.357500e+04 4.356636e+00
2.357600e+04 4.213134e+00
2.357700e+04 3.718109e+00
2.357800e+04 2.862005e+00
2.357900e+04 1.629749e+00
2.358000e+04 2.092302e-01
2.358100e+04 -1.287047e+00
2.358200e+04 -2.553942e+00
2.358300e+04 -3.471833e+00
2.358400e+04 -3.816057e+00
2.358500e+04 -3.622617e+00
2.358600e+04 -2.805999e+00
2.358700e+04 -1.604511e+00
2.358800e+04 -8.813781e-02
2.358900e+04 1.392514e+00
2.359000e+04 2.722936e+00
2.359100e+04 3.555395e+00
2.359200e+04 3.883421e+00
2.359300e+04 3.500353e+00
2.359400e+04 2.616705e+00
2.359500e+04 1.226158e+00
2.359600e+04 -2.824628e-01
2.359700e+04 -1.836284e+00
2.359800e+04 -3.037335e+00
2.359900e+04 -3.940093e+00
2.360000e+04 -4.330626e+00
2.360100e+04 -4.464112e+00
2.360200e+04 -4.278372e+00
2.360300e+04 -4.142504e+00
2.360400e+04 -3.963543e+00
2.360500e+04 -4.008499e+00
2.360600e+04 -4.021857e+00
2.360700e+04 -4.109903e+00
2.360800e+04 -3.899711e+00
2.360900e+04 -3.504206e+00
2.361000e+04 -2.604080e+00
2.361100e+04 -1.466501e+00
2.361200e+04 3.548744e-02
2.361300e+04 1.453255e+00
2.361400e+04 2.809235e+00
2.361500e+04 3.628198e+00
2.361600e+04 4.025413e+00
2.361700e+04 3.664101e+00
2.361800e+04 2.876942e+00
2.361900e+04 1.544862e+00
2.362000e+04 1.633916e-01
2.362100e+04 -1.321708e+00
2.362200e+04 -2.428896e+00
2.362300e+04 -3.332409e+00
2.362400e+04 -3.717828e+00
2.362500e+04 -3.945073e+00
2.362600e+04 -3.828990e+00
2.362700e+04 -3.798751e+00
2.362800e+04 -3.650566e+00
2.362900e+04 -3.737696e+00
2.363000e+04 -3.748521e+00
2.363100e+04 -3.962151e+00
2.363200e+04 -4.025544e+00
2.363300e+04 -4.217538e+00
2.363400e+04 -4.228298e+00
2.363500e+04 -4.388956e+00
2.363600e+04 -4.389223e+00
2.363700e+04 -4.530679e+00
2.363800e+04 -4.432740e+00
2.363900e+04 -4.322526e+00
2.364000e+04 -3.802470e+00
2.364100e+04 -3.125090e+00
2.364200e+04 -1.968105e+00
2.364300e+04 -7.428741e-01
2.364400e+04 7.233306e-01
2.364500e+04 1.936518e+00
2.364600e+04 3.051117e+00
2.364700e+04 3.664677e+00
2.364800e+04 4.081723e+00
2.364900e+04 4.048533e+00
2.365000e+04 4.010891e+00
2.365100e+04 3.787532e+00
2.365200e+04 3.780753e+00
2.365300e+04 3.724593e+00
2.365400e+04 3.918144e+00
2.365500e+04 3.999107e+00
2.365600e+04 4.213432e+00
2.365700e+04 4.238563e+00
2.365800e+04 4.371701e+00
2.365900e+04 4.340815e+00
2.366000e+04 4.476138e+00
2.366100e+04 4.491213e+00
2.366200e+04 4.635142e+00
2.366300e+04 4.538202e+00
2.366400e+04 4.370792e+00
2.366500e+04 3.762597e+00
2.366600e+04 2.947748e+00
2.366700e+04 1.689092e+00
2.366800e+04 3.716302e-01
2.366900e+04 -1.095269e+00
2.367000e+04 -2.263518e+00
2.367100e+04 -3.239758e+00
2.367200e+04 -3.722103e+00
2.367300e+04 -3.986409e+00
2.367400e+04 -3.897277e+00
2.367500e+04 -3.845452e+00
2.367600e+04 -3.725222e+00
2.367700e+04 -3.815296e+00
2.367800e+04 -3.859446e+00
2.367900e+04 -3.960625e+00
2.368000e+04 -3.766986e+00
2.368100e+04 -3.310874e+00
2.368200e+04 -2.409110e+00
2.368300e+04 -1.221046e+00
2.368400e+04 2.276124e-01
2.368500e+04 1.628746e+00
2.368600e+04 2.898784e+00
2.368700e+04 3.793052e+00
2.368800e+04 4.354339e+00
2.368900e+04 4.531487e+00
2.369000e+04 4.529985e+00
2.369100e+04 4.383206e+00
2.369200e+04 4.289571e+00
2.369300e+04 4.223831e+00
2.369400e+04 4.269319e+00
2.369500e+04 4.307889e+00
2.369600e+04 4.367713e+00
2.369700e+04 4.347644e+00
2.369800e+04 4.316243e+00
2.369900e+04 4.234989e+00
2.370000e+04 4.204754e+00
2.370100e+04 4.171864e+00
2.370200e+04 4.171317e+00
2.370300e+04 4.068378e+00
2.370400e+04 3.803973e+00
2.370500e+04 3.234962e+00
2.370600e+04 2.353729e+00
2.370700e+04 1.125333e+00
2.370800e+04 -2.971637e-01
2.370900e+04 -1.765703e+00
2.371000e+04 -3.019847e+00
2.371100e+04 -3.882286e+00
2.371200e+04 -4.153724e+00
2.371300e+04 -3.807946e+00
2.371400e+04 -2.876018e+00
2.371500e+04 -1.538662e+00
2.371600e+04 5.919933e-04
2.371700e+04 1.477412e+00
2.371800e+04 2.705973e+00
2.371900e+04 3.537918e+00
2.372000e+04 3.970732e+00
2.372100e+04 4.065102e+00
2.372200e+04 3.960265e+00
2.372300e+04 3.799777e+00
2.372400e+04 3.713778e+00
2.372500e+04 3.742695e+00
2.372600e+04 3.860667e+00
2.372700e+04 3.956745e+00
2.372800e+04 3.878631e+00
2.372900e+04 3.493696e+00
2.373000e+04 2.725707e+00
2.373100e+04 1.578664e+00
2.373200e+04 1.592622e-01
2.373300e+04 -1.335369e+00
2.373400e+04 -2.683595e+00
2.373500e+04 -3.644990e+00
2.373600e+04 -4.052648e+00
2.373700e+04 -3.823658e+00
2.373800e+04 -2.995665e+00
2.373900e+04 -1.688806e+00
2.374000e+04 -1.319339e-01
2.374100e+04 1.430230e+00
2.374200e+04 2.746545e+00
2.374300e+04 3.628030e+00
2.374400e+04 3.931811e+00
2.374500e+04 3.650195e+00
2.374600e+04 2.832611e+00
2.374700e+04 1.621748e+00
2.374800e+04 1.951191e-01
2.374900e+04 -1.221310e+00
2.375000e+04 -2.438289e+00
2.375100e+04 -3.271021e+00
2.375200e+04 -3.611392e+00
2.375300e+04 -3.391808e+00
2.375400e+04 -2.646619e+00
2.375500e+04 -1.462437e+00
2.375600e+04 -1.731986e-02
2.375700e+04 1.481190e+00
2.375800e+04 2.791514e+00
2.375900e+04 3.700868e+00
2.376000e+04 4.036013e+00
2.376100e+04 3.747651e+00
2.376200e+04 2.870562e+00
2.376300e+04 1.550187e+00
2.376400e+04 7.123709e-03
2.376500e+04 -1.508873e+00
2.376600e+04 -2.777613e+00
2.376700e+04 -3.656155e+00
2.376800e+04 -4.101422e+00
2.376900e+04 -4.177170e+00
2.377000e+04 -4.018668e+00
2.377100e+04 -3.799939e+00
2.377200e+04 -3.654332e+00
2.377300e+04 -3.657242e+00
2.377400e+04 -3.776648e+00
2.377500e+04 -3.921405e+00
2.377600e+04 -3.904638e+00
2.377700e+04 -3.585119e+00
2.377800e+04 -2.846308e+00
2.377900e+04 -1.699958e+00
2.378000e+04 -2.302583e-01
2.378100e+04 1.328923e+00
2.378200e+04 2.738567e+00
2.378300e+04 3.714733e+00
2.378400e+04 4.110499e+00
2.378500e+04 3.804796e+00
2.378600e+04 2.888896e+00
2.378700e+04 1.500950e+00
2.378800e+04 -7.078195e-02
2.378900e+04 -1.612332e+00
2.379000e+04 -2.861255e+00
2.379100e+04 -3.732979e+00
2.379200e+04 -4.153117e+00
2.379300e+04 -4.266496e+00
2.379400e+04 -4.150289e+00
2.379500e+04 -4.020692e+00
2.379600e+04 -3.938072e+00
2.379700e+04 -4.010831e+00
2.379800e+04 -4.123495e+00
2.379900e+04 -4.232026e+00
2.380000e+04 -4.104604e+00
2.380100e+04 -3.680591e+00
2.380200e+04 -2.803984e+00
2.380300e+04 -1.585183e+00
2.380400e+04 -6.573677e-02
2.380500e+04 1.440639e+00
2.380600e+04 2.775133e+00
2.380700e+04 3.602732e+00
2.380800e+04 3.852159e+00
2.380900e+04 3.381333e+00
2.381000e+04 2.381444e+00
2.381100e+04 9.272478e-01
2.381200e+04 -6.144334e-01
2.381300e+04 -2.108299e+00
2.381400e+04 -3.234381e+00
2.381500e+04 -4.006624e+00
2.381600e+04 -4.317264e+00
2.381700e+04 -4.390440e+00
2.381800e+04 -4.236657e+00
2.381900e+04 -4.143934e+00
2.382000e+04 -4.073270e+00
2.382100e+04 -4.182974e+00
2.382200e+04 -4.264592e+00
2.382300e+04 -4.334158e+00
2.382400e+04 -4.108730e+00
2.382500e+04 -3.640622e+00
2.382600e+04 -2.732194e+00
2.382700e+04 -1.594997e+00
2.382800e+04 -1.988659e-01
2.382900e+04 1.125497e+00
2.383000e+04 2.382810e+00
2.383100e+04 3.283775e+00
2.383200e+04 3.951285e+00
2.383300e+04 4.231145e+00
2.383400e+04 4.379576e+00
2.383500e+04 4.314039e+00
2.383600e+04 4.307853e+00
2.383700e+04 4.235794e+00
2.383800e+04 4.294474e+00
2.383900e+04 4.275955e+00
2.384000e+04 4.365888e+00
2.384100e+04 4.335048e+00
2.384200e+04 4.407787e+00
2.384300e+04 4.385399e+00
2.384400e+04 4.513211e+00
2.384500e+04 4.550529e+00
2.384600e+04 4.671502e+00
2.384700e+04 4.565144e+00
2.384800e+04 4.341752e+00
2.384900e+04 3.676522e+00
2.385000e+04 2.759276e+00
2.385100e+04 1.414796e+00
2.385200e+04 -8.461088e-03
2.385300e+04 -1.523203e+00
2.385400e+04 -2.693438e+00
2.385500e+04 -3.528362e+00
2.385600e+04 -3.670836e+00
2.385700e+04 -3.308225e+00
2.385800e+04 -2.307089e+00
2.385900e+04 -1.019469e+00
2.386000e+04 5.406413e-01
2.386100e+04 1.946785e+00
2.386200e+04 3.177348e+00
2.386300e+04 3.862611e+00
2.386400e+04 4.096871e+00
2.386500e+04 3.656930e+00
2.386600e+04 2.760723e+00
2.386700e+04 1.352072e+00
2.386800e+04 -2.076759e-01
2.386900e+04 -1.878210e+00
2.387000e+04 -3.250939e+00
2.387100e+04 -4.265732e+00
2.387200e+04 -4.608972e+00
2.387300e+04 -4.369668e+00
2.387400e+04 -3.413137e+00
2.387500e+04 -2.024442e+00
2.387600e+04 -2.827355e-01
2.387700e+04 1.404349e+00
2.387800e+04 2.901379e+00
2.387900e+04 3.838156e+00
2.388000e+04 4.187511e+00
2.388100e+04 3.797016e+00
2.388200e+04 2.866358e+00
2.388300e+04 1.458351e+00
2.388400e+04 -7.137638e-02
2.388500e+04 -1.575505e+00
2.388600e+04 -2.758221e+00
2.388700e+04 -3.603517e+00
2.388800e+04 -4.010211e+00
2.388900e+04 -4.150581e+00
2.389000e+04 -4.088564e+00
2.389100e+04 -4.027497e+00
2.389200e+04 -3.993432e+00
2.389300e+04 -4.076947e+00
2.389400e+04 -4.182359e+00
2.389500e+04 -4.293447e+00
2.389600e+04 -4.303430e+00
2.389700e+04 -4.232753e+00
2.389800e+04 -4.084771e+00
2.389900e+04 -3.960971e+00
2.390000e+04 -3.909612e+00
2.390100e+04 -3.975638e+00
2.390200e+04 -4.102391e+00
2.390300e+04 -4.185179e+00
2.390400e+04 -4.071661e+00
2.390500e+04 -3.621569e+00
2.390600e+04 -2.777398e+00
2.390700e+04 -1.561133e+00
2.390800e+04 -1.298412e-01
2.390900e+04 1.345278e+00
2.391000e+04 2.624031e+00
2.391100e+04 3.588480e+00
2.391200e+04 4.144690e+00
2.391300e+04 4.374331e+00
2.391400e+04 4.333037e+00
2.391500e+04 4.218920e+00
2.391600e+04 4.083220e+00
2.391700e+04 4.056354e+00
2.391800e+04 4.062473e+00
2.391900e+04 4.137583e+00
2.392000e+04 4.157885e+00
2.392100e+04 4.171850e+00
2.392200e+04 4.072781e+00
2.392300e+04 3.997876e+00
2.392400e+04 3.885014e+00
2.392500e+04 3.877415e+00
2.392600e+04 3.873342e+00
2.392700e+04 3.977456e+00
2.392800e+04 4.045856e+00
2.392900e+04 4.168838e+00
2.393000e+04 4.184812e+00
2.393100e+04 4.228525e+00
2.393200e+04 4.165300e+00
2.393300e+04 4.153502e+00
2.393400e+04 4.059057e+00
2.393500e+04 4.047655e+00
2.393600e+04 3.969207e+00
2.393700e+04 3.989221e+00
2.393800e+04 3.954090e+00
2.393900e+04 4.042507e+00
2.394000e+04 4.083429e+00
2.394100e+04 4.239600e+00
2.394200e+04 4.283112e+00
2.394300e+04 4.317218e+00
2.394400e+04 4.077705e+00
2.394500e+04 3.660458e+00
2.394600e+04 2.806137e+00
2.394700e+04 1.720678e+00
2.394800e+04 2.868861e-01
2.394900e+04 -1.149366e+00
2.395000e+04 -2.579395e+00
2.395100e+04 -3.578742e+00
2.395200e+04 -4.177146e+00
2.395300e+04 -4.046606e+00
2.395400e+04 -3.381767e+00
2.395500e+04 -2.073790e+00
2.395600e+04 -5.261140e-01
2.395700e+04 1.227685e+00
2.395800e+04 2.702116e+00
2.395900e+04 3.877905e+00
2.396000e+04 4.364326e+00
2.396100e+04 4.301050e+00
2.396200e+04 3.492694e+00
2.396300e+04 2.284562e+00
2.396400e+04 6.519082e-01
2.396500e+04 -9.320198e-01
2.396600e+04 -2.439129e+00
2.396700e+04 -3.430212e+00
2.396800e+04 -3.959363e+00
2.396900e+04 -3.732458e+00
2.397000e+04 -3.016819e+00
2.397100e+04 -1.712561e+00
2.397200e+04 -2.425239e-01
2.397300e+04 1.363927e+00
2.397400e+04 2.635495e+00
2.397500e+04 3.580624e+00
2.397600e+04 3.838907e+00
2.397700e+04 3.577785e+00
2.397800e+04 2.630468e+00
2.397900e+04 1.357694e+00
2.398000e+04 -2.438179e-01
2.398100e+04 -1.715752e+00
2.398200e+04 -3.025297e+00
2.398300e+04 -3.768080e+00
2.398400e+04 -4.036995e+00
2.398500e+04 -3.613239e+00
2.398600e+04 -2.783133e+00
2.398700e+04 -1.514902e+00
2.398800e+04 -2.130854e-01
2.398900e+04 1.114942e+00
2.399000e+04 2.113232e+00
2.399100e+04 2.884365e+00
2.399200e+04 3.253752e+00
2.399300e+04 3.469223e+00
2.399400e+04 3.453466e+00
2.399500e+04 3.494232e+00
2.399600e+04 3.487499e+00
2.399700e+04 3.610259e+00
2.399800e+04 3.641738e+00
2.399900e+04 3.647487e+00
2.400000e+04 3.409814e+00
2.400100e+04 2.879148e+00
2.400200e+04 2.087177e+00
2.400300e+04 9.814631e-01
2.400400e+04 -2.165759e-01
2.400500e+04 -1.482398e+00
2.400600e+04 -2.500879e+00
2.400700e+04 -3.249869e+00
2.400800e+04 -3.460837e+00
2.400900e+04 -3.227644e+00
2.401000e+04 -2.398202e+00
2.401100e+04 -1.259259e+00
2.401200e+04 2.036765e-01
2.401300e+04 1.574726e+00
2.401400e+04 2.832716e+00
2.401500e+04 3.564194e+00
2.401600e+04 3.852434e+00
2.401700e+04 3.441616e+00
2.401800e+04 2.642361e+00
2.401900e+04 1.349103e+00
2.402000e+04 1.821893e-02
2.402100e+04 -1.404611e+00
2.402200e+04 -2.487612e+00
2.402300e+04 -3.409695e+00
2.402400e+04 -3.872969e+00
2.402500e+04 -4.212487e+00
2.402600e+04 -4.211173e+00
2.402700e+04 -4.260093e+00
2.402800e+04 -4.112821e+00
2.402900e+04 -4.123171e+00
2.403000e+04 -3.967836e+00
2.403100e+04 -3.957632e+00
2.403200e+04 -3.760759e+00
2.403300e+04 -3.716560e+00
2.403400e+04 -3.498667e+00
2.403500e+04 -3.491832e+00
2.403600e+04 -3.369034e+00
2.403700e+04 -3.492026e+00
2.403800e+04 -3.481147e+00
2.403900e+04 -3.673726e+00
2.404000e+04 -3.669477e+00
2.404100e+04 -3.804480e+00
2.404200e+04 -3.692603e+00
2.404300e+04 -3.728967e+00
2.404400e+04 -3.552653e+00
2.404500e+04 -3.573652e+00
2.404600e+04 -3.432568e+00
2.404700e+04 -3.527595e+00
2.404800e+04 -3.458528e+00
2.404900e+04 -3.610030e+00
2.405000e+04 -3.579151e+00
2.405100e+04 -3.742994e+00
2.405200e+04 -3.698942e+00
2.405300e+04 -3.833609e+00
2.405400e+04 -3.723258e+00
2.405500e+04 -3.711753e+00
2.405600e+04 -3.354239e+00
2.405700e+04 -2.984052e+00
2.405800e+04 -2.155932e+00
2.405900e+04 -1.266516e+00
2.406000e+04 1.670283e-02
2.406100e+04 1.189480e+00
2.406200e+04 2.466224e+00
2.406300e+04 3.268173e+00
2.406400e+04 3.802244e+00
2.406500e+04 3.569018e+00
2.406600e+04 2.931054e+00
2.406700e+04 1.605597e+00
2.406800e+04 1.603634e-01
2.406900e+04 -1.514336e+00
2.407000e+04 -2.769467e+00
2.407100e+04 -3.715107e+00
2.407200e+04 -3.847757e+00
2.407300e+04 -3.491462e+00
2.407400e+04 -2.375837e+00
2.407500e+04 -1.036722e+00
2.407600e+04 6.134927e-01
2.407700e+04 2.002622e+00
2.407800e+04 3.269396e+00
2.407900e+04 3.976959e+00
2.408000e+04 4.420631e+00
2.408100e+04 4.369582e+00
2.408200e+04 4.249866e+00
2.408300e+04 3.894876e+00
2.408400e+04 3.719528e+00
2.408500e+04 3.516476e+00
2.408600e+04 3.582667e+00
2.408700e+04 3.625996e+00
2.408800e+04 3.853791e+00
2.408900e+04 3.950055e+00
2.409000e+04 4.110667e+00
2.409100e+04 4.076155e+00
2.409200e+04 4.078698e+00
2.409300e+04 3.921513e+00
2.409400e+04 3.868191e+00
2.409500e+04 3.754661e+00
2.409600e+04 3.797395e+00
2.409700e+04 3.824997e+00
2.409800e+04 4.006703e+00
2.409900e+04 4.130520e+00
2.410000e+04 4.319875e+00
2.410100e+04 4.392400e+00
2.410200e+04 4.460576e+00
2.410300e+04 4.392198e+00
2.410400e+04 4.328431e+00
2.410500e+04 4.175890e+00
2.410600e+04 4.065234e+00
2.410700e+04 3.930861e+00
2.410800e+04 3.866604e+00
2.410900e+04 3.799527e+00
2.411000e+04 3.779900e+00
2.411100e+04 3.753350e+00
2.411200e+04 3.768335e+00
2.411300e+04 3.778812e+00
2.411400e+04 3.807387e+00
2.411500e+04 3.848867e+00
2.411600e+04 3.893468e+00
2.411700e+04 3.932823e+00
2.411800e+04 3.942147e+00
2.411900e+04 3.944480e+00
2.412000e+04 3.907099e+00
2.412100e+04 3.892733e+00
2.412200e+04 3.859691e+00
2.412300e+04 3.887590e+00
2.412400e+04 3.894263e+00
2.412500e+04 3.959945e+00
2.412600e+04 3.965503e+00
2.412700e+04 4.002128e+00
2.412800e+04 3.946501e+00
2.412900e+04 3.944847e+00
2.413000e+04 3.886769e+00
2.413100e+04 3.950736e+00
2.413200e+04 3.994460e+00
2.413300e+04 4.174838e+00
2.413400e+04 4.280602e+00
2.413500e+04 4.454486e+00
2.413600e+04 4.447597e+00
2.413700e+04 4.446218e+00
2.413800e+04 4.255886e+00
2.413900e+04 4.144280e+00
2.414000e+04 3.933420e+00
2.414100e+04 3.903634e+00
2.414200e+04 3.797552e+00
2.414300e+04 3.812034e+00
2.414400e+04 3.566194e+00
2.414500e+04 3.211545e+00
2.414600e+04 2.372297e+00
2.414700e+04 1.318628e+00
2.414800e+04 -1.723523e-01
2.414900e+04 -1.615636e+00
2.415000e+04 -3.090769e+00
2.415100e+04 -4.029005e+00
2.415200e+04 -4.546857e+00
2.415300e+04 -4.200304e+00
2.415400e+04 -3.351951e+00
2.415500e+04 -1.786052e+00
2.415600e+04 -9.586501e-02
2.415700e+04 1.787318e+00
2.415800e+04 3.212894e+00
2.415900e+04 4.312646e+00
2.416000e+04 4.586578e+00
2.416100e+04 4.267871e+00
2.416200e+04 3.259634e+00
2.416300e+04 1.878826e+00
2.416400e+04 2.080922e-01
2.416500e+04 -1.338134e+00
2.416600e+04 -2.710104e+00
2.416700e+04 -3.604265e+00
2.416800e+04 -4.155078e+00
2.416900e+04 -4.229920e+00
2.417000e+04 -4.152986e+00
2.417100e+04 -3.885667e+00
2.417200e+04 -3.747560e+00
2.417300e+04 -3.600085e+00
2.417400e+04 -3.630816e+00
2.417500e+04 -3.523455e+00
2.417600e+04 -3.356367e+00
2.417700e+04 -2.791469e+00
2.417800e+04 -1.988842e+00
2.417900e+04 -7.414396e-01
2.418000e+04 5.866674e-01
2.418100e+04 2.033838e+00
2.418200e+04 3.139068e+00
2.418300e+04 3.950983e+00
2.418400e+04 4.074246e+00
2.418500e+04 3.718835e+00
2.418600e+04 2.700912e+00
2.418700e+04 1.409560e+00
2.418800e+04 -2.092944e-01
2.418900e+04 -1.663673e+00
2.419000e+04 -3.004492e+00
2.419100e+04 -3.780769e+00
2.419200e+04 -4.150259e+00
2.419300e+04 -3.819365e+00
2.419400e+04 -3.107983e+00
2.419500e+04 -1.869410e+00
2.419600e+04 -5.616559e-01
2.419700e+04 8.947327e-01
2.419800e+04 2.054900e+00
2.419900e+04 3.061494e+00
2.420000e+04 3.594617e+00
2.420100e+04 3.971406e+00
2.420200e+04 3.994646e+00
2.420300e+04 4.049538e+00
2.420400e+04 3.964082e+00
2.420500e+04 4.057228e+00
2.420600e+04 4.035420e+00
2.420700e+04 4.091294e+00
2.420800e+04 3.837389e+00
2.420900e+04 3.440627e+00
2.421000e+04 2.574973e+00
2.421100e+04 1.525116e+00
2.421200e+04 1.273323e-01
2.421300e+04 -1.175494e+00
2.421400e+04 -2.439064e+00
2.421500e+04 -3.207915e+00
2.421600e+04 -3.586015e+00
2.421700e+04 -3.256189e+00
2.421800e+04 -2.511768e+00
2.421900e+04 -1.225899e+00
2.422000e+04 1.659863e-01
2.422100e+04 1.677239e+00
2.422200e+04 2.838937e+00
2.422300e+04 3.694546e+00
2.422400e+04 3.888739e+00
2.422500e+04 3.590506e+00
2.422600e+04 2.613069e+00
2.422700e+04 1.304788e+00
2.422800e+04 -3.479502e-01
2.422900e+04 -1.891753e+00
2.423000e+04 -3.277637e+00
2.423100e+04 -4.082547e+00
2.423200e+04 -4.358314e+00
2.423300e+04 -3.887883e+00
2.423400e+04 -2.929532e+00
2.423500e+04 -1.480242e+00
2.423600e+04 4.733515e-02
2.423700e+04 1.582031e+00
2.423800e+04 2.769554e+00
2.423900e+04 3.656505e+00
2.424000e+04 4.080300e+00
2.424100e+04 4.253633e+00
2.424200e+04 4.157192e+00
2.424300e+04 4.041495e+00
2.424400e+04 3.872542e+00
2.424500e+04 3.812879e+00
2.424600e+04 3.748368e+00
2.424700e+04 3.747397e+00
2.424800e+04 3.684891e+00
2.424900e+04 3.649088e+00
2.425000e+04 3.570811e+00
2.425100e+04 3.564004e+00
2.425200e+04 3.594568e+00
2.425300e+04 3.719172e+00
2.425400e+04 3.824282e+00
2.425500e+04 3.867363e+00
2.425600e+04 3.692754e+00
2.425700e+04 3.225345e+00
2.425800e+04 2.400578e+00
2.425900e+04 1.278760e+00
2.426000e+04 -3.951168e-02
2.426100e+04 -1.382326e+00
2.426200e+04 -2.566267e+00
2.426300e+04 -3.457725e+00
2.426400e+04 -3.981269e+00
2.426500e+04 -4.195678e+00
2.426600e+04 -4.161479e+00
2.426700e+04 -4.053129e+00
2.426800e+04 -3.942692e+00
2.426900e+04 -3.936469e+00
2.427000e+04 -3.939035e+00
2.427100e+04 -3.927744e+00
2.427200e+04 -3.686264e+00
2.427300e+04 -3.167998e+00
2.427400e+04 -2.226560e+00
2.427500e+04 -1.002886e+00
2.427600e+04 4.842147e-01
2.427700e+04 1.909452e+00
2.427800e+04 3.153857e+00
2.427900e+04 3.881155e+00
2.428000e+04 4.099763e+00
2.428100e+04 3.627048e+00
2.428200e+04 2.684818e+00
2.428300e+04 1.280352e+00
2.428400e+04 -2.135247e-01
2.428500e+04 -1.733960e+00
2.428600e+04 -2.892572e+00
2.428700e+04 -3.714321e+00
2.428800e+04 -3.890133e+00
2.428900e+04 -3.584578e+00
2.429000e+04 -2.648198e+00
2.429100e+04 -1.404990e+00
2.429200e+04 1.823561e-01
2.429300e+04 1.656069e+00
2.429400e+04 3.002094e+00
2.429500e+04 3.785537e+00
2.429600e+04 4.099851e+00
2.429700e+04 3.656651e+00
2.429800e+04 2.791211e+00
2.429900e+04 1.421222e+00
2.430000e+04 3.086340e-02
2.430100e+04 -1.410317e+00
2.430200e+04 -2.442140e+00
2.430300e+04 -3.247712e+00
2.430400e+04 -3.562154e+00
2.430500e+04 -3.749251e+00
2.430600e+04 -3.649282e+00
2.430700e+04 -3.681795e+00
2.430800e+04 -3.625563e+00
2.430900e+04 -3.792202e+00
2.431000e+04 -3.840998e+00
2.431100e+04 -4.024936e+00
2.431200e+04 -3.987567e+00
2.431300e+04 -4.019993e+00
2.431400e+04 -3.839566e+00
2.431500e+04 -3.823076e+00
2.431600e+04 -3.699875e+00
2.431700e+04 -3.825402e+00
2.431800e+04 -3.866353e+00
2.431900e+04 -4.110289e+00
2.432000e+04 -4.185930e+00
2.432100e+04 -4.361196e+00
2.432200e+04 -4.336623e+00
2.432300e+04 -4.428586e+00
2.432400e+04 -4.376344e+00
2.432500e+04 -4.487885e+00
2.432600e+04 -4.430779e+00
2.432700e+04 -4.427214e+00
2.432800e+04 -4.042363e+00
2.432900e+04 -3.489981e+00
2.433000e+04 -2.409976e+00
2.433100e+04 -1.158068e+00
2.433200e+04 4.474640e-01
2.433300e+04 1.875606e+00
2.433400e+04 3.247170e+00
2.433500e+04 4.064808e+00
2.433600e+04 4.599048e+00
2.433700e+04 4.583936e+00
2.433800e+04 4.498051e+00
2.433900e+04 4.181414e+00
2.434000e+04 4.127923e+00
2.434100e+04 4.058403e+00
2.434200e+04 4.266454e+00
2.434300e+04 4.288028e+00
2.434400e+04 4.283081e+00
2.434500e+04 3.761758e+00
2.434600e+04 3.006895e+00
2.434700e+04 1.720921e+00
2.434800e+04 3.782521e-01
2.434900e+04 -1.158124e+00
2.435000e+04 -2.347033e+00
2.435100e+04 -3.384035e+00
2.435200e+04 -3.892746e+00
2.435300e+04 -4.233984e+00
2.435400e+04 -4.185831e+00
2.435500e+04 -4.213320e+00
2.435600e+04 -4.094419e+00
2.435700e+04 -4.201237e+00
2.435800e+04 -4.212706e+00
2.435900e+04 -4.406928e+00
2.436000e+04 -4.407183e+00
2.436100e+04 -4.485094e+00
2.436200e+04 -4.344814e+00
2.436300e+04 -4.318557e+00
2.436400e+04 -4.146299e+00
2.436500e+04 -4.145293e+00
2.436600e+04 -4.011268e+00
2.436700e+04 -3.961127e+00
2.436800e+04 -3.603622e+00
2.436900e+04 -3.122048e+00
2.437000e+04 -2.198891e+00
2.437100e+04 -1.115389e+00
2.437200e+04 2.774448e-01
2.437300e+04 1.552493e+00
2.437400e+04 2.776925e+00
2.437500e+04 3.564529e+00
2.437600e+04 4.087713e+00
2.437700e+04 4.158402e+00
2.437800e+04 4.121129e+00
2.437900e+04 3.918602e+00
2.438000e+04 3.894092e+00
2.438100e+04 3.904017e+00
2.438200e+04 4.108795e+00
2.438300e+04 4.188500e+00
2.438400e+04 4.145605e+00
2.438500e+04 3.660903e+00
2.438600e+04 2.829478e+00
2.438700e+04 1.530294e+00
2.438800e+04 6.581140e-02
2.438900e+04 -1.485499e+00
2.439000e+04 -2.770144e+00
2.439100e+04 -3.752673e+00
2.439200e+04 -4.247926e+00
2.439300e+04 -4.421682e+00
2.439400e+04 -4.313700e+00
2.439500e+04 -4.175552e+00
2.439600e+04 -4.051985e+00
2.439700e+04 -4.071958e+00
2.439800e+04 -4.124641e+00
2.439900e+04 -4.160940e+00
2.440000e+04 -3.976367e+00
2.440100e+04 -3.492038e+00
2.440200e+04 -2.633180e+00
2.440300e+04 -1.463761e+00
2.440400e+04 -8.679816e-02
2.440500e+04 1.313098e+00
2.440600e+04 2.560662e+00
2.440700e+04 3.545249e+00
2.440800e+04 4.185378e+00
2.440900e+04 4.512101e+00
2.441000e+04 4.567553e+00
2.441100e+04 4.497879e+00
2.441200e+04 4.340575e+00
2.441300e+04 4.236204e+00
2.441400e+04 4.154209e+00
2.441500e+04 4.178048e+00
2.441600e+04 4.214957e+00
2.441700e+04 4.333582e+00
2.441800e+04 4.398337e+00
2.441900e+04 4.502911e+00
2.442000e+04 4.509501e+00
2.442100e+04 4.527356e+00
2.442200e+04 4.417121e+00
2.442300e+04 4.323184e+00
2.442400e+04 4.095852e+00
2.442500e+04 3.931771e+00
2.442600e+04 3.696212e+00
2.442700e+04 3.593395e+00
2.442800e+04 3.469667e+00
2.442900e+04 3.531340e+00
2.443000e+04 3.564435e+00
2.443100e+04 3.760754e+00
2.443200e+04 3.867715e+00
2.443300e+04 4.065581e+00
2.443400e+04 4.097576e+00
2.443500e+04 4.190514e+00
2.443600e+04 4.094397e+00
2.443700e+04 4.080234e+00
2.443800e+04 3.919429e+00
2.443900e+04 3.893770e+00
2.444000e+04 3.756607e+00
2.444100e+04 3.808290e+00
2.444200e+04 3.755531e+00
2.444300e+04 3.873059e+00
2.444400e+04 3.851452e+00
2.444500e+04 3.967925e+00
2.444600e+04 3.890123e+00
2.444700e+04 3.922538e+00
2.444800e+04 3.769274e+00
2.444900e+04 3.779083e+00
2.445000e+04 3.664360e+00
2.445100e+04 3.800404e+00
2.445200e+04 3.863719e+00
2.445300e+04 4.156226e+00
2.445400e+04 4.259239e+00
2.445500e+04 4.408452e+00
2.445600e+04 4.121397e+00
2.445700e+04 3.655967e+00
2.445800e+04 2.630127e+00
2.445900e+04 1.454735e+00
2.446000e+04 -9.722713e-02
2.446100e+04 -1.470970e+00
2.446200e+04 -2.830477e+00
2.446300e+04 -3.649476e+00
2.446400e+04 -4.247933e+00
2.446500e+04 -4.292123e+00
2.446600e+04 -4.270862e+00
2.446700e+04 -3.976854e+00
2.446800e+04 -3.928800e+00
2.446900e+04 -3.805903e+00
2.447000e+04 -3.955384e+00
2.447100e+04 -3.893126e+00
2.447200e+04 -3.829645e+00
2.447300e+04 -3.245529e+00
2.447400e+04 -2.463387e+00
2.447500e+04 -1.148210e+00
2.447600e+04 1.892349e-01
2.447700e+04 1.718005e+00
2.447800e+04 2.855193e+00
2.447900e+04 3.833796e+00
2.448000e+04 4.266158e+00
2.448100e+04 4.444063e+00
2.448200e+04 4.321291e+00
2.448300e+04 4.173982e+00
2.448400e+04 3.984195e+00
2.448500e+04 3.936287e+00
2.448600e+04 3.911645e+00
2.448700e+04 3.987128e+00
2.448800e+04 3.977569e+00
2.448900e+04 3.963391e+00
2.449000e+04 3.830110e+00
2.449100e+04 3.705852e+00
2.449200e+04 3.529535e+00
2.449300e+04 3.450993e+00
2.449400e+04 3.389440e+00
2.449500e+04 3.463610e+00
2.449600e+04 3.561110e+00
2.449700e+04 3.752556e+00
2.449800e+04 3.942865e+00
2.449900e+04 4.202479e+00
2.450000e+04 4.415878e+00
2.450100e+04 4.620408e+00
2.450200e+04 4.668940e+00
2.450300e+04 4.550619e+00
2.450400e+04 4.112463e+00
2.450500e+04 3.378155e+00
2.450600e+04 2.295723e+00
2.450700e+04 1.011050e+00
2.450800e+04 -3.938457e-01
2.450900e+04 -1.690015e+00
2.451000e+04 -2.774511e+00
2.451100e+04 -3.502467e+00
2.451200e+04 -3.901396e+00
2.451300e+04 -3.975232e+00
2.451400e+04 -3.879455e+00
2.451500e+04 -3.704884e+00
2.451600e+04 -3.585413e+00
2.451700e+04 -3.546394e+00
2.451800e+04 -3.624926e+00
2.451900e+04 -3.773874e+00
2.452000e+04 -3.962557e+00
2.452100e+04 -4.129191e+00
2.452200e+04 -4.276767e+00
2.452300e+04 -4.382689e+00
2.452400e+04 -4.456266e+00
2.452500e+04 -4.492382e+00
2.452600e+04 -4.481821e+00
2.452700e+04 -4.427450e+00
2.452800e+04 -4.322573e+00
2.452900e+04 -4.187285e+00
2.453000e+04 -4.058810e+00
2.453100e+04 -4.001866e+00
2.453200e+04 -4.026874e+00
2.453300e+04 -4.157654e+00
2.453400e+04 -4.317132e+00
2.453500e+04 -4.408919e+00
2.453600e+04 -4.268148e+00
2.453700e+04 -3.802688e+00
2.453800e+04 -2.893022e+00
2.453900e+04 -1.597555e+00
2.454000e+04 -1.040342e-02
2.454100e+04 1.610423e+00
2.454200e+04 3.054413e+00
2.454300e+04 4.024650e+00
2.454400e+04 4.396360e+00
2.454500e+04 4.062786e+00
2.454600e+04 3.155834e+00
2.454700e+04 1.790266e+00
2.454800e+04 2.743486e-01
2.454900e+04 -1.200525e+00
2.455000e+04 -2.375623e+00
2.455100e+04 -3.204268e+00
2.455200e+04 -3.598549e+00
2.455300e+04 -3.725549e+00
2.455400e+04 -3.645225e+00
2.455500e+04 -3.568341e+00
2.455600e+04 -3.524091e+00
2.455700e+04 -3.624270e+00
2.455800e+04 -3.746217e+00
2.455900e+04 -3.869403e+00
2.456000e+04 -3.758582e+00
2.456100e+04 -3.386337e+00
2.456200e+04 -2.604845e+00
2.456300e+04 -1.513420e+00
2.456400e+04 -1.269429e-01
2.456500e+04 1.274107e+00
2.456600e+04 2.562439e+00
2.456700e+04 3.427227e+00
2.456800e+04 3.798955e+00
2.456900e+04 3.502450e+00
2.457000e+04 2.663259e+00
2.457100e+04 1.318064e+00
2.457200e+04 -2.212126e-01
2.457300e+04 -1.800171e+00
2.457400e+04 -3.060220e+00
2.457500e+04 -3.888266e+00
2.457600e+04 -4.064017e+00
2.457700e+04 -3.666808e+00
2.457800e+04 -2.664906e+00
2.457900e+04 -1.333364e+00
2.458000e+04 2.133895e-01
2.458100e+04 1.655662e+00
2.458200e+04 2.908586e+00
2.458300e+04 3.761825e+00
2.458400e+04 4.296786e+00
2.458500e+04 4.455115e+00
2.458600e+04 4.432495e+00
2.458700e+04 4.243521e+00
2.458800e+04 4.076081e+00
2.458900e+04 3.883842e+00
2.459000e+04 3.785879e+00
2.459100e+04 3.669460e+00
2.459200e+04 3.623333e+00
2.459300e+04 3.564805e+00
2.459400e+04 3.601554e+00
2.459500e+04 3.664707e+00
2.459600e+04 3.864907e+00
2.459700e+04 4.088880e+00
2.459800e+04 4.361942e+00
2.459900e+04 4.477085e+00
2.460000e+04 4.396354e+00
2.460100e+04 3.939222e+00
2.460200e+04 3.127385e+00
2.460300e+04 1.901551e+00
2.460400e+04 4.623976e-01
2.460500e+04 -1.090361e+00
2.460600e+04 -2.453310e+00
2.460700e+04 -3.483617e+00
2.460800e+04 -3.951024e+00
2.460900e+04 -3.840303e+00
2.461000e+04 -3.102207e+00
2.461100e+04 -1.928168e+00
2.461200e+04 -4.453861e-01
2.461300e+04 1.060994e+00
2.461400e+04 2.429332e+00
2.461500e+04 3.455394e+00
2.461600e+04 4.128132e+00
2.461700e+04 4.410379e+00
2.461800e+04 4.453508e+00
2.461900e+04 4.352166e+00
2.462000e+04 4.265116e+00
2.462100e+04 4.214765e+00
2.462200e+04 4.223773e+00
2.462300e+04 4.164285e+00
2.462400e+04 3.937100e+00
2.462500e+04 3.387800e+00
2.462600e+04 2.478654e+00
2.462700e+04 1.220323e+00
2.462800e+04 -2.373459e-01
2.462900e+04 -1.709172e+00
2.463000e+04 -2.969389e+00
2.463100e+04 -3.877173e+00
2.463200e+04 -4.348429e+00
2.463300e+04 -4.427874e+00
2.463400e+04 -4.259775e+00
2.463500e+04 -4.016746e+00
2.463600e+04 -3.853317e+00
2.463700e+04 -3.847862e+00
2.463800e+04 -3.988742e+00
2.463900e+04 -4.143831e+00
2.464000e+04 -4.144216e+00
2.464100e+04 -3.833840e+00
2.464200e+04 -3.063643e+00
2.464300e+04 -1.887808e+00
2.464400e+04 -3.762085e-01
2.464500e+04 1.194562e+00
2.464600e+04 2.617185e+00
2.464700e+04 3.577676e+00
2.464800e+04 3.948115e+00
2.464900e+04 3.628619e+00
2.465000e+04 2.736560e+00
2.465100e+04 1.389334e+00
2.465200e+04 -1.133204e-01
2.465300e+04 -1.576691e+00
2.465400e+04 -2.745527e+00
2.465500e+04 -3.566224e+00
2.465600e+04 -3.981501e+00
2.465700e+04 -4.121371e+00
2.465800e+04 -4.070630e+00
2.465900e+04 -4.036140e+00
2.466000e+04 -4.062932e+00
2.466100e+04 -4.234884e+00
2.466200e+04 -4.438637e+00
2.466300e+04 -4.607128e+00
2.466400e+04 -4.523778e+00
2.466500e+04 -4.115952e+00
2.466600e+04 -3.250193e+00
2.466700e+04 -2.017673e+00
2.466800e+04 -4.817339e-01
2.466900e+04 1.087549e+00
2.467000e+04 2.518955e+00
2.467100e+04 3.514854e+00
2.467200e+04 3.978193e+00
2.467300e+04 3.764235e+00
2.467400e+04 2.977633e+00
2.467500e+04 1.669689e+00
2.467600e+04 1.189381e-01
2.467700e+04 -1.509457e+00
2.467800e+04 -2.891539e+00
2.467900e+04 -3.898284e+00
2.468000e+04 -4.293468e+00
2.468100e+04 -4.092367e+00
2.468200e+04 -3.223245e+00
2.468300e+04 -1.890362e+00
2.468400e+04 -1.929245e-01
2.468500e+04 1.520617e+00
2.468600e+04 3.064875e+00
2.468700e+04 4.094939e+00
2.468800e+04 4.535532e+00
2.468900e+04 4.198595e+00
2.469000e+04 3.249973e+00
2.469100e+04 1.765332e+00
2.469200e+04 1.075586e-01
2.469300e+04 -1.558873e+00
2.469400e+04 -2.875929e+00
2.469500e+04 -3.802881e+00
2.469600e+04 -4.192535e+00
2.469700e+04 -4.259408e+00
2.469800e+04 -4.022269e+00
2.469900e+04 -3.784567e+00
2.470000e+04 -3.555587e+00
2.470100e+04 -3.513602e+00
2.470200e+04 -3.478039e+00
2.470300e+04 -3.472290e+00
2.470400e+04 -3.205043e+00
2.470500e+04 -2.704391e+00
2.470600e+04 -1.779569e+00
2.470700e+04 -6.368558e-01
2.470800e+04 7.380129e-01
2.470900e+04 1.991764e+00
2.471000e+04 3.106330e+00
2.471100e+04 3.794374e+00
2.471200e+04 4.177306e+00
2.471300e+04 4.150526e+00
2.471400e+04 4.026548e+00
2.471500e+04 3.774757e+00
2.471600e+04 3.697049e+00
2.471700e+04 3.663238e+00
2.471800e+04 3.815961e+00
2.471900e+04 3.856364e+00
2.472000e+04 3.810977e+00
2.472100e+04 3.342004e+00
2.472200e+04 2.571760e+00
2.472300e+04 1.317942e+00
2.472400e+04 -9.783387e-02
2.472500e+04 -1.669399e+00
2.472600e+04 -2.935776e+00
2.472700e+04 -3.871866e+00
2.472800e+04 -4.112726e+00
2.472900e+04 -3.815238e+00
2.473000e+04 -2.827039e+00
2.473100e+04 -1.542312e+00
2.473200e+04 3.468192e-02
2.473300e+04 1.448883e+00
2.473400e+04 2.743177e+00
2.473500e+04 3.587986e+00
2.473600e+04 4.192927e+00
2.473700e+04 4.379422e+00
2.473800e+04 4.494368e+00
2.473900e+04 4.399504e+00
2.474000e+04 4.413357e+00
2.474100e+04 4.333518e+00
2.474200e+04 4.398983e+00
2.474300e+04 4.341085e+00
2.474400e+04 4.394811e+00
2.474500e+04 4.293175e+00
2.474600e+04 4.302907e+00
2.474700e+04 4.201090e+00
2.474800e+04 4.270370e+00
2.474900e+04 4.263063e+00
2.475000e+04 4.434383e+00
2.475100e+04 4.494967e+00
2.475200e+04 4.679142e+00
2.475300e+04 4.689018e+00
2.475400e+04 4.775953e+00
2.475500e+04 4.669572e+00
2.475600e+04 4.652389e+00
2.475700e+04 4.461624e+00
2.475800e+04 4.393901e+00
2.475900e+04 4.189722e+00
2.476000e+04 4.129785e+00
2.476100e+04 3.960685e+00
2.476200e+04 3.991863e+00
2.476300e+04 3.953786e+00
2.476400e+04 4.130255e+00
2.476500e+04 4.221254e+00
2.476600e+04 4.439671e+00
2.476700e+04 4.393608e+00
2.476800e+04 4.258913e+00
2.476900e+04 3.649782e+00
2.477000e+04 2.788454e+00
2.477100e+04 1.426692e+00
2.477200e+04 -2.492988e-02
2.477300e+04 -1.656158e+00
2.477400e+04 -2.931400e+00
2.477500e+04 -3.919810e+00
2.477600e+04 -4.162737e+00
2.477700e+04 -3.881289e+00
2.477800e+04 -2.866175e+00
2.477900e+04 -1.578679e+00
2.478000e+04 3.375290e-02
2.478100e+04 1.435993e+00
2.478200e+04 2.717761e+00
2.478300e+04 3.477403e+00
2.478400e+04 4.003891e+00
2.478500e+04 4.103267e+00
2.478600e+04 4.190501e+00
2.478700e+04 4.115152e+00
2.478800e+04 4.251309e+00
2.478900e+04 4.325974e+00
2.479000e+04 4.553688e+00
2.479100e+04 4.519984e+00
2.479200e+04 4.362786e+00
2.479300e+04 3.703843e+00
2.479400e+04 2.779397e+00
2.479500e+04 1.367000e+00
2.479600e+04 -9.907424e-02
2.479700e+04 -1.688715e+00
2.479800e+04 -2.900843e+00
2.479900e+04 -3.794937e+00
2.480000e+04 -3.985712e+00
2.480100e+04 -3.658257e+00
2.480200e+04 -2.711499e+00
2.480300e+04 -1.440295e+00
2.480400e+04 7.937002e-02
2.480500e+04 1.492401e+00
2.480600e+04 2.754144e+00
2.480700e+04 3.599296e+00
2.480800e+04 4.151299e+00
2.480900e+04 4.323372e+00
2.481000e+04 4.356796e+00
2.481100e+04 4.247358e+00
2.481200e+04 4.240502e+00
2.481300e+04 4.236592e+00
2.481400e+04 4.332794e+00
2.481500e+04 4.297355e+00
2.481600e+04 4.135818e+00
2.481700e+04 3.588197e+00
2.481800e+04 2.733265e+00
2.481900e+04 1.476990e+00
2.482000e+04 7.518589e-02
2.482100e+04 -1.398834e+00
2.482200e+04 -2.593456e+00
2.482300e+04 -3.429653e+00
2.482400e+04 -3.635023e+00
2.482500e+04 -3.304646e+00
2.482600e+04 -2.376184e+00
2.482700e+04 -1.111830e+00
2.482800e+04 4.027911e-01
2.482900e+04 1.821463e+00
2.483000e+04 3.038239e+00
2.483100e+04 3.765542e+00
2.483200e+04 4.014203e+00
2.483300e+04 3.624330e+00
2.483400e+04 2.754734e+00
2.483500e+04 1.433478e+00
2.483600e+04 -4.828131e-02
2.483700e+04 -1.583892e+00
2.483800e+04 -2.864039e+00
2.483900e+04 -3.855008e+00
2.484000e+04 -4.406974e+00
2.484100e+04 -4.656409e+00
2.484200e+04 -4.621503e+00
2.484300e+04 -4.550534e+00
2.484400e+04 -4.470047e+00
2.484500e+04 -4.533700e+00
2.484600e+04 -4.616365e+00
2.484700e+04 -4.686144e+00
2.484800e+04 -4.513722e+00
2.484900e+04 -4.050057e+00
2.485000e+04 -3.130778e+00
2.485100e+04 -1.878722e+00
2.485200e+04 -3.507733e-01
2.485300e+04 1.180787e+00
2.485400e+04 2.570311e+00
2.485500e+04 3.579219e+00
2.485600e+04 4.209489e+00
2.485700e+04 4.404105e+00
2.485800e+04 4.331215e+00
2.485900e+04 4.081831e+00
2.486000e+04 3.860252e+00
2.486100e+04 3.696346e+00
2.486200e+04 3.691642e+00
2.486300e+04 3.765965e+00
2.486400e+04 3.913399e+00
2.486500e+04 4.024669e+00
2.486600e+04 4.108124e+00
2.486700e+04 4.090641e+00
2.486800e+04 4.036347e+00
2.486900e+04 3.928012e+00
2.487000e+04 3.844105e+00
2.487100e+04 3.772644e+00
2.487200e+04 3.758060e+00
2.487300e+04 3.766032e+00
2.487400e+04 3.830371e+00
2.487500e+04 3.900055e+00
2.487600e+04 3.995567e+00
2.487700e+04 4.076663e+00
2.487800e+04 4.158924e+00
2.487900e+04 4.205768e+00
2.488000e+04 4.236690e+00
2.488100e+04 4.228325e+00
2.488200e+04 4.214363e+00
2.488300e+04 4.189519e+00
2.488400e+04 4.178327e+00
2.488500e+04 4.153104e+00
2.488600e+04 4.093272e+00
2.488700e+04 3.930407e+00
2.488800e+04 3.601684e+00
2.488900e+04 3.026253e+00
2.489000e+04 2.190351e+00
2.489100e+04 1.113350e+00
2.489200e+04 -1.212814e-01
2.489300e+04 -1.383106e+00
2.489400e+04 -2.519517e+00
2.489500e+04 -3.415716e+00
2.489600e+04 -3.989714e+00
2.489700e+04 -4.228623e+00
2.489800e+04 -4.209752e+00
2.489900e+04 -4.042112e+00
2.490000e+04 -3.839555e+00
2.490100e+04 -3.687429e+00
2.490200e+04 -3.610887e+00
2.490300e+04 -3.559376e+00
2.490400e+04 -3.443191e+00
2.490500e+04 -3.124716e+00
2.490600e+04 -2.513576e+00
2.490700e+04 -1.573971e+00
2.490800e+04 -3.716696e-01
2.490900e+04 9.585627e-01
2.491000e+04 2.196799e+00
2.491100e+04 3.132677e+00
2.491200e+04 3.565709e+00
2.491300e+04 3.414017e+00
2.491400e+04 2.675395e+00
2.491500e+04 1.486022e+00
2.491600e+04 3.240442e-02
2.491700e+04 -1.444115e+00
2.491800e+04 -2.747072e+00
2.491900e+04 -3.717973e+00
2.492000e+04 -4.332217e+00
2.492100e+04 -4.598617e+00
2.492200e+04 -4.616741e+00
2.492300e+04 -4.493110e+00
2.492400e+04 -4.342657e+00
2.492500e+04 -4.215822e+00
2.492600e+04 -4.158035e+00
2.492700e+04 -4.149323e+00
2.492800e+04 -4.190017e+00
2.492900e+04 -4.244541e+00
2.493000e+04 -4.311837e+00
2.493100e+04 -4.368545e+00
2.493200e+04 -4.416464e+00
2.493300e+04 -4.428964e+00
2.493400e+04 -4.403045e+00
2.493500e+04 -4.301276e+00
2.493600e+04 -4.146272e+00
2.493700e+04 -3.966122e+00
2.493800e+04 -3.811370e+00
2.493900e+04 -3.727064e+00
2.494000e+04 -3.761853e+00
2.494100e+04 -3.882432e+00
2.494200e+04 -4.022759e+00
2.494300e+04 -4.063234e+00
2.494400e+04 -3.872384e+00
2.494500e+04 -3.335672e+00
2.494600e+04 -2.437714e+00
2.494700e+04 -1.230352e+00
2.494800e+04 1.442727e-01
2.494900e+04 1.496204e+00
2.495000e+04 2.653067e+00
2.495100e+04 3.483678e+00
2.495200e+04 3.943536e+00
2.495300e+04 4.088615e+00
2.495400e+04 4.028906e+00
2.495500e+04 3.875116e+00
2.495600e+04 3.739105e+00
2.495700e+04 3.667053e+00
2.495800e+04 3.671251e+00
2.495900e+04 3.707250e+00
2.496000e+04 3.728540e+00
2.496100e+04 3.787446e+00
2.496200e+04 3.738540e+00
2.496300e+04 3.780693e+00
2.496400e+04 3.761806e+00
2.496500e+04 3.882886e+00
2.496600e+04 3.943547e+00
2.496700e+04 4.106447e+00
2.496800e+04 4.151332e+00
2.496900e+04 4.246248e+00
2.497000e+04 4.178303e+00
2.497100e+04 4.177511e+00
2.497200e+04 4.060245e+00
2.497300e+04 4.059768e+00
2.497400e+04 3.977792e+00
2.497500e+04 4.037428e+00
2.497600e+04 3.993866e+00
2.497700e+04 4.061360e+00
2.497800e+04 4.014830e+00
2.497900e+04 4.085810e+00
2.498000e+04 4.053878e+00
2.498100e+04 4.168066e+00
2.498200e+04 4.181699e+00
2.498300e+04 4.319213e+00
2.498400e+04 4.322998e+00
2.498500e+04 4.413625e+00
2.498600e+04 4.342105e+00
2.498700e+04 4.375989e+00
2.498800e+04 4.286589e+00
2.498900e+04 4.333484e+00
2.499000e+04 4.243278e+00
2.499100e+04 4.203628e+00
2.499200e+04 3.866815e+00
2.499300e+04 3.383365e+00
2.499400e+04 2.435274e+00
2.499500e+04 1.288258e+00
2.499600e+04 -2.072656e-01
2.499700e+04 -1.610120e+00
2.499800e+04 -2.939804e+00
2.499900e+04 -3.704265e+00
2.500000e+04 -4.000765e+00
2.500100e+04 -3.541366e+00
2.500200e+04 -2.644195e+00
2.500300e+04 -1.232733e+00
2.500400e+04 2.052250e-01
2.500500e+04 1.689228e+00
2.500600e+04 2.798039e+00
2.500700e+04 3.682725e+00
2.500800e+04 4.097653e+00
2.500900e+04 4.348763e+00
2.501000e+04 4.292704e+00
2.501100e+04 4.258583e+00
2.501200e+04 4.077656e+00
2.501300e+04 4.015629e+00
2.501400e+04 3.846488e+00
2.501500e+04 3.790616e+00
2.501600e+04 3.624205e+00
2.501700e+04 3.589279e+00
2.501800e+04 3.497017e+00
2.501900e+04 3.595133e+00
2.502000e+04 3.677983e+00
2.502100e+04 3.927276e+00
2.502200e+04 4.065062e+00
2.502300e+04 4.180845e+00
2.502400e+04 3.969850e+00
2.502500e+04 3.549072e+00
2.502600e+04 2.700250e+00
2.502700e+04 1.656812e+00
2.502800e+04 3.590819e-01
2.502900e+04 -8.671943e-01
2.503000e+04 -2.044038e+00
2.503100e+04 -2.896554e+00
2.503200e+04 -3.543701e+00
2.503300e+04 -3.848382e+00
2.503400e+04 -4.034540e+00
2.503500e+04 -4.042206e+00
2.503600e+04 -4.084560e+00
2.503700e+04 -4.066175e+00
2.503800e+04 -4.129517e+00
2.503900e+04 -4.130532e+00
2.504000e+04 -4.168189e+00
2.504100e+04 -4.136637e+00
2.504200e+04 -4.157372e+00
2.504300e+04 -4.140428e+00
2.504400e+04 -4.199210e+00
2.504500e+04 -4.237606e+00
2.504600e+04 -4.314230e+00
2.504700e+04 -4.304229e+00
2.504800e+04 -4.258870e+00
2.504900e+04 -4.124456e+00
2.505000e+04 -3.995627e+00
2.505100e+04 -3.878709e+00
2.505200e+04 -3.879819e+00
2.505300e+04 -3.965004e+00
2.505400e+04 -4.127231e+00
2.505500e+04 -4.217016e+00
2.505600e+04 -4.113912e+00
2.505700e+04 -3.682333e+00
2.505800e+04 -2.868710e+00
2.505900e+04 -1.693344e+00
2.506000e+04 -2.887037e-01
2.506100e+04 1.143530e+00
2.506200e+04 2.422698e+00
2.506300e+04 3.385279e+00
2.506400e+04 3.975724e+00
2.506500e+04 4.191590e+00
2.506600e+04 4.177404e+00
2.506700e+04 4.010202e+00
2.506800e+04 3.848008e+00
2.506900e+04 3.711230e+00
2.507000e+04 3.683605e+00
2.507100e+04 3.677610e+00
2.507200e+04 3.742252e+00
2.507300e+04 3.795999e+00
2.507400e+04 3.928442e+00
2.507500e+04 4.060127e+00
2.507600e+04 4.295625e+00
2.507700e+04 4.495761e+00
2.507800e+04 4.691701e+00
2.507900e+04 4.662947e+00
2.508000e+04 4.418699e+00
2.508100e+04 3.763273e+00
2.508200e+04 2.824189e+00
2.508300e+04 1.535288e+00
2.508400e+04 1.748149e-01
2.508500e+04 -1.242493e+00
2.508600e+04 -2.408447e+00
2.508700e+04 -3.363608e+00
2.508800e+04 -3.917117e+00
2.508900e+04 -4.261928e+00
2.509000e+04 -4.285311e+00
2.509100e+04 -4.256237e+00
2.509200e+04 -4.079300e+00
2.509300e+04 -3.987126e+00
2.509400e+04 -3.822134e+00
2.509500e+04 -3.789406e+00
2.509600e+04 -3.680430e+00
2.509700e+04 -3.691258e+00
2.509800e+04 -3.626499e+00
2.509900e+04 -3.695280e+00
2.510000e+04 -3.688876e+00
2.510100e+04 -3.817664e+00
2.510200e+04 -3.857938e+00
2.510300e+04 -4.024769e+00
2.510400e+04 -4.071455e+00
2.510500e+04 -4.222662e+00
2.510600e+04 -4.255847e+00
2.510700e+04 -4.398584e+00
2.510800e+04 -4.414424e+00
2.510900e+04 -4.542754e+00
2.511000e+04 -4.541969e+00
2.511100e+04 -4.640958e+00
2.511200e+04 -4.577147e+00
2.511300e+04 -4.603496e+00
2.511400e+04 -4.478303e+00
2.511500e+04 -4.451339e+00
2.511600e+04 -4.290327e+00
2.511700e+04 -4.260538e+00
2.511800e+04 -4.110805e+00
2.511900e+04 -4.102657e+00
2.512000e+04 -3.977671e+00
2.512100e+04 -4.001564e+00
2.512200e+04 -3.884500e+00
2.512300e+04 -3.923114e+00
2.512400e+04 -3.824025e+00
2.512500e+04 -3.874922e+00
2.512600e+04 -3.779102e+00
2.512700e+04 -3.832393e+00
2.512800e+04 -3.738917e+00
2.512900e+04 -3.779133e+00
2.513000e+04 -3.673022e+00
2.513100e+04 -3.711281e+00
2.513200e+04 -3.603315e+00
2.513300e+04 -3.641490e+00
2.513400e+04 -3.536018e+00
2.513500e+04 -3.576554e+00
2.513600e+04 -3.504111e+00
2.513700e+04 -3.608339e+00
2.513800e+04 -3.628325e+00
2.513900e+04 -3.863432e+00
2.514000e+04 -4.025069e+00
2.514100e+04 -4.331455e+00
2.514200e+04 -4.437506e+00
2.514300e+04 -4.516876e+00
2.514400e+04 -4.194950e+00
2.514500e+04 -3.676339e+00
2.514600e+04 -2.703904e+00
2.514700e+04 -1.596017e+00
2.514800e+04 -2.196741e-01
2.514900e+04 1.008083e+00
2.515000e+04 2.190030e+00
2.515100e+04 2.968158e+00
2.515200e+04 3.546743e+00
2.515300e+04 3.708980e+00
2.515400e+04 3.772817e+00
2.515500e+04 3.597378e+00
2.515600e+04 3.502060e+00
2.515700e+04 3.314645e+00
2.515800e+04 3.276893e+00
2.515900e+04 3.164518e+00
2.516000e+04 3.196050e+00
2.516100e+04 3.148164e+00
2.516200e+04 3.253521e+00
2.516300e+04 3.334420e+00
2.516400e+04 3.606245e+00
2.516500e+04 3.848310e+00
2.516600e+04 4.188460e+00
2.516700e+04 4.326142e+00
2.516800e+04 4.337674e+00
2.516900e+04 3.923926e+00
2.517000e+04 3.206169e+00
2.517100e+04 2.040079e+00
2.517200e+04 7.065372e-01
2.517300e+04 -7.836647e-01
2.517400e+04 -2.041149e+00
2.517500e+04 -3.025267e+00
2.517600e+04 -3.424356e+00
2.517700e+04 -3.311002e+00
2.517800e+04 -2.569978e+00
2.517900e+04 -1.470726e+00
2.518000e+04 -5.495685e-02
2.518100e+04 1.335223e+00
2.518200e+04 2.630770e+00
2.518300e+04 3.558337e+00
2.518400e+04 4.186449e+00
2.518500e+04 4.405829e+00
2.518600e+04 4.389962e+00
2.518700e+04 4.139857e+00
2.518800e+04 3.866978e+00
2.518900e+04 3.547634e+00
2.519000e+04 3.327218e+00
2.519100e+04 3.132700e+00
2.519200e+04 3.048705e+00
2.519300e+04 2.985164e+00
2.519400e+04 3.024882e+00
2.519500e+04 3.099271e+00
2.519600e+04 3.278979e+00
2.519700e+04 3.476952e+00
2.519800e+04 3.695745e+00
2.519900e+04 3.782375e+00
2.520000e+04 3.671058e+00
2.520100e+04 3.199071e+00
2.520200e+04 2.349510e+00
2.520300e+04 1.099470e+00
2.520400e+04 -3.981916e-01
2.520500e+04 -1.977158e+00
2.520600e+04 -3.350928e+00
2.520700e+04 -4.298482e+00
2.520800e+04 -4.627661e+00
2.520900e+04 -4.282473e+00
2.521000e+04 -3.302496e+00
2.521100e+04 -1.882323e+00
2.521200e+04 -2.601623e-01
2.521300e+04 1.299485e+00
2.521400e+04 2.578200e+00
2.521500e+04 3.465525e+00
2.521600e+04 3.927660e+00
2.521700e+04 4.035265e+00
2.521800e+04 3.912712e+00
2.521900e+04 3.712953e+00
2.522000e+04 3.525651e+00
2.522100e+04 3.439820e+00
2.522200e+04 3.448118e+00
2.522300e+04 3.563136e+00
2.522400e+04 3.718426e+00
2.522500e+04 3.905631e+00
2.522600e+04 4.074355e+00
2.522700e+04 4.245530e+00
2.522800e+04 4.369656e+00
2.522900e+04 4.475625e+00
2.523000e+04 4.504560e+00
2.523100e+04 4.498297e+00
2.523200e+04 4.416719e+00
2.523300e+04 4.326965e+00
2.523400e+04 4.228611e+00
2.523500e+04 4.223515e+00
2.523600e+04 4.282400e+00
2.523700e+04 4.438380e+00
2.523800e+04 4.571443e+00
2.523900e+04 4.624569e+00
2.524000e+04 4.396893e+00
2.524100e+04 3.845298e+00
2.524200e+04 2.874755e+00
2.524300e+04 1.584505e+00
2.524400e+04 5.176783e-02
2.524500e+04 -1.464123e+00
2.524600e+04 -2.823458e+00
2.524700e+04 -3.802650e+00
2.524800e+04 -4.397479e+00
2.524900e+04 -4.576498e+00
2.525000e+04 -4.515864e+00
2.525100e+04 -4.308360e+00
2.525200e+04 -4.156275e+00
2.525300e+04 -4.071889e+00
2.525400e+04 -4.097106e+00
2.525500e+04 -4.082995e+00
2.525600e+04 -3.952172e+00
2.525700e+04 -3.495557e+00
2.525800e+04 -2.694105e+00
2.525900e+04 -1.505250e+00
2.526000e+04 -8.408308e-02
2.526100e+04 1.432102e+00
2.526200e+04 2.759968e+00
2.526300e+04 3.741350e+00
2.526400e+04 4.155959e+00
2.526500e+04 3.972456e+00
2.526600e+04 3.180736e+00
2.526700e+04 1.952688e+00
2.526800e+04 4.402837e-01
2.526900e+04 -1.066136e+00
2.527000e+04 -2.369432e+00
2.527100e+04 -3.234801e+00
2.527200e+04 -3.562386e+00
2.527300e+04 -3.289736e+00
2.527400e+04 -2.519714e+00
2.527500e+04 -1.363022e+00
2.527600e+04 -3.933305e-02
2.527700e+04 1.263453e+00
2.527800e+04 2.356339e+00
2.527900e+04 3.155867e+00
2.528000e+04 3.578820e+00
2.528100e+04 3.798566e+00
2.528200e+04 3.687667e+00
2.528300e+04 3.616912e+00
2.528400e+04 3.404152e+00
2.528500e+04 3.391042e+00
2.528600e+04 3.309710e+00
2.528700e+04 3.441981e+00
2.528800e+04 3.458068e+00
2.528900e+04 3.638928e+00
2.529000e+04 3.654822e+00
2.529100e+04 3.817110e+00
2.529200e+04 3.795244e+00
2.529300e+04 3.917007e+00
2.529400e+04 3.838538e+00
2.529500e+04 3.895077e+00
2.529600e+04 3.738720e+00
2.529700e+04 3.759052e+00
2.529800e+04 3.630374e+00
2.529900e+04 3.754410e+00
2.530000e+04 3.779972e+00
2.530100e+04 4.062306e+00
2.530200e+04 4.135442e+00
2.530300e+04 4.262060e+00
2.530400e+04 3.932498e+00
2.530500e+04 3.446529e+00
2.530600e+04 2.365777e+00
2.530700e+04 1.170895e+00
2.530800e+04 -3.974983e-01
2.530900e+04 -1.732023e+00
2.531000e+04 -3.054260e+00
2.531100e+04 -3.820594e+00
2.531200e+04 -4.414081e+00
2.531300e+04 -4.449204e+00
2.531400e+04 -4.479993e+00
2.531500e+04 -4.208364e+00
2.531600e+04 -4.173822e+00
2.531700e+04 -3.983863e+00
2.531800e+04 -4.078846e+00
2.531900e+04 -3.969262e+00
2.532000e+04 -4.045069e+00
2.532100e+04 -3.841968e+00
2.532200e+04 -3.841288e+00
2.532300e+04 -3.632244e+00
2.532400e+04 -3.725222e+00
2.532500e+04 -3.682778e+00
2.532600e+04 -3.924479e+00
2.532700e+04 -3.904112e+00
2.532800e+04 -3.935889e+00
2.532900e+04 -3.432477e+00
2.533000e+04 -2.791334e+00
2.533100e+04 -1.560255e+00
2.533200e+04 -3.061086e-01
2.533300e+04 1.246860e+00
2.533400e+04 2.416867e+00
2.533500e+04 3.450117e+00
2.533600e+04 3.748983e+00
2.533700e+04 3.711188e+00
2.533800e+04 2.905805e+00
2.533900e+04 1.911273e+00
2.534000e+04 4.529416e-01
2.534100e+04 -8.152861e-01
2.534200e+04 -2.138139e+00
2.534300e+04 -2.896293e+00
2.534400e+04 -3.396333e+00
2.534500e+04 -3.117344e+00
2.534600e+04 -2.509187e+00
2.534700e+04 -1.218438e+00
2.534800e+04 1.594149e-01
2.534900e+04 1.827868e+00
2.535000e+04 3.100688e+00
2.535100e+04 4.158289e+00
2.535200e+04 4.399751e+00
2.535300e+04 4.166575e+00
2.535400e+04 3.090227e+00
2.535500e+04 1.747469e+00
2.535600e+04 -2.309835e-02
2.535700e+04 -1.543244e+00
2.535800e+04 -2.969843e+00
2.535900e+04 -3.774311e+00
2.536000e+04 -4.312341e+00
2.536100e+04 -4.270087e+00
2.536200e+04 -4.189622e+00
2.536300e+04 -3.879496e+00
2.536400e+04 -3.839348e+00
2.536500e+04 -3.774058e+00
2.536600e+04 -4.000065e+00
2.536700e+04 -4.048951e+00
2.536800e+04 -4.112295e+00
2.536900e+04 -3.697335e+00
2.537000e+04 -3.045718e+00
2.537100e+04 -1.846165e+00
2.537200e+04 -5.310960e-01
2.537300e+04 1.023226e+00
2.537400e+04 2.274331e+00
2.537500e+04 3.287813e+00
2.537600e+04 3.609163e+00
2.537700e+04 3.463617e+00
2.537800e+04 2.592469e+00
2.537900e+04 1.398670e+00
2.538000e+04 -1.717067e-01
2.538100e+04 -1.623947e+00
2.538200e+04 -2.969995e+00
2.538300e+04 -3.764339e+00
2.538400e+04 -4.110626e+00
2.538500e+04 -3.730560e+00
2.538600e+04 -2.888182e+00
2.538700e+04 -1.502533e+00
2.538800e+04 1.922940e-02
2.538900e+04 1.630203e+00
2.539000e+04 2.895360e+00
2.539100e+04 3.789893e+00
2.539200e+04 3.992920e+00
2.539300e+04 3.632620e+00
2.539400e+04 2.616903e+00
2.539500e+04 1.247358e+00
2.539600e+04 -4.022335e-01
2.539700e+04 -1.944238e+00
2.539800e+04 -3.274868e+00
2.539900e+04 -4.073149e+00
2.540000e+04 -4.343980e+00
2.540100e+04 -3.953022e+00
2.540200e+04 -3.046314e+00
2.540300e+04 -1.672526e+00
2.540400e+04 -1.198797e-01
2.540500e+04 1.456436e+00
2.540600e+04 2.746296e+00
2.540700e+04 3.617300e+00
2.540800e+04 3.877553e+00
2.540900e+04 3.532295e+00
2.541000e+04 2.611049e+00
2.541100e+04 1.304559e+00
2.541200e+04 -2.048905e-01
2.541300e+04 -1.673506e+00
2.541400e+04 -2.923248e+00
2.541500e+04 -3.825591e+00
2.541600e+04 -4.361309e+00
2.541700e+04 -4.585379e+00
2.541800e+04 -4.576686e+00
2.541900e+04 -4.473769e+00
2.542000e+04 -4.344952e+00
2.542100e+04 -4.273561e+00
2.542200e+04 -4.234412e+00
2.542300e+04 -4.242301e+00
2.542400e+04 -4.226874e+00
2.542500e+04 -4.227824e+00
2.542600e+04 -4.169849e+00
2.542700e+04 -4.128809e+00
2.542800e+04 -4.047606e+00
2.542900e+04 -4.011525e+00
2.543000e+04 -3.943339e+00
2.543100e+04 -3.911936e+00
2.543200e+04 -3.817144e+00
2.543300e+04 -3.763568e+00
2.543400e+04 -3.653204e+00
2.543500e+04 -3.607800e+00
2.543600e+04 -3.548263e+00
2.543700e+04 -3.601781e+00
2.543800e+04 -3.655228e+00
2.543900e+04 -3.817162e+00
2.544000e+04 -3.972908e+00
2.544100e+04 -4.108541e+00
2.544200e+04 -4.278851e+00
2.544300e+04 -4.367941e+00
2.544400e+04 -4.464217e+00
2.544500e+04 -4.474105e+00
2.544600e+04 -4.478930e+00
2.544700e+04 -4.401204e+00
2.544800e+04 -4.316615e+00
2.544900e+04 -4.176270e+00
2.545000e+04 -4.071677e+00
2.545100e+04 -3.980854e+00
2.545200e+04 -3.977751e+00
2.545300e+04 -4.019113e+00
2.545400e+04 -4.105922e+00
2.545500e+04 -4.115804e+00
2.545600e+04 -3.960909e+00
2.545700e+04 -3.522835e+00
2.545800e+04 -2.743602e+00
2.545900e+04 -1.612692e+00
2.546000e+04 -2.333999e-01
2.546100e+04 1.218686e+00
2.546200e+04 2.525731e+00
2.546300e+04 3.447183e+00
2.546400e+04 3.827846e+00
2.546500e+04 3.559140e+00
2.546600e+04 2.702041e+00
2.546700e+04 1.363168e+00
2.546800e+04 -1.919721e-01
2.546900e+04 -1.749903e+00
2.547000e+04 -2.998667e+00
2.547100e+04 -3.789651e+00
2.547200e+04 -3.943934e+00
2.547300e+04 -3.502730e+00
2.547400e+04 -2.456090e+00
2.547500e+04 -1.042005e+00
2.547600e+04 6.081437e-01
2.547700e+04 2.163697e+00
2.547800e+04 3.483396e+00
2.547900e+04 4.279403e+00
2.548000e+04 4.536582e+00
2.548100e+04 4.126297e+00
2.548200e+04 3.234859e+00
2.548300e+04 1.897501e+00
2.548400e+04 4.347081e-01
2.548500e+04 -1.070824e+00
2.548600e+04 -2.315123e+00
2.548700e+04 -3.314625e+00
2.548800e+04 -3.899346e+00
2.548900e+04 -4.253558e+00
2.549000e+04 -4.308207e+00
2.549100e+04 -4.310561e+00
2.549200e+04 -4.194654e+00
2.549300e+04 -4.167960e+00
2.549400e+04 -4.077538e+00
2.549500e+04 -4.073905e+00
2.549600e+04 -3.969673e+00
2.549700e+04 -3.924137e+00
2.549800e+04 -3.778897e+00
2.549900e+04 -3.745189e+00
2.550000e+04 -3.677074e+00
2.550100e+04 -3.765418e+00
2.550200e+04 -3.790434e+00
2.550300e+04 -3.864297e+00
2.550400e+04 -3.676157e+00
2.550500e+04 -3.293663e+00
2.550600e+04 -2.456401e+00
2.550700e+04 -1.360063e+00
2.550800e+04 9.684226e-02
2.550900e+04 1.525613e+00
2.551000e+04 2.882780e+00
2.551100e+04 3.717744e+00
2.551200e+04 4.065994e+00
2.551300e+04 3.663494e+00
2.551400e+04 2.764091e+00
2.551500e+04 1.340846e+00
2.551600e+04 -1.558051e-01
2.551700e+04 -1.690248e+00
2.551800e+04 -2.856238e+00
2.551900e+04 -3.761087e+00
2.552000e+04 -4.196485e+00
2.552100e+04 -4.433427e+00
2.552200e+04 -4.381716e+00
2.552300e+04 -4.366026e+00
2.552400e+04 -4.256371e+00
2.552500e+04 -4.284027e+00
2.552600e+04 -4.232402e+00
2.552700e+04 -4.284906e+00
2.552800e+04 -4.216795e+00
2.552900e+04 -4.227275e+00
2.553000e+04 -4.154263e+00
2.553100e+04 -4.233636e+00
2.553200e+04 -4.282745e+00
2.553300e+04 -4.476927e+00
2.553400e+04 -4.542299e+00
2.553500e+04 -4.559243e+00
2.553600e+04 -4.231577e+00
2.553700e+04 -3.653239e+00
2.553800e+04 -2.616959e+00
2.553900e+04 -1.383090e+00
2.554000e+04 8.826049e-02
2.554100e+04 1.440891e+00
2.554200e+04 2.662901e+00
2.554300e+04 3.470716e+00
2.554400e+04 3.990984e+00
2.554500e+04 4.096673e+00
2.554600e+04 4.068035e+00
2.554700e+04 3.894953e+00
2.554800e+04 3.840430e+00
2.554900e+04 3.809370e+00
2.555000e+04 3.930851e+00
2.555100e+04 3.964853e+00
2.555200e+04 3.906568e+00
2.555300e+04 3.506032e+00
2.555400e+04 2.813361e+00
2.555500e+04 1.698456e+00
2.555600e+04 3.844500e-01
2.555700e+04 -1.068251e+00
2.555800e+04 -2.331240e+00
2.555900e+04 -3.292235e+00
2.556000e+04 -3.696241e+00
2.556100e+04 -3.573988e+00
2.556200e+04 -2.860429e+00
2.556300e+04 -1.774581e+00
2.556400e+04 -4.282689e-01
2.556500e+04 8.948728e-01
2.556600e+04 2.084496e+00
2.556700e+04 2.961839e+00
2.556800e+04 3.568377e+00
2.556900e+04 3.881763e+00
2.557000e+04 4.029741e+00
2.557100e+04 4.063676e+00
2.557200e+04 4.084534e+00
2.557300e+04 4.085514e+00
2.557400e+04 4.088171e+00
2.557500e+04 4.034020e+00
2.557600e+04 3.931626e+00
2.557700e+04 3.792551e+00
2.557800e+04 3.658377e+00
2.557900e+04 3.587818e+00
2.558000e+04 3.625252e+00
2.558100e+04 3.776605e+00
2.558200e+04 3.959308e+00
2.558300e+04 4.068104e+00
2.558400e+04 3.939089e+00
2.558500e+04 3.496969e+00
2.558600e+04 2.646307e+00
2.558700e+04 1.488659e+00
2.558800e+04 1.208935e-01
2.558900e+04 -1.202855e+00
2.559000e+04 -2.343688e+00
2.559100e+04 -3.106120e+00
2.559200e+04 -3.530747e+00
2.559300e+04 -3.600977e+00
2.559400e+04 -3.557403e+00
2.559500e+04 -3.477911e+00
2.559600e+04 -3.576023e+00
2.559700e+04 -3.776561e+00
2.559800e+04 -4.112631e+00
2.559900e+04 -4.312117e+00
2.560000e+04 -4.267050e+00
2.560100e+04 -3.864843e+00
2.560200e+04 -2.910210e+00
2.560300e+04 -1.654125e+00
2.560400e+04 -9.475625e-02
2.560500e+04 1.356938e+00
2.560600e+04 2.653923e+00
2.560700e+04 3.475401e+00
2.560800e+04 3.955270e+00
2.560900e+04 4.000660e+00
2.561000e+04 3.931551e+00
2.561100e+04 3.760265e+00
2.561200e+04 3.775454e+00
2.561300e+04 3.869227e+00
2.561400e+04 4.139053e+00
2.561500e+04 4.291908e+00
2.561600e+04 4.315341e+00
2.561700e+04 3.918427e+00
2.561800e+04 3.164168e+00
2.561900e+04 1.950205e+00
2.562000e+04 5.480680e-01
2.562100e+04 -9.726028e-01
2.562200e+04 -2.250839e+00
2.562300e+04 -3.203348e+00
2.562400e+04 -3.563749e+00
2.562500e+04 -3.398269e+00
2.562600e+04 -2.626250e+00
2.562700e+04 -1.481203e+00
2.562800e+04 -3.342605e-02
2.562900e+04 1.397838e+00
2.563000e+04 2.698464e+00
2.563100e+04 3.583982e+00
2.563200e+04 4.007798e+00
2.563300e+04 3.796339e+00
2.563400e+04 3.054088e+00
2.563500e+04 1.801380e+00
2.563600e+04 3.002028e-01
2.563700e+04 -1.290568e+00
2.563800e+04 -2.628760e+00
2.563900e+04 -3.561911e+00
2.564000e+04 -3.866732e+00
2.564100e+04 -3.548197e+00
2.564200e+04 -2.605983e+00
2.564300e+04 -1.271798e+00
2.564400e+04 2.867752e-01
2.564500e+04 1.781688e+00
2.564600e+04 3.054552e+00
2.564700e+04 3.934054e+00
2.564800e+04 4.441855e+00
2.564900e+04 4.590297e+00
2.565000e+04 4.528603e+00
2.565100e+04 4.364941e+00
2.565200e+04 4.237181e+00
2.565300e+04 4.164807e+00
2.565400e+04 4.144380e+00
2.565500e+04 4.068145e+00
2.565600e+04 3.844323e+00
2.565700e+04 3.333587e+00
2.565800e+04 2.479759e+00
2.565900e+04 1.299845e+00
2.566000e+04 -9.173387e-02
2.566100e+04 -1.512042e+00
2.566200e+04 -2.729526e+00
2.566300e+04 -3.524548e+00
2.566400e+04 -3.749528e+00
2.566500e+04 -3.351300e+00
2.566600e+04 -2.406965e+00
2.566700e+04 -1.076425e+00
2.566800e+04 3.935642e-01
2.566900e+04 1.784068e+00
2.567000e+04 2.899768e+00
2.567100e+04 3.669442e+00
2.567200e+04 4.068292e+00
2.567300e+04 4.205576e+00
2.567400e+04 4.181138e+00
2.567500e+04 4.133271e+00
2.567600e+04 4.107492e+00
2.567700e+04 4.156833e+00
2.567800e+04 4.227773e+00
2.567900e+04 4.320412e+00
2.568000e+04 4.358191e+00
2.568100e+04 4.368855e+00
2.568200e+04 4.338187e+00
2.568300e+04 4.334661e+00
2.568400e+04 4.335521e+00
2.568500e+04 4.391920e+00
2.568600e+04 4.428047e+00
2.568700e+04 4.447795e+00
2.568800e+04 4.380340e+00
2.568900e+04 4.257648e+00
2.569000e+04 4.053935e+00
2.569100e+04 3.879340e+00
2.569200e+04 3.742826e+00
2.569300e+04 3.721824e+00
2.569400e+04 3.742473e+00
2.569500e+04 3.787014e+00
2.569600e+04 3.691919e+00
2.569700e+04 3.377064e+00
2.569800e+04 2.710476e+00
2.569900e+04 1.737951e+00
2.570000e+04 4.815934e-01
2.570100e+04 -8.524549e-01
2.570200e+04 -2.111678e+00
2.570300e+04 -3.031634e+00
2.570400e+04 -3.507250e+00
2.570500e+04 -3.413756e+00
2.570600e+04 -2.803927e+00
2.570700e+04 -1.734596e+00
2.570800e+04 -4.327188e-01
2.570900e+04 9.412928e-01
2.571000e+04 2.121025e+00
2.571100e+04 2.965516e+00
2.571200e+04 3.295902e+00
2.571300e+04 3.093050e+00
2.571400e+04 2.335999e+00
2.571500e+04 1.170616e+00
2.571600e+04 -2.683341e-01
2.571700e+04 -1.723344e+00
2.571800e+04 -2.993179e+00
2.571900e+04 -3.821752e+00
2.572000e+04 -4.100602e+00
2.572100e+04 -3.743622e+00
2.572200e+04 -2.821890e+00
2.572300e+04 -1.460991e+00
2.572400e+04 8.939564e-02
2.572500e+04 1.614054e+00
2.572600e+04 2.870422e+00
2.572700e+04 3.739269e+00
2.572800e+04 4.175095e+00
2.572900e+04 4.258485e+00
2.573000e+04 4.114010e+00
2.573100e+04 3.924200e+00
2.573200e+04 3.812308e+00
2.573300e+04 3.840382e+00
2.573400e+04 3.960150e+00
2.573500e+04 4.059530e+00
2.573600e+04 3.982077e+00
2.573700e+04 3.578461e+00
2.573800e+04 2.788320e+00
2.573900e+04 1.638518e+00
2.574000e+04 2.649839e-01
2.574100e+04 -1.162506e+00
2.574200e+04 -2.435278e+00
2.574300e+04 -3.421894e+00
2.574400e+04 -4.042798e+00
2.574500e+04 -4.360421e+00
2.574600e+04 -4.433270e+00
2.574700e+04 -4.416311e+00
2.574800e+04 -4.382431e+00
2.574900e+04 -4.422197e+00
2.575000e+04 -4.494033e+00
2.575100e+04 -4.601677e+00
2.575200e+04 -4.649857e+00
2.575300e+04 -4.657603e+00
2.575400e+04 -4.570652e+00
2.575500e+04 -4.476317e+00
2.575600e+04 -4.358349e+00
2.575700e+04 -4.312947e+00
2.575800e+04 -4.281410e+00
2.575900e+04 -4.325061e+00
2.576000e+04 -4.356343e+00
2.576100e+04 -4.392830e+00
2.576200e+04 -4.394263e+00
2.576300e+04 -4.394497e+00
2.576400e+04 -4.379217e+00
2.576500e+04 -4.362874e+00
2.576600e+04 -4.301632e+00
2.576700e+04 -4.138551e+00
2.576800e+04 -3.786929e+00
2.576900e+04 -3.192464e+00
2.577000e+04 -2.320187e+00
2.577100e+04 -1.208842e+00
2.577200e+04 3.548983e-02
2.577300e+04 1.279035e+00
2.577400e+04 2.362104e+00
2.577500e+04 3.193696e+00
2.577600e+04 3.722152e+00
2.577700e+04 3.987967e+00
2.577800e+04 4.063097e+00
2.577900e+04 4.085633e+00
2.578000e+04 4.113798e+00
2.578100e+04 4.211176e+00
2.578200e+04 4.308173e+00
2.578300e+04 4.351685e+00
2.578400e+04 4.179544e+00
2.578500e+04 3.728518e+00
2.578600e+04 2.902409e+00
2.578700e+04 1.779117e+00
2.578800e+04 4.167967e-01
2.578900e+04 -9.509381e-01
2.579000e+04 -2.168088e+00
2.579100e+04 -2.970345e+00
2.579200e+04 -3.290430e+00
2.579300e+04 -3.002688e+00
2.579400e+04 -2.218532e+00
2.579500e+04 -1.006910e+00
2.579600e+04 3.562744e-01
2.579700e+04 1.740750e+00
2.579800e+04 2.878534e+00
2.579900e+04 3.743811e+00
2.580000e+04 4.218203e+00
2.580100e+04 4.455271e+00
2.580200e+04 4.472666e+00
2.580300e+04 4.495896e+00
2.580400e+04 4.520772e+00
2.580500e+04 4.679465e+00
2.580600e+04 4.810838e+00
2.580700e+04 4.916986e+00
2.580800e+04 4.732445e+00
2.580900e+04 4.236237e+00
2.581000e+04 3.248680e+00
2.581100e+04 1.926498e+00
2.581200e+04 2.725006e-01
2.581300e+04 -1.359605e+00
2.581400e+04 -2.839049e+00
2.581500e+04 -3.801027e+00
2.581600e+04 -4.209699e+00
2.581700e+04 -3.861055e+00
2.581800e+04 -2.976702e+00
2.581900e+04 -1.586335e+00
2.582000e+04 -6.988171e-02
2.582100e+04 1.469995e+00
2.582200e+04 2.687125e+00
2.582300e+04 3.615836e+00
2.582400e+04 4.071085e+00
2.582500e+04 4.282068e+00
2.582600e+04 4.202581e+00
2.582700e+04 4.106720e+00
2.582800e+04 3.927943e+00
2.582900e+04 3.886967e+00
2.583000e+04 3.822990e+00
2.583100e+04 3.872595e+00
2.583200e+04 3.850282e+00
2.583300e+04 3.924006e+00
2.583400e+04 3.919033e+00
2.583500e+04 4.031570e+00
2.583600e+04 4.102847e+00
2.583700e+04 4.283597e+00
2.583800e+04 4.338791e+00
2.583900e+04 4.353084e+00
2.584000e+04 4.040036e+00
2.584100e+04 3.497305e+00
2.584200e+04 2.513567e+00
2.584300e+04 1.311157e+00
2.584400e+04 -1.729224e-01
2.584500e+04 -1.578875e+00
2.584600e+04 -2.890381e+00
2.584700e+04 -3.733310e+00
2.584800e+04 -4.154711e+00
2.584900e+04 -3.905532e+00
2.585000e+04 -3.190399e+00
2.585100e+04 -1.933475e+00
2.585200e+04 -4.954469e-01
2.585300e+04 1.086140e+00
2.585400e+04 2.387285e+00
2.585500e+04 3.391146e+00
2.585600e+04 3.768481e+00
2.585700e+04 3.627780e+00
2.585800e+04 2.825543e+00
2.585900e+04 1.680470e+00
2.586000e+04 1.973629e-01
2.586100e+04 -1.217806e+00
2.586200e+04 -2.556424e+00
2.586300e+04 -3.506758e+00
2.586400e+04 -4.182797e+00
2.586500e+04 -4.432584e+00
2.586600e+04 -4.523936e+00
2.586700e+04 -4.371504e+00
2.586800e+04 -4.243892e+00
2.586900e+04 -4.031188e+00
2.587000e+04 -3.938908e+00
2.587100e+04 -3.805131e+00
2.587200e+04 -3.790279e+00
2.587300e+04 -3.728130e+00
2.587400e+04 -3.800048e+00
2.587500e+04 -3.842794e+00
2.587600e+04 -4.018960e+00
2.587700e+04 -4.148355e+00
2.587800e+04 -4.356483e+00
2.587900e+04 -4.442860e+00
2.588000e+04 -4.533076e+00
2.588100e+04 -4.469562e+00
2.588200e+04 -4.428569e+00
2.588300e+04 -4.303761e+00
2.588400e+04 -4.284028e+00
2.588500e+04 -4.234027e+00
2.588600e+04 -4.261554e+00
2.588700e+04 -4.146824e+00
2.588800e+04 -3.923146e+00
2.588900e+04 -3.352752e+00
2.589000e+04 -2.516662e+00
2.589100e+04 -1.303682e+00
2.589200e+04 5.287337e-02
2.589300e+04 1.509137e+00
2.589400e+04 2.735431e+00
2.589500e+04 3.640607e+00
2.589600e+04 3.962400e+00
2.589700e+04 3.756509e+00
2.589800e+04 2.929098e+00
2.589900e+04 1.711219e+00
2.590000e+04 1.942005e-01
2.590100e+04 -1.287937e+00
2.590200e+04 -2.593122e+00
2.590300e+04 -3.428912e+00
2.590400e+04 -3.756461e+00
2.590500e+04 -3.428800e+00
2.590600e+04 -2.597977e+00
2.590700e+04 -1.334409e+00
2.590800e+04 7.379723e-02
2.590900e+04 1.475215e+00
2.591000e+04 2.596208e+00
2.591100e+04 3.391556e+00
2.591200e+04 3.776075e+00
2.591300e+04 3.894383e+00
2.591400e+04 3.826691e+00
2.591500e+04 3.788200e+00
2.591600e+04 3.829724e+00
2.591700e+04 4.026789e+00
2.591800e+04 4.251864e+00
2.591900e+04 4.409612e+00
2.592000e+04 4.284397e+00
2.592100e+04 3.837624e+00
2.592200e+04 2.896804e+00
2.592300e+04 1.688559e+00
2.592400e+04 2.172595e-01
2.592500e+04 -1.158056e+00
2.592600e+04 -2.394923e+00
2.592700e+04 -3.205722e+00
2.592800e+04 -3.720946e+00
2.592900e+04 -3.831514e+00
2.593000e+04 -3.813781e+00
2.593100e+04 -3.639535e+00
2.593200e+04 -3.582842e+00
2.593300e+04 -3.520204e+00
2.593400e+04 -3.626637e+00
2.593500e+04 -3.693321e+00
2.593600e+04 -3.850097e+00
2.593700e+04 -3.891443e+00
2.593800e+04 -4.014713e+00
2.593900e+04 -4.057875e+00
2.594000e+04 -4.236956e+00
2.594100e+04 -4.362265e+00
2.594200e+04 -4.581771e+00
2.594300e+04 -4.606437e+00
2.594400e+04 -4.517202e+00
2.594500e+04 -4.000648e+00
2.594600e+04 -3.199388e+00
2.594700e+04 -1.924381e+00
2.594800e+04 -4.999077e-01
2.594900e+04 1.098050e+00
2.595000e+04 2.415396e+00
2.595100e+04 3.448124e+00
2.595200e+04 3.805705e+00
2.595300e+04 3.653978e+00
2.595400e+04 2.816989e+00
2.595500e+04 1.684306e+00
2.595600e+04 2.383471e-01
2.595700e+04 -1.050306e+00
2.595800e+04 -2.232899e+00
2.595900e+04 -2.959353e+00
2.596000e+04 -3.473980e+00
2.596100e+04 -3.582476e+00
2.596200e+04 -3.657604e+00
2.596300e+04 -3.561666e+00
2.596400e+04 -3.639845e+00
2.596500e+04 -3.657944e+00
2.596600e+04 -3.864844e+00
2.596700e+04 -3.945320e+00
2.596800e+04 -4.134851e+00
2.596900e+04 -4.109125e+00
2.597000e+04 -4.157918e+00
2.597100e+04 -4.028550e+00
2.597200e+04 -4.043052e+00
2.597300e+04 -3.935923e+00
2.597400e+04 -4.009255e+00
2.597500e+04 -3.956259e+00
2.597600e+04 -4.064904e+00
2.597700e+04 -4.001929e+00
2.597800e+04 -4.076825e+00
2.597900e+04 -3.985856e+00
2.598000e+04 -4.061388e+00
2.598100e+04 -3.988779e+00
2.598200e+04 -4.090260e+00
2.598300e+04 -4.031608e+00
2.598400e+04 -4.123359e+00
2.598500e+04 -4.018839e+00
2.598600e+04 -4.077110e+00
2.598700e+04 -3.985442e+00
2.598800e+04 -4.110816e+00
2.598900e+04 -4.117336e+00
2.599000e+04 -4.320286e+00
2.599100e+04 -4.285580e+00
2.599200e+04 -4.253667e+00
2.599300e+04 -3.758698e+00
2.599400e+04 -3.094703e+00
2.599500e+04 -1.912599e+00
2.599600e+04 -6.796150e-01
2.599700e+04 8.021384e-01
2.599800e+04 1.962014e+00
2.599900e+04 3.017325e+00
2.600000e+04 3.522264e+00
2.600100e+04 3.867800e+00
2.600200e+04 3.789125e+00
2.600300e+04 3.828301e+00
2.600400e+04 3.733378e+00
2.600500e+04 3.946553e+00
2.600600e+04 4.049510e+00
2.600700e+04 4.309313e+00
2.600800e+04 4.166800e+00
2.600900e+04 3.875921e+00
2.601000e+04 2.976876e+00
2.601100e+04 1.894897e+00
2.601200e+04 3.685058e-01
2.601300e+04 -1.001720e+00
2.601400e+04 -2.407557e+00
2.601500e+04 -3.300461e+00
2.601600e+04 -4.023638e+00
2.601700e+04 -4.197283e+00
2.601800e+04 -4.334463e+00
2.601900e+04 -4.172757e+00
2.602000e+04 -4.223969e+00
2.602100e+04 -4.136165e+00
2.602200e+04 -4.296389e+00
2.602300e+04 -4.189249e+00
2.602400e+04 -4.090562e+00
2.602500e+04 -3.480690e+00
2.602600e+04 -2.700945e+00
2.602700e+04 -1.359930e+00
2.602800e+04 9.317994e-04
2.602900e+04 1.590448e+00
2.603000e+04 2.770467e+00
2.603100e+04 3.728467e+00
2.603200e+04 3.898666e+00
2.603300e+04 3.658704e+00
2.603400e+04 2.673933e+00
2.603500e+04 1.512143e+00
2.603600e+04 -1.222840e-02
2.603700e+04 -1.267789e+00
2.603800e+04 -2.491501e+00
2.603900e+04 -3.202110e+00
2.604000e+04 -3.811363e+00
2.604100e+04 -3.977298e+00
2.604200e+04 -4.219603e+00
2.604300e+04 -4.232363e+00
2.604400e+04 -4.461559e+00
2.604500e+04 -4.510155e+00
2.604600e+04 -4.728513e+00
2.604700e+04 -4.662359e+00
2.604800e+04 -4.682947e+00
2.604900e+04 -4.393559e+00
2.605000e+04 -4.233813e+00
2.605100e+04 -3.893375e+00
2.605200e+04 -3.825769e+00
2.605300e+04 -3.662117e+00
2.605400e+04 -3.756978e+00
2.605500e+04 -3.618566e+00
2.605600e+04 -3.497174e+00
2.605700e+04 -2.901286e+00
2.605800e+04 -2.141093e+00
2.605900e+04 -8.569560e-01
2.606000e+04 4.517612e-01
2.606100e+04 1.961846e+00
2.606200e+04 3.067137e+00
2.606300e+04 3.932833e+00
2.606400e+04 4.055917e+00
2.606500e+04 3.748502e+00
2.606600e+04 2.729606e+00
2.606700e+04 1.530205e+00
2.606800e+04 6.291628e-03
2.606900e+04 -1.266248e+00
2.607000e+04 -2.461340e+00
2.607100e+04 -3.133757e+00
2.607200e+04 -3.620576e+00
2.607300e+04 -3.658413e+00
2.607400e+04 -3.709189e+00
2.607500e+04 -3.571529e+00
2.607600e+04 -3.671555e+00
2.607700e+04 -3.713699e+00
2.607800e+04 -3.976215e+00
2.607900e+04 -4.006227e+00
2.608000e+04 -3.975914e+00
2.608100e+04 -3.414521e+00
2.608200e+04 -2.606693e+00
2.608300e+04 -1.213717e+00
2.608400e+04 2.510445e-01
2.608500e+04 1.914736e+00
2.608600e+04 3.158692e+00
2.608700e+04 4.088681e+00
2.608800e+04 4.194789e+00
2.608900e+04 3.788642e+00
2.609000e+04 2.639032e+00
2.609100e+04 1.272433e+00
2.609200e+04 -3.790268e-01
2.609300e+04 -1.751293e+00
2.609400e+04 -2.978071e+00
2.609500e+04 -3.665380e+00
2.609600e+04 -4.129879e+00
2.609700e+04 -4.158846e+00
2.609800e+04 -4.160298e+00
2.609900e+04 -3.964084e+00
2.610000e+04 -3.932146e+00
2.610100e+04 -3.825966e+00
2.610200e+04 -3.911230e+00
2.610300e+04 -3.904969e+00
2.610400e+04 -4.035121e+00
2.610500e+04 -4.038435e+00
2.610600e+04 -4.154555e+00
2.610700e+04 -4.153584e+00
2.610800e+04 -4.271639e+00
2.610900e+04 -4.281859e+00
2.611000e+04 -4.397110e+00
2.611100e+04 -4.395149e+00
2.611200e+04 -4.457767e+00
2.611300e+04 -4.384099e+00
2.611400e+04 -4.378023e+00
2.611500e+04 -4.261350e+00
2.611600e+04 -4.228666e+00
2.611700e+04 -4.129788e+00
2.611800e+04 -4.140142e+00
2.611900e+04 -4.106853e+00
2.612000e+04 -4.181039e+00
2.612100e+04 -4.209802e+00
2.612200e+04 -4.317148e+00
2.612300e+04 -4.357483e+00
2.612400e+04 -4.440151e+00
2.612500e+04 -4.428320e+00
2.612600e+04 -4.433855e+00
2.612700e+04 -4.352972e+00
2.612800e+04 -4.292384e+00
2.612900e+04 -4.187205e+00
2.613000e+04 -4.151344e+00
2.613100e+04 -4.110247e+00
2.613200e+04 -4.135556e+00
2.613300e+04 -4.145801e+00
2.613400e+04 -4.175450e+00
2.613500e+04 -4.133650e+00
2.613600e+04 -4.069346e+00
2.613700e+04 -3.963016e+00
2.613800e+04 -3.880700e+00
2.613900e+04 -3.830528e+00
2.614000e+04 -3.870065e+00
2.614100e+04 -3.953789e+00
2.614200e+04 -4.036698e+00
2.614300e+04 -3.999206e+00
2.614400e+04 -3.722057e+00
2.614500e+04 -3.117709e+00
2.614600e+04 -2.153801e+00
2.614700e+04 -8.854300e-01
2.614800e+04 5.581312e-01
2.614900e+04 1.959126e+00
2.615000e+04 3.130003e+00
2.615100e+04 3.850574e+00
2.615200e+04 4.039821e+00
2.615300e+04 3.650481e+00
2.615400e+04 2.791058e+00
2.615500e+04 1.562536e+00
2.615600e+04 2.009157e-01
2.615700e+04 -1.158990e+00
2.615800e+04 -2.307954e+00
2.615900e+04 -3.225293e+00
2.616000e+04 -3.824511e+00
2.616100e+04 -4.194785e+00
2.616200e+04 -4.350835e+00
2.616300e+04 -4.454404e+00
2.616400e+04 -4.485249e+00
2.616500e+04 -4.547125e+00
2.616600e+04 -4.529796e+00
2.616700e+04 -4.429687e+00
2.616800e+04 -4.067186e+00
2.616900e+04 -3.460559e+00
2.617000e+04 -2.491838e+00
2.617100e+04 -1.306479e+00
2.617200e+04 5.219007e-02
2.617300e+04 1.321639e+00
2.617400e+04 2.421008e+00
2.617500e+04 3.127153e+00
2.617600e+04 3.510868e+00
2.617700e+04 3.535367e+00
2.617800e+04 3.434114e+00
2.617900e+04 3.273476e+00
2.618000e+04 3.286468e+00
2.618100e+04 3.415743e+00
2.618200e+04 3.700839e+00
2.618300e+04 3.911886e+00
2.618400e+04 3.973714e+00
2.618500e+04 3.624936e+00
2.618600e+04 2.899401e+00
2.618700e+04 1.745557e+00
2.618800e+04 3.945381e-01
2.618900e+04 -1.043861e+00
2.619000e+04 -2.268385e+00
2.619100e+04 -3.232264e+00
2.619200e+04 -3.795229e+00
2.619300e+04 -4.091141e+00
2.619400e+04 -4.158269e+00
2.619500e+04 -4.227458e+00
2.619600e+04 -4.311698e+00
2.619700e+04 -4.518879e+00
2.619800e+04 -4.704542e+00
2.619900e+04 -4.803244e+00
2.620000e+04 -4.593144e+00
2.620100e+04 -4.026877e+00
2.620200e+04 -2.994492e+00
2.620300e+04 -1.631553e+00
2.620400e+04 -4.024816e-02
2.620500e+04 1.502881e+00
2.620600e+04 2.846026e+00
2.620700e+04 3.801218e+00
2.620800e+04 4.358441e+00
2.620900e+04 4.528949e+00
2.621000e+04 4.491596e+00
2.621100e+04 4.357884e+00
2.621200e+04 4.267955e+00
2.621300e+04 4.241955e+00
2.621400e+04 4.251127e+00
2.621500e+04 4.164646e+00
2.621600e+04 3.856461e+00
2.621700e+04 3.220616e+00
2.621800e+04 2.235129e+00
2.621900e+04 9.737974e-01
2.622000e+04 -4.205269e-01
2.622100e+04 -1.752531e+00
2.622200e+04 -2.878003e+00
2.622300e+04 -3.670153e+00
2.622400e+04 -4.144957e+00
2.622500e+04 -4.331720e+00
2.622600e+04 -4.382625e+00
2.622700e+04 -4.356759e+00
2.622800e+04 -4.381624e+00
2.622900e+04 -4.410439e+00
2.623000e+04 -4.483258e+00
2.623100e+04 -4.478590e+00
2.623200e+04 -4.430136e+00
2.623300e+04 -4.257355e+00
2.623400e+04 -4.103738e+00
2.623500e+04 -3.940113e+00
2.623600e+04 -3.934137e+00
2.623700e+04 -3.999561e+00
2.623800e+04 -4.207211e+00
2.623900e+04 -4.322610e+00
2.624000e+04 -4.311973e+00
2.624100e+04 -3.970926e+00
2.624200e+04 -3.219286e+00
2.624300e+04 -2.077406e+00
2.624400e+04 -6.314572e-01
2.624500e+04 9.042877e-01
2.624600e+04 2.324959e+00
2.624700e+04 3.372786e+00
2.624800e+04 3.900616e+00
2.624900e+04 3.788166e+00
2.625000e+04 3.099998e+00
2.625100e+04 1.900950e+00
2.625200e+04 4.360030e-01
2.625300e+04 -1.105078e+00
2.625400e+04 -2.420037e+00
2.625500e+04 -3.355027e+00
2.625600e+04 -3.701150e+00
2.625700e+04 -3.476556e+00
2.625800e+04 -2.662445e+00
2.625900e+04 -1.475044e+00
2.626000e+04 -4.442346e-02
2.626100e+04 1.327132e+00
2.626200e+04 2.532265e+00
2.626300e+04 3.354910e+00
2.626400e+04 3.858163e+00
2.626500e+04 4.005857e+00
2.626600e+04 3.997359e+00
2.626700e+04 3.858467e+00
2.626800e+04 3.792676e+00
2.626900e+04 3.738680e+00
2.627000e+04 3.805395e+00
2.627100e+04 3.836064e+00
2.627200e+04 3.902995e+00
2.627300e+04 3.875815e+00
2.627400e+04 3.877835e+00
2.627500e+04 3.815326e+00
2.627600e+04 3.847109e+00
2.627700e+04 3.850256e+00
2.627800e+04 3.909135e+00
2.627900e+04 3.799227e+00
2.628000e+04 3.561190e+00
2.628100e+04 2.977615e+00
2.628200e+04 2.155963e+00
2.628300e+04 1.007033e+00
2.628400e+04 -2.052844e-01
2.628500e+04 -1.473105e+00
2.628600e+04 -2.498154e+00
2.628700e+04 -3.325383e+00
2.628800e+04 -3.767665e+00
2.628900e+04 -4.013199e+00
2.629000e+04 -3.995084e+00
2.629100e+04 -3.964872e+00
2.629200e+04 -3.853033e+00
2.629300e+04 -3.859957e+00
2.629400e+04 -3.829854e+00
2.629500e+04 -3.898178e+00
2.629600e+04 -3.874236e+00
2.629700e+04 -3.900763e+00
2.629800e+04 -3.827242e+00
2.629900e+04 -3.838184e+00
2.630000e+04 -3.799137e+00
2.630100e+04 -3.868299e+00
2.630200e+04 -3.852396e+00
2.630300e+04 -3.845808e+00
2.630400e+04 -3.575277e+00
2.630500e+04 -3.112144e+00
2.630600e+04 -2.250510e+00
2.630700e+04 -1.156642e+00
2.630800e+04 2.376927e-01
2.630900e+04 1.596151e+00
2.631000e+04 2.866841e+00
2.631100e+04 3.674725e+00
2.631200e+04 4.014020e+00
2.631300e+04 3.654706e+00
2.631400e+04 2.792497e+00
2.631500e+04 1.417446e+00
2.631600e+04 -9.510279e-02
2.631700e+04 -1.650696e+00
2.631800e+04 -2.888822e+00
2.631900e+04 -3.829907e+00
2.632000e+04 -4.300099e+00
2.632100e+04 -4.520030e+00
2.632200e+04 -4.473251e+00
2.632300e+04 -4.443593e+00
2.632400e+04 -4.390270e+00
2.632500e+04 -4.476201e+00
2.632600e+04 -4.503069e+00
2.632700e+04 -4.499705e+00
2.632800e+04 -4.204240e+00
2.632900e+04 -3.649368e+00
2.633000e+04 -2.689684e+00
2.633100e+04 -1.515232e+00
2.633200e+04 -1.270456e-01
2.633300e+04 1.184852e+00
2.633400e+04 2.387473e+00
2.633500e+04 3.255963e+00
2.633600e+04 3.867059e+00
2.633700e+04 4.136964e+00
2.633800e+04 4.249066e+00
2.633900e+04 4.185660e+00
2.634000e+04 4.131378e+00
2.634100e+04 4.041167e+00
2.634200e+04 4.027401e+00
2.634300e+04 3.998936e+00
2.634400e+04 4.042110e+00
2.634500e+04 4.054175e+00
2.634600e+04 4.116560e+00
2.634700e+04 4.157266e+00
2.634800e+04 4.251969e+00
2.634900e+04 4.312907e+00
2.635000e+04 4.396340e+00
2.635100e+04 4.431550e+00
2.635200e+04 4.469159e+00
2.635300e+04 4.453654e+00
2.635400e+04 4.479204e+00
2.635500e+04 4.521186e+00
2.635600e+04 4.636341e+00
2.635700e+04 4.766353e+00
2.635800e+04 4.897861e+00
2.635900e+04 4.894037e+00
2.636000e+04 4.667150e+00
2.636100e+04 4.093566e+00
2.636200e+04 3.146083e+00
2.636300e+04 1.822464e+00
2.636400e+04 2.590384e-01
2.636500e+04 -1.364493e+00
2.636600e+04 -2.803291e+00
2.636700e+04 -3.834322e+00
2.636800e+04 -4.285487e+00
2.636900e+04 -4.086826e+00
2.637000e+04 -3.290020e+00
2.637100e+04 -2.037584e+00
2.637200e+04 -5.646366e-01
2.637300e+04 9.073025e-01
2.637400e+04 2.160794e+00
2.637500e+04 3.098639e+00
2.637600e+04 3.658526e+00
2.637700e+04 3.921603e+00
2.637800e+04 3.953787e+00
2.637900e+04 3.909899e+00
2.638000e+04 3.841128e+00
2.638100e+04 3.846543e+00
2.638200e+04 3.881216e+00
2.638300e+04 3.986296e+00
2.638400e+04 4.059096e+00
2.638500e+04 4.123523e+00
2.638600e+04 4.107220e+00
2.638700e+04 4.080810e+00
2.638800e+04 3.982706e+00
2.638900e+04 3.915963e+00
2.639000e+04 3.819560e+00
2.639100e+04 3.788283e+00
2.639200e+04 3.744228e+00
2.639300e+04 3.781958e+00
2.639400e+04 3.810532e+00
2.639500e+04 3.926760e+00
2.639600e+04 4.029702e+00
2.639700e+04 4.205005e+00
2.639800e+04 4.331146e+00
2.639900e+04 4.505584e+00
2.640000e+04 4.579956e+00
2.640100e+04 4.710837e+00
2.640200e+04 4.695796e+00
2.640300e+04 4.754736e+00
2.640400e+04 4.659377e+00
2.640500e+04 4.636498e+00
2.640600e+04 4.462586e+00
2.640700e+04 4.350444e+00
2.640800e+04 4.095293e+00
2.640900e+04 3.956218e+00
2.641000e+04 3.754160e+00
2.641100e+04 3.747041e+00
2.641200e+04 3.747157e+00
2.641300e+04 3.938905e+00
2.641400e+04 4.044467e+00
2.641500e+04 4.166350e+00
2.641600e+04 3.963720e+00
2.641700e+04 3.546011e+00
2.641800e+04 2.679918e+00
2.641900e+04 1.600993e+00
2.642000e+04 2.267905e-01
2.642100e+04 -1.082883e+00
2.642200e+04 -2.346307e+00
2.642300e+04 -3.248815e+00
2.642400e+04 -3.920514e+00
2.642500e+04 -4.192806e+00
2.642600e+04 -4.314205e+00
2.642700e+04 -4.219002e+00
2.642800e+04 -4.167729e+00
2.642900e+04 -4.052501e+00
2.643000e+04 -4.060999e+00
2.643100e+04 -4.031690e+00
2.643200e+04 -4.090172e+00
2.643300e+04 -4.074228e+00
2.643400e+04 -4.127772e+00
2.643500e+04 -4.113608e+00
2.643600e+04 -4.172097e+00
2.643700e+04 -4.186757e+00
2.643800e+04 -4.265242e+00
2.643900e+04 -4.275986e+00
2.644000e+04 -4.329030e+00
2.644100e+04 -4.308003e+00
2.644200e+04 -4.312506e+00
2.644300e+04 -4.266335e+00
2.644400e+04 -4.268925e+00
2.644500e+04 -4.230291e+00
2.644600e+04 -4.217566e+00
2.644700e+04 -4.157081e+00
2.644800e+04 -4.108684e+00
2.644900e+04 -4.016685e+00
2.645000e+04 -3.970336e+00
2.645100e+04 -3.952792e+00
2.645200e+04 -4.011524e+00
2.645300e+04 -4.092852e+00
2.645400e+04 -4.162776e+00
2.645500e+04 -4.103148e+00
2.645600e+04 -3.822403e+00
2.645700e+04 -3.233746e+00
2.645800e+04 -2.318563e+00
2.645900e+04 -1.133206e+00
2.646000e+04 2.145585e-01
2.646100e+04 1.541843e+00
2.646200e+04 2.709719e+00
2.646300e+04 3.562375e+00
2.646400e+04 4.079496e+00
2.646500e+04 4.232765e+00
2.646600e+04 4.155960e+00
2.646700e+04 3.904089e+00
2.646800e+04 3.658389e+00
2.646900e+04 3.435220e+00
2.647000e+04 3.359068e+00
2.647100e+04 3.355860e+00
2.647200e+04 3.495542e+00
2.647300e+04 3.643775e+00
2.647400e+04 3.869279e+00
2.647500e+04 4.023746e+00
2.647600e+04 4.195783e+00
2.647700e+04 4.240114e+00
2.647800e+04 4.280886e+00
2.647900e+04 4.184744e+00
2.648000e+04 4.118054e+00
2.648100e+04 3.970476e+00
2.648200e+04 3.948808e+00
2.648300e+04 3.928134e+00
2.648400e+04 4.090261e+00
2.648500e+04 4.229577e+00
2.648600e+04 4.447254e+00
2.648700e+04 4.440493e+00
2.648800e+04 4.284030e+00
2.648900e+04 3.685282e+00
2.649000e+04 2.819446e+00
2.649100e+04 1.531401e+00
2.649200e+04 1.715274e-01
2.649300e+04 -1.298385e+00
2.649400e+04 -2.463588e+00
2.649500e+04 -3.419001e+00
2.649600e+04 -3.876964e+00
2.649700e+04 -4.121335e+00
2.649800e+04 -4.024759e+00
2.649900e+04 -3.992312e+00
2.650000e+04 -3.892971e+00
2.650100e+04 -4.044458e+00
2.650200e+04 -4.153165e+00
2.650300e+04 -4.361701e+00
2.650400e+04 -4.235297e+00
2.650500e+04 -3.919349e+00
2.650600e+04 -3.052457e+00
2.650700e+04 -1.938245e+00
2.650800e+04 -4.207757e-01
2.650900e+04 1.013750e+00
2.651000e+04 2.451219e+00
2.651100e+04 3.426205e+00
2.651200e+04 4.160424e+00
2.651300e+04 4.372636e+00
2.651400e+04 4.475216e+00
2.651500e+04 4.304346e+00
2.651600e+04 4.303941e+00
2.651700e+04 4.229437e+00
2.651800e+04 4.377877e+00
2.651900e+04 4.334011e+00
2.652000e+04 4.277785e+00
2.652100e+04 3.756235e+00
2.652200e+04 3.019143e+00
2.652300e+04 1.766899e+00
2.652400e+04 4.421691e-01
2.652500e+04 -1.097565e+00
2.652600e+04 -2.315674e+00
2.652700e+04 -3.371787e+00
2.652800e+04 -3.867682e+00
2.652900e+04 -4.146548e+00
2.653000e+04 -3.986163e+00
2.653100e+04 -3.876604e+00
2.653200e+04 -3.634112e+00
2.653300e+04 -3.660760e+00
2.653400e+04 -3.633023e+00
2.653500e+04 -3.779298e+00
2.653600e+04 -3.615820e+00
2.653700e+04 -3.327291e+00
2.653800e+04 -2.503889e+00
2.653900e+04 -1.461614e+00
2.654000e+04 4.520297e-03
2.654100e+04 1.376914e+00
2.654200e+04 2.726020e+00
2.654300e+04 3.513683e+00
2.654400e+04 3.901206e+00
2.654500e+04 3.512037e+00
2.654600e+04 2.701505e+00
2.654700e+04 1.319795e+00
2.654800e+04 -1.247150e-01
2.654900e+04 -1.696567e+00
2.655000e+04 -2.869861e+00
2.655100e+04 -3.754777e+00
2.655200e+04 -3.957789e+00
2.655300e+04 -3.731055e+00
2.655400e+04 -2.841878e+00
2.655500e+04 -1.702078e+00
2.655600e+04 -2.212973e-01
2.655700e+04 1.129068e+00
2.655800e+04 2.436879e+00
2.655900e+04 3.318323e+00
2.656000e+04 3.970559e+00
2.656100e+04 4.182947e+00
2.656200e+04 4.311748e+00
2.656300e+04 4.227114e+00
2.656400e+04 4.275184e+00
2.656500e+04 4.260464e+00
2.656600e+04 4.397203e+00
2.656700e+04 4.350281e+00
2.656800e+04 4.215092e+00
2.656900e+04 3.652881e+00
2.657000e+04 2.847096e+00
2.657100e+04 1.602465e+00
2.657200e+04 2.726960e-01
2.657300e+04 -1.178594e+00
2.657400e+04 -2.344471e+00
2.657500e+04 -3.299814e+00
2.657600e+04 -3.779649e+00
2.657700e+04 -4.033969e+00
2.657800e+04 -3.970754e+00
2.657900e+04 -3.937797e+00
2.658000e+04 -3.851429e+00
2.658100e+04 -3.957628e+00
2.658200e+04 -4.025281e+00
2.658300e+04 -4.131189e+00
2.658400e+04 -3.940340e+00
2.658500e+04 -3.502762e+00
2.658600e+04 -2.574971e+00
2.658700e+04 -1.361915e+00
2.658800e+04 1.714821e-01
2.658900e+04 1.645776e+00
2.659000e+04 2.974608e+00
2.659100e+04 3.769735e+00
2.659200e+04 4.040409e+00
2.659300e+04 3.580356e+00
2.659400e+04 2.592965e+00
2.659500e+04 1.100543e+00
2.659600e+04 -5.277655e-01
2.659700e+04 -2.172863e+00
2.659800e+04 -3.454844e+00
2.659900e+04 -4.323629e+00
2.660000e+04 -4.538763e+00
2.660100e+04 -4.185907e+00
2.660200e+04 -3.222034e+00
2.660300e+04 -1.903440e+00
2.660400e+04 -3.131844e-01
2.660500e+04 1.217531e+00
2.660600e+04 2.566194e+00
2.660700e+04 3.433238e+00
2.660800e+04 3.779725e+00
2.660900e+04 3.469861e+00
2.661000e+04 2.623891e+00
2.661100e+04 1.289705e+00
2.661200e+04 -2.385696e-01
2.661300e+04 -1.789113e+00
2.661400e+04 -3.042361e+00
2.661500e+04 -3.845287e+00
2.661600e+04 -4.012436e+00
2.661700e+04 -3.592378e+00
2.661800e+04 -2.609596e+00
2.661900e+04 -1.293792e+00
2.662000e+04 1.721068e-01
2.662100e+04 1.531469e+00
2.662200e+04 2.652344e+00
2.662300e+04 3.400418e+00
2.662400e+04 3.825504e+00
2.662500e+04 3.965676e+00
2.662600e+04 3.950465e+00
2.662700e+04 3.872739e+00
2.662800e+04 3.836673e+00
2.662900e+04 3.851647e+00
2.663000e+04 3.934211e+00
2.663100e+04 4.030905e+00
2.663200e+04 4.102200e+00
2.663300e+04 4.125928e+00
2.663400e+04 4.104356e+00
2.663500e+04 4.041162e+00
2.663600e+04 3.964072e+00
2.663700e+04 3.893681e+00
2.663800e+04 3.830563e+00
2.663900e+04 3.789799e+00
2.664000e+04 3.745411e+00
2.664100e+04 3.709221e+00
2.664200e+04 3.685743e+00
2.664300e+04 3.705043e+00
2.664400e+04 3.756837e+00
2.664500e+04 3.852001e+00
2.664600e+04 3.918008e+00
2.664700e+04 3.911686e+00
2.664800e+04 3.707966e+00
2.664900e+04 3.240850e+00
2.665000e+04 2.438299e+00
2.665100e+04 1.351933e+00
2.665200e+04 3.589445e-02
2.665300e+04 -1.311621e+00
2.665400e+04 -2.525307e+00
2.665500e+04 -3.369701e+00
2.665600e+04 -3.729702e+00
2.665700e+04 -3.497140e+00
2.665800e+04 -2.747813e+00
2.665900e+04 -1.570206e+00
2.666000e+04 -2.010860e-01
2.666100e+04 1.187027e+00
2.666200e+04 2.360259e+00
2.666300e+04 3.233818e+00
2.666400e+04 3.741640e+00
2.666500e+04 3.992438e+00
2.666600e+04 4.053142e+00
2.666700e+04 4.103200e+00
2.666800e+04 4.202209e+00
2.666900e+04 4.414973e+00
2.667000e+04 4.635367e+00
2.667100e+04 4.772849e+00
2.667200e+04 4.625422e+00
2.667300e+04 4.110929e+00
2.667400e+04 3.141715e+00
2.667500e+04 1.817731e+00
2.667600e+04 2.582439e-01
2.667700e+04 -1.286143e+00
2.667800e+04 -2.638949e+00
2.667900e+04 -3.605297e+00
2.668000e+04 -4.171079e+00
2.668100e+04 -4.355850e+00
2.668200e+04 -4.308391e+00
2.668300e+04 -4.153025e+00
2.668400e+04 -4.048417e+00
2.668500e+04 -4.032246e+00
2.668600e+04 -4.120943e+00
2.668700e+04 -4.236080e+00
2.668800e+04 -4.339774e+00
2.668900e+04 -4.359182e+00
2.669000e+04 -4.300814e+00
2.669100e+04 -4.186756e+00
2.669200e+04 -4.071476e+00
2.669300e+04 -3.967737e+00
2.669400e+04 -3.861160e+00
2.669500e+04 -3.672918e+00
2.669600e+04 -3.320010e+00
2.669700e+04 -2.717664e+00
2.669800e+04 -1.825319e+00
2.669900e+04 -6.944180e-01
2.670000e+04 5.690913e-01
2.670100e+04 1.797131e+00
2.670200e+04 2.845212e+00
2.670300e+04 3.593587e+00
2.670400e+04 4.024531e+00
2.670500e+04 4.155533e+00
2.670600e+04 4.118152e+00
2.670700e+04 3.997979e+00
2.670800e+04 3.915791e+00
2.670900e+04 3.888680e+00
2.671000e+04 3.954334e+00
2.671100e+04 4.024261e+00
2.671200e+04 4.109629e+00
2.671300e+04 4.138817e+00
2.671400e+04 4.153447e+00
2.671500e+04 4.124492e+00
2.671600e+04 4.147230e+00
2.671700e+04 4.170771e+00
2.671800e+04 4.255539e+00
2.671900e+04 4.303948e+00
2.672000e+04 4.332703e+00
2.672100e+04 4.321011e+00
2.672200e+04 4.205044e+00
2.672300e+04 4.095713e+00
2.672400e+04 3.943930e+00
2.672500e+04 3.860508e+00
2.672600e+04 3.749721e+00
2.672700e+04 3.636331e+00
2.672800e+04 3.368723e+00
2.672900e+04 2.922576e+00
2.673000e+04 2.158155e+00
2.673100e+04 1.154206e+00
2.673200e+04 -8.219492e-02
2.673300e+04 -1.332962e+00
2.673400e+04 -2.470096e+00
2.673500e+04 -3.239368e+00
2.673600e+04 -3.541346e+00
2.673700e+04 -3.244919e+00
2.673800e+04 -2.441398e+00
2.673900e+04 -1.196451e+00
2.674000e+04 2.401198e-01
2.674100e+04 1.685803e+00
2.674200e+04 2.864921e+00
2.674300e+04 3.628489e+00
2.674400e+04 3.830222e+00
2.674500e+04 3.494567e+00
2.674600e+04 2.643107e+00
2.674700e+04 1.449708e+00
2.674800e+04 7.121551e-02
2.674900e+04 -1.271910e+00
2.675000e+04 -2.455311e+00
2.675100e+04 -3.344230e+00
2.675200e+04 -3.917403e+00
2.675300e+04 -4.190656e+00
2.675400e+04 -4.253130e+00
2.675500e+04 -4.164707e+00
2.675600e+04 -4.020565e+00
2.675700e+04 -3.869832e+00
2.675800e+04 -3.748730e+00
2.675900e+04 -3.649187e+00
2.676000e+04 -3.577078e+00
2.676100e+04 -3.550957e+00
2.676200e+04 -3.578374e+00
2.676300e+04 -3.676179e+00
2.676400e+04 -3.847973e+00
2.676500e+04 -4.065125e+00
2.676600e+04 -4.247306e+00
2.676700e+04 -4.302214e+00
2.676800e+04 -4.092136e+00
2.676900e+04 -3.548136e+00
2.677000e+04 -2.620343e+00
2.677100e+04 -1.369191e+00
2.677200e+04 1.019936e-01
2.677300e+04 1.573506e+00
2.677400e+04 2.847949e+00
2.677500e+04 3.691086e+00
2.677600e+04 3.985422e+00
2.677700e+04 3.625407e+00
2.677800e+04 2.690372e+00
2.677900e+04 1.286839e+00
2.678000e+04 -3.280352e-01
2.678100e+04 -1.934438e+00
2.678200e+04 -3.225140e+00
2.678300e+04 -4.034159e+00
2.678400e+04 -4.183129e+00
2.678500e+04 -3.700063e+00
2.678600e+04 -2.621075e+00
2.678700e+04 -1.184349e+00
2.678800e+04 4.311839e-01
2.678900e+04 1.924278e+00
2.679000e+04 3.155684e+00
2.679100e+04 3.945577e+00
2.679200e+04 4.347687e+00
2.679300e+04 4.378980e+00
2.679400e+04 4.249311e+00
2.679500e+04 4.048057e+00
2.679600e+04 3.962695e+00
2.679700e+04 3.967190e+00
2.679800e+04 4.092737e+00
2.679900e+04 4.148687e+00
2.680000e+04 4.059098e+00
2.680100e+04 3.611236e+00
2.680200e+04 2.801552e+00
2.680300e+04 1.566251e+00
2.680400e+04 9.966347e-02
2.680500e+04 -1.482112e+00
2.680600e+04 -2.860203e+00
2.680700e+04 -3.883747e+00
2.680800e+04 -4.297718e+00
2.680900e+04 -4.111940e+00
2.681000e+04 -3.281990e+00
2.681100e+04 -2.037212e+00
2.681200e+04 -5.122366e-01
2.681300e+04 9.635470e-01
2.681400e+04 2.274845e+00
2.681500e+04 3.200551e+00
2.681600e+04 3.782292e+00
2.681700e+04 4.006942e+00
2.681800e+04 4.089703e+00
2.681900e+04 4.073470e+00
2.682000e+04 4.151339e+00
2.682100e+04 4.259204e+00
2.682200e+04 4.427654e+00
2.682300e+04 4.452242e+00
2.682400e+04 4.258259e+00
2.682500e+04 3.651345e+00
2.682600e+04 2.693870e+00
2.682700e+04 1.360723e+00
2.682800e+04 -1.077292e-01
2.682900e+04 -1.590775e+00
2.683000e+04 -2.803933e+00
2.683100e+04 -3.709471e+00
2.683200e+04 -4.207118e+00
2.683300e+04 -4.439459e+00
2.683400e+04 -4.454932e+00
2.683500e+04 -4.484365e+00
2.683600e+04 -4.534405e+00
2.683700e+04 -4.689973e+00
2.683800e+04 -4.801212e+00
2.683900e+04 -4.803022e+00
2.684000e+04 -4.470181e+00
2.684100e+04 -3.790846e+00
2.684200e+04 -2.684477e+00
2.684300e+04 -1.306464e+00
2.684400e+04 2.356389e-01
2.684500e+04 1.671135e+00
2.684600e+04 2.893251e+00
2.684700e+04 3.722384e+00
2.684800e+04 4.210136e+00
2.684900e+04 4.364859e+00
2.685000e+04 4.356998e+00
2.685100e+04 4.244187e+00
2.685200e+04 4.176367e+00
2.685300e+04 4.129590e+00
2.685400e+04 4.144839e+00
2.685500e+04 4.128196e+00
2.685600e+04 4.094394e+00
2.685700e+04 3.991069e+00
2.685800e+04 3.898504e+00
2.685900e+04 3.823306e+00
2.686000e+04 3.854627e+00
2.686100e+04 3.957483e+00
2.686200e+04 4.124220e+00
2.686300e+04 4.198470e+00
2.686400e+04 4.075501e+00
2.686500e+04 3.616207e+00
2.686600e+04 2.788349e+00
2.686700e+04 1.591867e+00
2.686800e+04 1.879713e-01
2.686900e+04 -1.255288e+00
2.687000e+04 -2.518915e+00
2.687100e+04 -3.479580e+00
2.687200e+04 -4.042263e+00
2.687300e+04 -4.241043e+00
2.687400e+04 -4.175538e+00
2.687500e+04 -3.987564e+00
2.687600e+04 -3.783111e+00
2.687700e+04 -3.644793e+00
2.687800e+04 -3.580399e+00
2.687900e+04 -3.563700e+00
2.688000e+04 -3.561116e+00
2.688100e+04 -3.517094e+00
2.688200e+04 -3.494993e+00
2.688300e+04 -3.476227e+00
2.688400e+04 -3.552311e+00
2.688500e+04 -3.679345e+00
2.688600e+04 -3.861493e+00
2.688700e+04 -3.936565e+00
2.688800e+04 -3.820964e+00
2.688900e+04 -3.359855e+00
2.689000e+04 -2.534563e+00
2.689100e+04 -1.337945e+00
2.689200e+04 5.902398e-02
2.689300e+04 1.512584e+00
2.689400e+04 2.787095e+00
2.689500e+04 3.762106e+00
2.689600e+04 4.345091e+00
2.689700e+04 4.592579e+00
2.689800e+04 4.561954e+00
2.689900e+04 4.414798e+00
2.690000e+04 4.239630e+00
2.690100e+04 4.124005e+00
2.690200e+04 4.064153e+00
2.690300e+04 4.057611e+00
2.690400e+04 4.042993e+00
2.690500e+04 4.028588e+00
2.690600e+04 4.008407e+00
2.690700e+04 4.023716e+00
2.690800e+04 4.090320e+00
2.690900e+04 4.224841e+00
2.691000e+04 4.359749e+00
2.691100e+04 4.419512e+00
2.691200e+04 4.266260e+00
2.691300e+04 3.787105e+00
2.691400e+04 2.917033e+00
2.691500e+04 1.692203e+00
2.691600e+04 2.151460e-01
2.691700e+04 -1.306216e+00
2.691800e+04 -2.651262e+00
2.691900e+04 -3.590486e+00
2.692000e+04 -3.952539e+00
2.692100e+04 -3.666607e+00
2.692200e+04 -2.786346e+00
2.692300e+04 -1.440431e+00
2.692400e+04 1.454854e-01
2.692500e+04 1.711408e+00
2.692600e+04 3.001054e+00
2.692700e+04 3.822862e+00
2.692800e+04 4.051357e+00
2.692900e+04 3.665472e+00
2.693000e+04 2.744030e+00
2.693100e+04 1.454016e+00
2.693200e+04 -7.261887e-03
2.693300e+04 -1.420807e+00
2.693400e+04 -2.610599e+00
2.693500e+04 -3.467838e+00
2.693600e+04 -3.981137e+00
2.693700e+04 -4.194383e+00
2.693800e+04 -4.230203e+00
2.693900e+04 -4.212853e+00
2.694000e+04 -4.239099e+00
2.694100e+04 -4.337652e+00
2.694200e+04 -4.466131e+00
2.694300e+04 -4.500041e+00
2.694400e+04 -4.323770e+00
2.694500e+04 -3.810865e+00
2.694600e+04 -2.918463e+00
2.694700e+04 -1.693138e+00
2.694800e+04 -2.911872e-01
2.694900e+04 1.112701e+00
2.695000e+04 2.302754e+00
2.695100e+04 3.157269e+00
2.695200e+04 3.625517e+00
2.695300e+04 3.789599e+00
2.695400e+04 3.764940e+00
2.695500e+04 3.738687e+00
2.695600e+04 3.807552e+00
2.695700e+04 4.019289e+00
2.695800e+04 4.268084e+00
2.695900e+04 4.441422e+00
2.696000e+04 4.337111e+00
2.696100e+04 3.843262e+00
2.696200e+04 2.901491e+00
2.696300e+04 1.625116e+00
2.696400e+04 1.404855e-01
2.696500e+04 -1.300107e+00
2.696600e+04 -2.541581e+00
2.696700e+04 -3.416890e+00
2.696800e+04 -3.939401e+00
2.696900e+04 -4.127047e+00
2.697000e+04 -4.135950e+00
2.697100e+04 -4.036987e+00
2.697200e+04 -3.967916e+00
2.697300e+04 -3.912050e+00
2.697400e+04 -3.922081e+00
2.697500e+04 -3.909643e+00
2.697600e+04 -3.890854e+00
2.697700e+04 -3.808016e+00
2.697800e+04 -3.749127e+00
2.697900e+04 -3.676340e+00
2.698000e+04 -3.694485e+00
2.698100e+04 -3.749701e+00
2.698200e+04 -3.899627e+00
2.698300e+04 -4.051006e+00
2.698400e+04 -4.235354e+00
2.698500e+04 -4.344131e+00
2.698600e+04 -4.458234e+00
2.698700e+04 -4.504216e+00
2.698800e+04 -4.566265e+00
2.698900e+04 -4.558336e+00
2.699000e+04 -4.527865e+00
2.699100e+04 -4.306223e+00
2.699200e+04 -3.910189e+00
2.699300e+04 -3.181209e+00
2.699400e+04 -2.173279e+00
2.699500e+04 -8.315666e-01
2.699600e+04 6.227822e-01
2.699700e+04 2.117107e+00
2.699800e+04 3.330562e+00
2.699900e+04 4.177810e+00
2.700000e+04 4.397598e+00
2.700100e+04 4.029357e+00
2.700200e+04 3.010840e+00
2.700300e+04 1.605412e+00
2.700400e+04 -9.297013e-02
2.700500e+04 -1.702461e+00
2.700600e+04 -3.088638e+00
2.700700e+04 -3.933191e+00
2.700800e+04 -4.230210e+00
2.700900e+04 -3.813704e+00
2.701000e+04 -2.889765e+00
2.701100e+04 -1.480158e+00
2.701200e+04 7.788205e-02
2.701300e+04 1.679228e+00
2.701400e+04 2.960346e+00
2.701500e+04 3.874236e+00
2.701600e+04 4.141798e+00
2.701700e+04 3.856938e+00
2.701800e+04 2.921041e+00
2.701900e+04 1.599907e+00
2.702000e+04 -6.178403e-02
2.702100e+04 -1.661826e+00
2.702200e+04 -3.104044e+00
2.702300e+04 -4.013784e+00
2.702400e+04 -4.379370e+00
2.702500e+04 -3.991925e+00
2.702600e+04 -3.077568e+00
2.702700e+04 -1.631181e+00
2.702800e+04 -4.416990e-02
2.702900e+04 1.585424e+00
2.703000e+04 2.875761e+00
2.703100e+04 3.854708e+00
2.703200e+04 4.311909e+00
2.703300e+04 4.484930e+00
2.703400e+04 4.349464e+00
2.703500e+04 4.234886e+00
2.703600e+04 4.097495e+00
2.703700e+04 4.174278e+00
2.703800e+04 4.253797e+00
2.703900e+04 4.388547e+00
2.704000e+04 4.255063e+00
2.704100e+04 3.888732e+00
2.704200e+04 3.035211e+00
2.704300e+04 1.891358e+00
2.704400e+04 4.139850e-01
2.704500e+04 -1.038119e+00
2.704600e+04 -2.423579e+00
2.704700e+04 -3.402498e+00
2.704800e+04 -4.061934e+00
2.704900e+04 -4.253622e+00
2.705000e+04 -4.252468e+00
2.705100e+04 -4.042829e+00
2.705200e+04 -3.931649e+00
2.705300e+04 -3.824227e+00
2.705400e+04 -3.875322e+00
2.705500e+04 -3.829497e+00
2.705600e+04 -3.704593e+00
2.705700e+04 -3.207122e+00
2.705800e+04 -2.438452e+00
2.705900e+04 -1.261399e+00
2.706000e+04 4.059154e-02
2.706100e+04 1.430508e+00
2.706200e+04 2.556242e+00
2.706300e+04 3.432526e+00
2.706400e+04 3.834119e+00
2.706500e+04 3.968759e+00
2.706600e+04 3.816282e+00
2.706700e+04 3.682209e+00
2.706800e+04 3.540453e+00
2.706900e+04 3.604880e+00
2.707000e+04 3.691906e+00
2.707100e+04 3.825877e+00
2.707200e+04 3.702939e+00
2.707300e+04 3.333471e+00
2.707400e+04 2.495960e+00
2.707500e+04 1.352067e+00
2.707600e+04 -1.059704e-01
2.707700e+04 -1.534504e+00
2.707800e+04 -2.834811e+00
2.707900e+04 -3.645029e+00
2.708000e+04 -3.940210e+00
2.708100e+04 -3.546835e+00
2.708200e+04 -2.655995e+00
2.708300e+04 -1.290571e+00
2.708400e+04 1.937786e-01
2.708500e+04 1.681857e+00
2.708600e+04 2.851032e+00
2.708700e+04 3.698200e+00
2.708800e+04 4.082328e+00
2.708900e+04 4.196994e+00
2.709000e+04 4.066131e+00
2.709100e+04 3.959414e+00
2.709200e+04 3.886465e+00
2.709300e+04 4.002921e+00
2.709400e+04 4.157412e+00
2.709500e+04 4.320282e+00
2.709600e+04 4.238773e+00
2.709700e+04 3.885223e+00
2.709800e+04 3.085031e+00
2.709900e+04 1.963508e+00
2.710000e+04 5.573540e-01
2.710100e+04 -8.641398e-01
2.710200e+04 -2.209040e+00
2.710300e+04 -3.241661e+00
2.710400e+04 -3.969572e+00
2.710500e+04 -4.326065e+00
2.710600e+04 -4.466021e+00
2.710700e+04 -4.403760e+00
2.710800e+04 -4.316235e+00
2.710900e+04 -4.202195e+00
2.711000e+04 -4.166068e+00
2.711100e+04 -4.145557e+00
2.711200e+04 -4.195497e+00
2.711300e+04 -4.233785e+00
2.711400e+04 -4.310064e+00
2.711500e+04 -4.353360e+00
2.711600e+04 -4.410423e+00
2.711700e+04 -4.411201e+00
2.711800e+04 -4.396184e+00
2.711900e+04 -4.303498e+00
2.712000e+04 -4.188094e+00
2.712100e+04 -4.024299e+00
2.712200e+04 -3.887551e+00
2.712300e+04 -3.769654e+00
2.712400e+04 -3.735045e+00
2.712500e+04 -3.749943e+00
2.712600e+04 -3.842904e+00
2.712700e+04 -3.942320e+00
2.712800e+04 -4.041733e+00
2.712900e+04 -4.097914e+00
2.713000e+04 -4.128181e+00
2.713100e+04 -4.102752e+00
2.713200e+04 -4.069153e+00
2.713300e+04 -4.017447e+00
2.713400e+04 -3.980768e+00
2.713500e+04 -3.940447e+00
2.713600e+04 -3.916277e+00
2.713700e+04 -3.900981e+00
2.713800e+04 -3.924774e+00
2.713900e+04 -3.985852e+00
2.714000e+04 -4.100601e+00
2.714100e+04 -4.229944e+00
2.714200e+04 -4.316189e+00
2.714300e+04 -4.270289e+00
2.714400e+04 -4.003568e+00
2.714500e+04 -3.421208e+00
2.714600e+04 -2.515810e+00
2.714700e+04 -1.343282e+00
2.714800e+04 -2.519035e-02
2.714900e+04 1.274978e+00
2.715000e+04 2.395185e+00
2.715100e+04 3.211900e+00
2.715200e+04 3.688259e+00
2.715300e+04 3.879821e+00
2.715400e+04 3.896887e+00
2.715500e+04 3.866766e+00
2.715600e+04 3.903035e+00
2.715700e+04 4.032871e+00
2.715800e+04 4.208621e+00
2.715900e+04 4.294988e+00
2.716000e+04 4.142140e+00
2.716100e+04 3.608048e+00
2.716200e+04 2.639765e+00
2.716300e+04 1.270108e+00
2.716400e+04 -3.388760e-01
2.716500e+04 -1.971812e+00
2.716600e+04 -3.356163e+00
2.716700e+04 -4.259258e+00
2.716800e+04 -4.522769e+00
2.716900e+04 -4.107520e+00
2.717000e+04 -3.053554e+00
2.717100e+04 -1.542564e+00
2.717200e+04 2.006285e-01
2.717300e+04 1.902598e+00
2.717400e+04 3.324754e+00
2.717500e+04 4.260633e+00
2.717600e+04 4.584285e+00
2.717700e+04 4.251026e+00
2.717800e+04 3.338702e+00
2.717900e+04 1.974836e+00
2.718000e+04 3.734552e-01
2.718100e+04 -1.228603e+00
2.718200e+04 -2.581393e+00
2.718300e+04 -3.490062e+00
2.718400e+04 -3.813252e+00
2.718500e+04 -3.511497e+00
2.718600e+04 -2.638232e+00
2.718700e+04 -1.345797e+00
2.718800e+04 1.580351e-01
2.718900e+04 1.625928e+00
2.719000e+04 2.821574e+00
2.719100e+04 3.557056e+00
2.719200e+04 3.717509e+00
2.719300e+04 3.277542e+00
2.719400e+04 2.300541e+00
2.719500e+04 9.347200e-01
2.719600e+04 -6.286623e-01
2.719700e+04 -2.156061e+00
2.719800e+04 -3.429543e+00
2.719900e+04 -4.258205e+00
2.720000e+04 -4.518413e+00
2.720100e+04 -4.209877e+00
2.720200e+04 -3.288441e+00
2.720300e+04 -1.990505e+00
2.720400e+04 -4.127219e-01
2.720500e+04 1.128102e+00
2.720600e+04 2.479697e+00
2.720700e+04 3.358162e+00
2.720800e+04 3.713380e+00
2.720900e+04 3.436648e+00
2.721000e+04 2.623335e+00
2.721100e+04 1.359595e+00
2.721200e+04 -1.083069e-01
2.721300e+04 -1.598051e+00
2.721400e+04 -2.846822e+00
2.721500e+04 -3.683636e+00
2.721600e+04 -3.971695e+00
2.721700e+04 -3.672907e+00
2.721800e+04 -2.818630e+00
2.721900e+04 -1.534836e+00
2.722000e+04 -3.131747e-02
2.722100e+04 1.481080e+00
2.722200e+04 2.744440e+00
2.722300e+04 3.589295e+00
2.722400e+04 3.834576e+00
2.722500e+04 3.501338e+00
2.722600e+04 2.600867e+00
2.722700e+04 1.347803e+00
2.722800e+04 -1.098077e-01
2.722900e+04 -1.461320e+00
2.723000e+04 -2.606428e+00
2.723100e+04 -3.336319e+00
2.723200e+04 -3.739116e+00
2.723300e+04 -3.779927e+00
2.723400e+04 -3.714569e+00
2.723500e+04 -3.559678e+00
2.723600e+04 -3.559125e+00
2.723700e+04 -3.601486e+00
2.723800e+04 -3.782418e+00
2.723900e+04 -3.819977e+00
2.724000e+04 -3.730851e+00
2.724100e+04 -3.220730e+00
2.724200e+04 -2.425632e+00
2.724300e+04 -1.203233e+00
2.724400e+04 1.145840e-01
2.724500e+04 1.537991e+00
2.724600e+04 2.670452e+00
2.724700e+04 3.604406e+00
2.724800e+04 4.052553e+00
2.724900e+04 4.285375e+00
2.725000e+04 4.177479e+00
2.725100e+04 4.097324e+00
2.725200e+04 3.894706e+00
2.725300e+04 3.898824e+00
2.725400e+04 3.837319e+00
2.725500e+04 3.952896e+00
2.725600e+04 3.929612e+00
2.725700e+04 4.020086e+00
2.725800e+04 3.931087e+00
2.725900e+04 4.008196e+00
2.726000e+04 3.975710e+00
2.726100e+04 4.155444e+00
2.726200e+04 4.181451e+00
2.726300e+04 4.281657e+00
2.726400e+04 4.016787e+00
2.726500e+04 3.615653e+00
2.726600e+04 2.673059e+00
2.726700e+04 1.581578e+00
2.726800e+04 1.110115e-01
2.726900e+04 -1.195918e+00
2.727000e+04 -2.513078e+00
2.727100e+04 -3.325990e+00
2.727200e+04 -3.939857e+00
2.727300e+04 -4.016505e+00
2.727400e+04 -4.060262e+00
2.727500e+04 -3.828249e+00
2.727600e+04 -3.833956e+00
2.727700e+04 -3.738092e+00
2.727800e+04 -3.909991e+00
2.727900e+04 -3.837334e+00
2.728000e+04 -3.775680e+00
2.728100e+04 -3.201488e+00
2.728200e+04 -2.465161e+00
2.728300e+04 -1.181437e+00
2.728400e+04 1.008883e-01
2.728500e+04 1.601529e+00
2.728600e+04 2.673935e+00
2.728700e+04 3.537791e+00
2.728800e+04 3.635454e+00
2.728900e+04 3.351805e+00
2.729000e+04 2.322923e+00
2.729100e+04 1.130574e+00
2.729200e+04 -4.472582e-01
2.729300e+04 -1.759238e+00
2.729400e+04 -3.051331e+00
2.729500e+04 -3.761219e+00
2.729600e+04 -4.284009e+00
2.729700e+04 -4.253069e+00
2.729800e+04 -4.216407e+00
2.729900e+04 -3.884998e+00
2.730000e+04 -3.821606e+00
2.730100e+04 -3.662757e+00
2.730200e+04 -3.816442e+00
2.730300e+04 -3.744084e+00
2.730400e+04 -3.731301e+00
2.730500e+04 -3.217876e+00
2.730600e+04 -2.540423e+00
2.730700e+04 -1.295958e+00
2.730800e+04 -3.388363e-02
2.730900e+04 1.476668e+00
2.731000e+04 2.611923e+00
2.731100e+04 3.612638e+00
2.731200e+04 3.993279e+00
2.731300e+04 4.208304e+00
2.731400e+04 3.972698e+00
2.731500e+04 3.852342e+00
2.731600e+04 3.599702e+00
2.731700e+04 3.684310e+00
2.731800e+04 3.686809e+00
2.731900e+04 3.869809e+00
2.732000e+04 3.690894e+00
2.732100e+04 3.379503e+00
2.732200e+04 2.467411e+00
2.732300e+04 1.350780e+00
2.732400e+04 -2.004326e-01
2.732500e+04 -1.610699e+00
2.732600e+04 -2.984829e+00
2.732700e+04 -3.745668e+00
2.732800e+04 -4.084921e+00
2.732900e+04 -3.614715e+00
2.733000e+04 -2.729664e+00
2.733100e+04 -1.255139e+00
2.733200e+04 2.674661e-01
2.733300e+04 1.911470e+00
2.733400e+04 3.133885e+00
2.733500e+04 4.049614e+00
2.733600e+04 4.246019e+00
2.733700e+04 3.979439e+00
2.733800e+04 3.025809e+00
2.733900e+04 1.802935e+00
2.734000e+04 2.334857e-01
2.734100e+04 -1.206032e+00
2.734200e+04 -2.581648e+00
2.734300e+04 -3.511701e+00
2.734400e+04 -4.185593e+00
2.734500e+04 -4.391497e+00
2.734600e+04 -4.447988e+00
2.734700e+04 -4.247635e+00
2.734800e+04 -4.116444e+00
2.734900e+04 -3.925498e+00
2.735000e+04 -3.896965e+00
2.735100e+04 -3.839104e+00
2.735200e+04 -3.920872e+00
2.735300e+04 -3.934722e+00
2.735400e+04 -4.045195e+00
2.735500e+04 -4.113918e+00
2.735600e+04 -4.297884e+00
2.735700e+04 -4.432555e+00
2.735800e+04 -4.599342e+00
2.735900e+04 -4.565523e+00
2.736000e+04 -4.376595e+00
2.736100e+04 -3.661257e+00
2.736200e+04 -2.772157e+00
2.736300e+04 -1.340130e+00
2.736400e+04 6.117296e-02
2.736500e+04 1.642570e+00
2.736600e+04 2.787694e+00
2.736700e+04 3.750110e+00
2.736800e+04 4.071017e+00
2.736900e+04 4.235510e+00
2.737000e+04 3.994328e+00
2.737100e+04 3.916631e+00
2.737200e+04 3.757496e+00
2.737300e+04 3.950524e+00
2.737400e+04 4.056655e+00
2.737500e+04 4.295417e+00
2.737600e+04 4.111619e+00
2.737700e+04 3.736961e+00
2.737800e+04 2.755813e+00
2.737900e+04 1.575860e+00
2.738000e+04 1.167965e-02
2.738100e+04 -1.390316e+00
2.738200e+04 -2.758317e+00
2.738300e+04 -3.612972e+00
2.738400e+04 -4.237896e+00
2.738500e+04 -4.351004e+00
2.738600e+04 -4.354638e+00
2.738700e+04 -4.081939e+00
2.738800e+04 -3.946771e+00
2.738900e+04 -3.737767e+00
2.739000e+04 -3.768731e+00
2.739100e+04 -3.768883e+00
2.739200e+04 -3.991976e+00
2.739300e+04 -4.133569e+00
2.739400e+04 -4.412989e+00
2.739500e+04 -4.561719e+00
2.739600e+04 -4.782239e+00
2.739700e+04 -4.813636e+00
2.739800e+04 -4.860379e+00
2.739900e+04 -4.699489e+00
2.740000e+04 -4.557837e+00
2.740100e+04 -4.262826e+00
2.740200e+04 -4.050878e+00
2.740300e+04 -3.783198e+00
2.740400e+04 -3.665128e+00
2.740500e+04 -3.542808e+00
2.740600e+04 -3.571700e+00
2.740700e+04 -3.571575e+00
2.740800e+04 -3.667300e+00
2.740900e+04 -3.717580e+00
2.741000e+04 -3.847269e+00
2.741100e+04 -3.944535e+00
2.741200e+04 -4.127335e+00
2.741300e+04 -4.269250e+00
2.741400e+04 -4.409264e+00
2.741500e+04 -4.367277e+00
2.741600e+04 -4.129388e+00
2.741700e+04 -3.537041e+00
2.741800e+04 -2.609989e+00
2.741900e+04 -1.332895e+00
2.742000e+04 1.291382e-01
2.742100e+04 1.628271e+00
2.742200e+04 2.911849e+00
2.742300e+04 3.807266e+00
2.742400e+04 4.144191e+00
2.742500e+04 3.872546e+00
2.742600e+04 3.051255e+00
2.742700e+04 1.819167e+00
2.742800e+04 3.875496e-01
2.742900e+04 -1.045543e+00
2.743000e+04 -2.268229e+00
2.743100e+04 -3.194460e+00
2.743200e+04 -3.757626e+00
2.743300e+04 -4.044350e+00
2.743400e+04 -4.087177e+00
2.743500e+04 -4.059008e+00
2.743600e+04 -3.982909e+00
2.743700e+04 -3.978787e+00
2.743800e+04 -3.984268e+00
2.743900e+04 -4.070065e+00
2.744000e+04 -4.099196e+00
2.744100e+04 -4.150903e+00
2.744200e+04 -4.114590e+00
2.744300e+04 -4.098839e+00
2.744400e+04 -3.997889e+00
2.744500e+04 -3.951847e+00
2.744600e+04 -3.846127e+00
2.744700e+04 -3.804133e+00
2.744800e+04 -3.682886e+00
2.744900e+04 -3.648417e+00
2.745000e+04 -3.573632e+00
2.745100e+04 -3.632220e+00
2.745200e+04 -3.692118e+00
2.745300e+04 -3.903501e+00
2.745400e+04 -4.045167e+00
2.745500e+04 -4.183723e+00
2.745600e+04 -4.020414e+00
2.745700e+04 -3.615803e+00
2.745800e+04 -2.723899e+00
2.745900e+04 -1.546046e+00
2.746000e+04 -1.741219e-02
2.746100e+04 1.474632e+00
2.746200e+04 2.864877e+00
2.746300e+04 3.730563e+00
2.746400e+04 4.112481e+00
2.746500e+04 3.753738e+00
2.746600e+04 2.923040e+00
2.746700e+04 1.600970e+00
2.746800e+04 2.117679e-01
2.746900e+04 -1.220942e+00
2.747000e+04 -2.324849e+00
2.747100e+04 -3.218698e+00
2.747200e+04 -3.686053e+00
2.747300e+04 -4.001339e+00
2.747400e+04 -4.065002e+00
2.747500e+04 -4.165612e+00
2.747600e+04 -4.153347e+00
2.747700e+04 -4.244235e+00
2.747800e+04 -4.214927e+00
2.747900e+04 -4.245692e+00
2.748000e+04 -4.107270e+00
2.748100e+04 -4.010404e+00
2.748200e+04 -3.804357e+00
2.748300e+04 -3.733582e+00
2.748400e+04 -3.640517e+00
2.748500e+04 -3.725676e+00
2.748600e+04 -3.749496e+00
2.748700e+04 -3.799450e+00
2.748800e+04 -3.573890e+00
2.748900e+04 -3.157641e+00
2.749000e+04 -2.308677e+00
2.749100e+04 -1.225980e+00
2.749200e+04 1.520846e-01
2.749300e+04 1.475724e+00
2.749400e+04 2.705079e+00
2.749500e+04 3.461915e+00
2.749600e+04 3.757099e+00
2.749700e+04 3.378827e+00
2.749800e+04 2.521592e+00
2.749900e+04 1.170502e+00
2.750000e+04 -3.171686e-01
2.750100e+04 -1.835219e+00
2.750200e+04 -3.019114e+00
2.750300e+04 -3.821366e+00
2.750400e+04 -4.002182e+00
2.750500e+04 -3.648731e+00
2.750600e+04 -2.717535e+00
2.750700e+04 -1.447782e+00
2.750800e+04 7.885766e-02
2.750900e+04 1.545992e+00
2.751000e+04 2.824345e+00
2.751100e+04 3.654127e+00
2.751200e+04 3.986180e+00
2.751300e+04 3.693606e+00
2.751400e+04 2.881596e+00
2.751500e+04 1.615721e+00
2.751600e+04 1.286472e-01
2.751700e+04 -1.391421e+00
2.751800e+04 -2.679071e+00
2.751900e+04 -3.572232e+00
2.752000e+04 -3.887116e+00
2.752100e+04 -3.681764e+00
2.752200e+04 -2.838605e+00
2.752300e+04 -1.672185e+00
2.752400e+04 -1.860623e-01
2.752500e+04 1.214454e+00
2.752600e+04 2.477264e+00
2.752700e+04 3.249912e+00
2.752800e+04 3.581563e+00
2.752900e+04 3.250968e+00
2.753000e+04 2.465751e+00
2.753100e+04 1.201319e+00
2.753200e+04 -2.041368e-01
2.753300e+04 -1.673523e+00
2.753400e+04 -2.832792e+00
2.753500e+04 -3.628739e+00
2.753600e+04 -3.802332e+00
2.753700e+04 -3.456672e+00
2.753800e+04 -2.531002e+00
2.753900e+04 -1.299298e+00
2.754000e+04 1.532736e-01
2.754100e+04 1.505215e+00
2.754200e+04 2.699528e+00
2.754300e+04 3.510984e+00
2.754400e+04 4.012646e+00
2.754500e+04 4.166132e+00
2.754600e+04 4.153929e+00
2.754700e+04 3.994231e+00
2.754800e+04 3.872515e+00
2.754900e+04 3.761572e+00
2.755000e+04 3.755364e+00
2.755100e+04 3.771468e+00
2.755200e+04 3.836932e+00
2.755300e+04 3.874001e+00
2.755400e+04 3.941629e+00
2.755500e+04 3.990725e+00
2.755600e+04 4.081769e+00
2.755700e+04 4.161399e+00
2.755800e+04 4.234826e+00
2.755900e+04 4.190948e+00
2.756000e+04 3.948975e+00
2.756100e+04 3.395140e+00
2.756200e+04 2.508090e+00
2.756300e+04 1.280297e+00
2.756400e+04 -1.676822e-01
2.756500e+04 -1.661502e+00
2.756600e+04 -2.975369e+00
2.756700e+04 -3.890628e+00
2.756800e+04 -4.246023e+00
2.756900e+04 -3.964604e+00
2.757000e+04 -3.095242e+00
2.757100e+04 -1.767382e+00
2.757200e+04 -2.221684e-01
2.757300e+04 1.300838e+00
2.757400e+04 2.526973e+00
2.757500e+04 3.302307e+00
2.757600e+04 3.472174e+00
2.757700e+04 3.045653e+00
2.757800e+04 2.067339e+00
2.757900e+04 7.325484e-01
2.758000e+04 -7.994229e-01
2.758100e+04 -2.237658e+00
2.758200e+04 -3.412984e+00
2.758300e+04 -4.083100e+00
2.758400e+04 -4.192675e+00
2.758500e+04 -3.673387e+00
2.758600e+04 -2.680511e+00
2.758700e+04 -1.307839e+00
2.758800e+04 1.565409e-01
2.758900e+04 1.575322e+00
2.759000e+04 2.703063e+00
2.759100e+04 3.528652e+00
2.759200e+04 3.962831e+00
2.759300e+04 4.155859e+00
2.759400e+04 4.120319e+00
2.759500e+04 4.053787e+00
2.759600e+04 3.948854e+00
2.759700e+04 3.938376e+00
2.759800e+04 3.930944e+00
2.759900e+04 4.018295e+00
2.760000e+04 4.079065e+00
2.760100e+04 4.185706e+00
2.760200e+04 4.237367e+00
2.760300e+04 4.336661e+00
2.760400e+04 4.366960e+00
2.760500e+04 4.430076e+00
2.760600e+04 4.405540e+00
2.760700e+04 4.383469e+00
2.760800e+04 4.271355e+00
2.760900e+04 4.198094e+00
2.761000e+04 4.071095e+00
2.761100e+04 4.030831e+00
2.761200e+04 3.980004e+00
2.761300e+04 4.010334e+00
2.761400e+04 3.991967e+00
2.761500e+04 4.006473e+00
2.761600e+04 3.916952e+00
2.761700e+04 3.861313e+00
2.761800e+04 3.771914e+00
2.761900e+04 3.801163e+00
2.762000e+04 3.874237e+00
2.762100e+04 4.087657e+00
2.762200e+04 4.265569e+00
2.762300e+04 4.393302e+00
2.762400e+04 4.218626e+00
2.762500e+04 3.746632e+00
2.762600e+04 2.836563e+00
2.762700e+04 1.638285e+00
2.762800e+04 1.930511e-01
2.762900e+04 -1.210684e+00
2.763000e+04 -2.482702e+00
2.763100e+04 -3.387861e+00
2.763200e+04 -3.985761e+00
2.763300e+04 -4.218996e+00
2.763400e+04 -4.272125e+00
2.763500e+04 -4.182640e+00
2.763600e+04 -4.132460e+00
2.763700e+04 -4.083706e+00
2.763800e+04 -4.122597e+00
2.763900e+04 -4.124162e+00
2.764000e+04 -4.133305e+00
2.764100e+04 -4.074315e+00
2.764200e+04 -4.032692e+00
2.764300e+04 -3.976220e+00
2.764400e+04 -4.016068e+00
2.764500e+04 -4.082627e+00
2.764600e+04 -4.182308e+00
2.764700e+04 -4.169811e+00
2.764800e+04 -3.979669e+00
2.764900e+04 -3.457918e+00
2.765000e+04 -2.625065e+00
2.765100e+04 -1.481922e+00
2.765200e+04 -1.836305e-01
2.765300e+04 1.139763e+00
2.765400e+04 2.287638e+00
2.765500e+04 3.166335e+00
2.765600e+04 3.698127e+00
2.765700e+04 3.940777e+00
2.765800e+04 3.966018e+00
2.765900e+04 3.906852e+00
2.766000e+04 3.852621e+00
2.766100e+04 3.850625e+00
2.766200e+04 3.880584e+00
2.766300e+04 3.863374e+00
2.766400e+04 3.675910e+00
2.766500e+04 3.202832e+00
2.766600e+04 2.404494e+00
2.766700e+04 1.270610e+00
2.766800e+04 -7.885028e-02
2.766900e+04 -1.487727e+00
2.767000e+04 -2.711047e+00
2.767100e+04 -3.581561e+00
2.767200e+04 -3.888660e+00
2.767300e+04 -3.591870e+00
2.767400e+04 -2.684947e+00
2.767500e+04 -1.347358e+00
2.767600e+04 2.688339e-01
2.767700e+04 1.840922e+00
2.767800e+04 3.178444e+00
2.767900e+04 3.996979e+00
2.768000e+04 4.240351e+00
2.768100e+04 3.796952e+00
2.768200e+04 2.834795e+00
2.768300e+04 1.424622e+00
2.768400e+04 -1.139212e-01
2.768500e+04 -1.644584e+00
2.768600e+04 -2.869095e+00
2.768700e+04 -3.767944e+00
2.768800e+04 -4.189992e+00
2.768900e+04 -4.315227e+00
2.769000e+04 -4.162681e+00
2.769100e+04 -3.997054e+00
2.769200e+04 -3.832475e+00
2.769300e+04 -3.857184e+00
2.769400e+04 -3.914557e+00
2.769500e+04 -4.027562e+00
2.769600e+04 -3.910857e+00
2.769700e+04 -3.528008e+00
2.769800e+04 -2.656857e+00
2.769900e+04 -1.446562e+00
2.770000e+04 1.113722e-01
2.770100e+04 1.649386e+00
2.770200e+04 3.032579e+00
2.770300e+04 3.867773e+00
2.770400e+04 4.124480e+00
2.770500e+04 3.634916e+00
2.770600e+04 2.647090e+00
2.770700e+04 1.228698e+00
2.770800e+04 -2.146900e-01
2.770900e+04 -1.581938e+00
2.771000e+04 -2.567138e+00
2.771100e+04 -3.258478e+00
2.771200e+04 -3.557830e+00
2.771300e+04 -3.723593e+00
2.771400e+04 -3.744365e+00
2.771500e+04 -3.865450e+00
2.771600e+04 -3.983829e+00
2.771700e+04 -4.219427e+00
2.771800e+04 -4.369702e+00
2.771900e+04 -4.501965e+00
2.772000e+04 -4.431661e+00
2.772100e+04 -4.317478e+00
2.772200e+04 -4.081887e+00
2.772300e+04 -3.939804e+00
2.772400e+04 -3.831873e+00
2.772500e+04 -3.908173e+00
2.772600e+04 -3.988266e+00
2.772700e+04 -4.102876e+00
2.772800e+04 -3.972159e+00
2.772900e+04 -3.598861e+00
2.773000e+04 -2.809039e+00
2.773100e+04 -1.745649e+00
2.773200e+04 -3.979402e-01
2.773300e+04 9.460287e-01
2.773400e+04 2.231405e+00
2.773500e+04 3.203113e+00
2.773600e+04 3.903991e+00
2.773700e+04 4.253542e+00
2.773800e+04 4.429032e+00
2.773900e+04 4.425327e+00
2.774000e+04 4.435679e+00
2.774100e+04 4.414196e+00
2.774200e+04 4.448936e+00
2.774300e+04 4.429827e+00
2.774400e+04 4.420128e+00
2.774500e+04 4.325106e+00
2.774600e+04 4.243832e+00
2.774700e+04 4.156341e+00
2.774800e+04 4.166414e+00
2.774900e+04 4.211745e+00
2.775000e+04 4.303937e+00
2.775100e+04 4.281828e+00
2.775200e+04 4.073260e+00
2.775300e+04 3.516721e+00
2.775400e+04 2.605632e+00
2.775500e+04 1.341110e+00
2.775600e+04 -1.101027e-01
2.775700e+04 -1.580312e+00
2.775800e+04 -2.840106e+00
2.775900e+04 -3.761786e+00
2.776000e+04 -4.256487e+00
2.776100e+04 -4.380316e+00
2.776200e+04 -4.265303e+00
2.776300e+04 -4.080062e+00
2.776400e+04 -3.963949e+00
2.776500e+04 -3.981525e+00
2.776600e+04 -4.109363e+00
2.776700e+04 -4.206124e+00
2.776800e+04 -4.125120e+00
2.776900e+04 -3.695399e+00
2.777000e+04 -2.875521e+00
2.777100e+04 -1.669037e+00
2.777200e+04 -2.583842e-01
2.777300e+04 1.199987e+00
2.777400e+04 2.447260e+00
2.777500e+04 3.387300e+00
2.777600e+04 3.910107e+00
2.777700e+04 4.124209e+00
2.777800e+04 4.063738e+00
2.777900e+04 3.946696e+00
2.778000e+04 3.806589e+00
2.778100e+04 3.783709e+00
2.778200e+04 3.783159e+00
2.778300e+04 3.859378e+00
2.778400e+04 3.865732e+00
2.778500e+04 3.882766e+00
2.778600e+04 3.814556e+00
2.778700e+04 3.820892e+00
2.778800e+04 3.826142e+00
2.778900e+04 3.972841e+00
2.779000e+04 4.084355e+00
2.779100e+04 4.190259e+00
2.779200e+04 4.027976e+00
2.779300e+04 3.614299e+00
2.779400e+04 2.725551e+00
2.779500e+04 1.544873e+00
2.779600e+04 4.209018e-02
2.779700e+04 -1.420752e+00
2.779800e+04 -2.767201e+00
2.779900e+04 -3.601709e+00
2.780000e+04 -3.961060e+00
2.780100e+04 -3.628798e+00
2.780200e+04 -2.852311e+00
2.780300e+04 -1.608557e+00
2.780400e+04 -2.949659e-01
2.780500e+04 1.082660e+00
2.780600e+04 2.165979e+00
2.780700e+04 3.074220e+00
2.780800e+04 3.586721e+00
2.780900e+04 3.949918e+00
2.781000e+04 4.038004e+00
2.781100e+04 4.147934e+00
2.781200e+04 4.114378e+00
2.781300e+04 4.181356e+00
2.781400e+04 4.092111e+00
2.781500e+04 4.003568e+00
2.781600e+04 3.606812e+00
2.781700e+04 3.057467e+00
2.781800e+04 2.069858e+00
2.781900e+04 9.034420e-01
2.782000e+04 -5.950288e-01
2.782100e+04 -2.033589e+00
2.782200e+04 -3.455300e+00
2.782300e+04 -4.401181e+00
2.782400e+04 -4.947110e+00
2.782500e+04 -4.720125e+00
2.782600e+04 -3.959118e+00
2.782700e+04 -2.510067e+00
2.782800e+04 -8.259497e-01
2.782900e+04 1.090446e+00
2.783000e+04 2.684616e+00
2.783100e+04 3.952004e+00
2.783200e+04 4.452989e+00
2.783300e+04 4.364590e+00
2.783400e+04 3.454330e+00
2.783500e+04 2.137148e+00
2.783600e+04 3.735292e-01
2.783700e+04 -1.309237e+00
2.783800e+04 -2.911522e+00
2.783900e+04 -3.943883e+00
2.784000e+04 -4.495570e+00
2.784100e+04 -4.335117e+00
2.784200e+04 -3.594785e+00
2.784300e+04 -2.321885e+00
2.784400e+04 -7.865881e-01
2.784500e+04 8.512497e-01
2.784600e+04 2.269436e+00
2.784700e+04 3.322355e+00
2.784800e+04 3.803624e+00
2.784900e+04 3.709354e+00
2.785000e+04 3.006451e+00
2.785100e+04 1.885405e+00
2.785200e+04 4.726820e-01
2.785300e+04 -9.642389e-01
2.785400e+04 -2.284778e+00
2.785500e+04 -3.299870e+00
2.785600e+04 -3.999408e+00
2.785700e+04 -4.360174e+00
2.785800e+04 -4.514341e+00
2.785900e+04 -4.531653e+00
2.786000e+04 -4.552961e+00
2.786100e+04 -4.592160e+00
2.786200e+04 -4.665620e+00
2.786300e+04 -4.652136e+00
2.786400e+04 -4.462492e+00
2.786500e+04 -3.960434e+00
2.786600e+04 -3.085552e+00
2.786700e+04 -1.831575e+00
2.786800e+04 -3.258324e-01
2.786900e+04 1.247245e+00
2.787000e+04 2.641110e+00
2.787100e+04 3.621917e+00
2.787200e+04 4.000456e+00
2.787300e+04 3.705723e+00
2.787400e+04 2.803030e+00
2.787500e+04 1.440141e+00
2.787600e+04 -1.277627e-01
2.787700e+04 -1.657210e+00
2.787800e+04 -2.904281e+00
2.787900e+04 -3.767358e+00
2.788000e+04 -4.204144e+00
2.788100e+04 -4.319641e+00
2.788200e+04 -4.216395e+00
2.788300e+04 -4.090850e+00
2.788400e+04 -4.003587e+00
2.788500e+04 -4.034139e+00
2.788600e+04 -4.077971e+00
2.788700e+04 -4.070680e+00
2.788800e+04 -3.811152e+00
2.788900e+04 -3.252456e+00
2.789000e+04 -2.280494e+00
2.789100e+04 -1.013692e+00
2.789200e+04 4.808080e-01
2.789300e+04 1.918934e+00
2.789400e+04 3.155316e+00
2.789500e+04 3.891490e+00
2.789600e+04 4.100170e+00
2.789700e+04 3.647685e+00
2.789800e+04 2.697701e+00
2.789900e+04 1.310783e+00
2.790000e+04 -1.872768e-01
2.790100e+04 -1.686798e+00
2.790200e+04 -2.876639e+00
2.790300e+04 -3.768858e+00
2.790400e+04 -4.206121e+00
2.790500e+04 -4.371490e+00
2.790600e+04 -4.263811e+00
2.790700e+04 -4.156314e+00
2.790800e+04 -4.017294e+00
2.790900e+04 -4.041546e+00
2.791000e+04 -4.043126e+00
2.791100e+04 -4.079782e+00
2.791200e+04 -3.862031e+00
2.791300e+04 -3.424290e+00
2.791400e+04 -2.555880e+00
2.791500e+04 -1.462526e+00
2.791600e+04 -9.277618e-02
2.791700e+04 1.202412e+00
2.791800e+04 2.418503e+00
2.791900e+04 3.240801e+00
2.792000e+04 3.806018e+00
2.792100e+04 3.966405e+00
2.792200e+04 4.017444e+00
2.792300e+04 3.894662e+00
2.792400e+04 3.899916e+00
2.792500e+04 3.877142e+00
2.792600e+04 4.019020e+00
2.792700e+04 4.076983e+00
2.792800e+04 4.188666e+00
2.792900e+04 4.111132e+00
2.793000e+04 4.078737e+00
2.793100e+04 3.921721e+00
2.793200e+04 3.912477e+00
2.793300e+04 3.869705e+00
2.793400e+04 3.993592e+00
2.793500e+04 3.970461e+00
2.793600e+04 3.894465e+00
2.793700e+04 3.415352e+00
2.793800e+04 2.676614e+00
2.793900e+04 1.441683e+00
2.794000e+04 5.210018e-02
2.794100e+04 -1.544559e+00
2.794200e+04 -2.869566e+00
2.794300e+04 -3.920224e+00
2.794400e+04 -4.292862e+00
2.794500e+04 -4.142280e+00
2.794600e+04 -3.248758e+00
2.794700e+04 -1.998359e+00
2.794800e+04 -3.663775e-01
2.794900e+04 1.145405e+00
2.795000e+04 2.532701e+00
2.795100e+04 3.359090e+00
2.795200e+04 3.739332e+00
2.795300e+04 3.388260e+00
2.795400e+04 2.623146e+00
2.795500e+04 1.328530e+00
2.795600e+04 -6.335476e-02
2.795700e+04 -1.575901e+00
2.795800e+04 -2.740637e+00
2.795900e+04 -3.627061e+00
2.796000e+04 -3.853989e+00
2.796100e+04 -3.602660e+00
2.796200e+04 -2.667642e+00
2.796300e+04 -1.419335e+00
2.796400e+04 1.993729e-01
2.796500e+04 1.701663e+00
2.796600e+04 3.077690e+00
2.796700e+04 3.873623e+00
2.796800e+04 4.202852e+00
2.796900e+04 3.791538e+00
2.797000e+04 2.953481e+00
2.797100e+04 1.623388e+00
2.797200e+04 2.507282e-01
2.797300e+04 -1.190742e+00
2.797400e+04 -2.298214e+00
2.797500e+04 -3.211118e+00
2.797600e+04 -3.698900e+00
2.797700e+04 -4.047450e+00
2.797800e+04 -4.115655e+00
2.797900e+04 -4.218890e+00
2.798000e+04 -4.192511e+00
2.798100e+04 -4.268388e+00
2.798200e+04 -4.215887e+00
2.798300e+04 -4.225891e+00
2.798400e+04 -4.077971e+00
2.798500e+04 -4.003826e+00
2.798600e+04 -3.838153e+00
2.798700e+04 -3.836384e+00
2.798800e+04 -3.822271e+00
2.798900e+04 -3.975044e+00
2.799000e+04 -4.026473e+00
2.799100e+04 -4.055170e+00
2.799200e+04 -3.748618e+00
2.799300e+04 -3.204614e+00
2.799400e+04 -2.218572e+00
2.799500e+04 -1.033702e+00
2.799600e+04 3.867106e-01
2.799700e+04 1.685554e+00
2.799800e+04 2.854957e+00
2.799900e+04 3.608475e+00
2.800000e+04 4.030277e+00
2.800100e+04 4.126368e+00
2.800200e+04 3.954429e+00
2.800300e+04 3.747681e+00
2.800400e+04 3.530387e+00
2.800500e+04 3.481135e+00
2.800600e+04 3.509453e+00
2.800700e+04 3.698560e+00
2.800800e+04 3.855533e+00
2.800900e+04 4.029625e+00
2.801000e+04 4.074253e+00
2.801100e+04 4.096512e+00
2.801200e+04 3.996531e+00
2.801300e+04 3.941570e+00
2.801400e+04 3.847106e+00
2.801500e+04 3.872788e+00
2.801600e+04 3.886041e+00
2.801700e+04 4.004699e+00
2.801800e+04 4.078003e+00
2.801900e+04 4.212415e+00
2.802000e+04 4.246796e+00
2.802100e+04 4.307535e+00
2.802200e+04 4.249252e+00
2.802300e+04 4.214154e+00
2.802400e+04 4.075046e+00
2.802500e+04 4.001025e+00
2.802600e+04 3.884920e+00
2.802700e+04 3.899275e+00
2.802800e+04 3.922103e+00
2.802900e+04 4.072257e+00
2.803000e+04 4.154531e+00
2.803100e+04 4.220678e+00
2.803200e+04 4.006427e+00
2.803300e+04 3.537372e+00
2.803400e+04 2.631194e+00
2.803500e+04 1.442733e+00
2.803600e+04 -5.708835e-02
2.803700e+04 -1.537410e+00
2.803800e+04 -2.899117e+00
2.803900e+04 -3.798163e+00
2.804000e+04 -4.189097e+00
2.804100e+04 -3.876597e+00
2.804200e+04 -3.030012e+00
2.804300e+04 -1.664840e+00
2.804400e+04 -1.039855e-01
2.804500e+04 1.518466e+00
2.804600e+04 2.851190e+00
2.804700e+04 3.804361e+00
2.804800e+04 4.138276e+00
2.804900e+04 3.909489e+00
2.805000e+04 3.058920e+00
2.805100e+04 1.805135e+00
2.805200e+04 2.496018e-01
2.805300e+04 -1.292106e+00
2.805400e+04 -2.664883e+00
2.805500e+04 -3.567951e+00
2.805600e+04 -3.938996e+00
2.805700e+04 -3.656044e+00
2.805800e+04 -2.821716e+00
2.805900e+04 -1.508612e+00
2.806000e+04 1.157117e-02
2.806100e+04 1.554440e+00
2.806200e+04 2.834904e+00
2.806300e+04 3.700498e+00
2.806400e+04 3.983456e+00
2.806500e+04 3.673472e+00
2.806600e+04 2.791587e+00
2.806700e+04 1.489024e+00
2.806800e+04 -5.591917e-02
2.806900e+04 -1.597494e+00
2.807000e+04 -2.910316e+00
2.807100e+04 -3.795974e+00
2.807200e+04 -4.117766e+00
2.807300e+04 -3.843943e+00
2.807400e+04 -3.014192e+00
2.807500e+04 -1.788561e+00
2.807600e+04 -3.339336e-01
2.807700e+04 1.098763e+00
2.807800e+04 2.363745e+00
2.807900e+04 3.297237e+00
2.808000e+04 3.899075e+00
2.808100e+04 4.146730e+00
2.808200e+04 4.207855e+00
2.808300e+04 4.123884e+00
2.808400e+04 4.064285e+00
2.808500e+04 3.990825e+00
2.808600e+04 3.974926e+00
2.808700e+04 3.853508e+00
2.808800e+04 3.608031e+00
2.808900e+04 3.025935e+00
2.809000e+04 2.177199e+00
2.809100e+04 9.548166e-01
2.809200e+04 -4.137757e-01
2.809300e+04 -1.877276e+00
2.809400e+04 -3.081751e+00
2.809500e+04 -3.969347e+00
2.809600e+04 -4.221320e+00
2.809700e+04 -3.927416e+00
2.809800e+04 -2.969041e+00
2.809900e+04 -1.649250e+00
2.810000e+04 -3.569752e-03
2.810100e+04 1.533390e+00
2.810200e+04 2.903812e+00
2.810300e+04 3.706074e+00
2.810400e+04 4.038746e+00
2.810500e+04 3.668105e+00
2.810600e+04 2.870477e+00
2.810700e+04 1.584666e+00
2.810800e+04 2.308948e-01
2.810900e+04 -1.224936e+00
2.811000e+04 -2.375305e+00
2.811100e+04 -3.356552e+00
2.811200e+04 -3.880872e+00
2.811300e+04 -4.232952e+00
2.811400e+04 -4.235077e+00
2.811500e+04 -4.246032e+00
2.811600e+04 -4.082202e+00
2.811700e+04 -4.071133e+00
2.811800e+04 -3.954319e+00
2.811900e+04 -4.019410e+00
2.812000e+04 -3.948242e+00
2.812100e+04 -4.016440e+00
2.812200e+04 -3.924963e+00
2.812300e+04 -3.977096e+00
2.812400e+04 -3.865786e+00
2.812500e+04 -3.909887e+00
2.812600e+04 -3.793460e+00
2.812700e+04 -3.834084e+00
2.812800e+04 -3.695306e+00
2.812900e+04 -3.717990e+00
2.813000e+04 -3.592654e+00
2.813100e+04 -3.677028e+00
2.813200e+04 -3.655089e+00
2.813300e+04 -3.886153e+00
2.813400e+04 -4.007738e+00
2.813500e+04 -4.332850e+00
2.813600e+04 -4.472760e+00
2.813700e+04 -4.742936e+00
2.813800e+04 -4.758357e+00
2.813900e+04 -4.885463e+00
2.814000e+04 -4.780715e+00
2.814100e+04 -4.815859e+00
2.814200e+04 -4.613747e+00
2.814300e+04 -4.510106e+00
2.814400e+04 -4.059519e+00
2.814500e+04 -3.552242e+00
2.814600e+04 -2.569455e+00
2.814700e+04 -1.486989e+00
2.814800e+04 -1.538277e-03
2.814900e+04 1.350886e+00
2.815000e+04 2.739628e+00
2.815100e+04 3.564991e+00
2.815200e+04 4.024263e+00
2.815300e+04 3.645554e+00
2.815400e+04 2.829810e+00
2.815500e+04 1.335951e+00
2.815600e+04 -2.247159e-01
2.815700e+04 -1.946683e+00
2.815800e+04 -3.172626e+00
2.815900e+04 -4.078146e+00
2.816000e+04 -4.172432e+00
2.816100e+04 -3.810925e+00
2.816200e+04 -2.758689e+00
2.816300e+04 -1.548557e+00
2.816400e+04 -4.614782e-02
2.816500e+04 1.213860e+00
2.816600e+04 2.415598e+00
2.816700e+04 3.156361e+00
2.816800e+04 3.773134e+00
2.816900e+04 3.991055e+00
2.817000e+04 4.203197e+00
2.817100e+04 4.181931e+00
2.817200e+04 4.291494e+00
2.817300e+04 4.251711e+00
2.817400e+04 4.367272e+00
2.817500e+04 4.334328e+00
2.817600e+04 4.432083e+00
2.817700e+04 4.375240e+00
2.817800e+04 4.446151e+00
2.817900e+04 4.382194e+00
2.818000e+04 4.452802e+00
2.818100e+04 4.402283e+00
2.818200e+04 4.464093e+00
2.818300e+04 4.371793e+00
2.818400e+04 4.363473e+00
2.818500e+04 4.209025e+00
2.818600e+04 4.139158e+00
2.818700e+04 3.972308e+00
2.818800e+04 3.945158e+00
2.818900e+04 3.865048e+00
2.819000e+04 3.928677e+00
2.819100e+04 3.938367e+00
2.819200e+04 4.041227e+00
2.819300e+04 4.047142e+00
2.819400e+04 4.108068e+00
2.819500e+04 4.064966e+00
2.819600e+04 4.074087e+00
2.819700e+04 4.014856e+00
2.819800e+04 4.036026e+00
2.819900e+04 4.027748e+00
2.820000e+04 4.084710e+00
2.820100e+04 4.096752e+00
2.820200e+04 4.148638e+00
2.820300e+04 4.131116e+00
2.820400e+04 4.117991e+00
2.820500e+04 4.051818e+00
2.820600e+04 4.007940e+00
2.820700e+04 3.958610e+00
2.820800e+04 3.967449e+00
2.820900e+04 4.011063e+00
2.821000e+04 4.109512e+00
2.821100e+04 4.228021e+00
2.821200e+04 4.345918e+00
2.821300e+04 4.435852e+00
2.821400e+04 4.465284e+00
2.821500e+04 4.448072e+00
2.821600e+04 4.366764e+00
2.821700e+04 4.280502e+00
2.821800e+04 4.168180e+00
2.821900e+04 4.110465e+00
2.822000e+04 4.053186e+00
2.822100e+04 4.071115e+00
2.822200e+04 4.070560e+00
2.822300e+04 4.121808e+00
2.822400e+04 4.118554e+00
2.822500e+04 4.174977e+00
2.822600e+04 4.178243e+00
2.822700e+04 4.264524e+00
2.822800e+04 4.306469e+00
2.822900e+04 4.422769e+00
2.823000e+04 4.412708e+00
2.823100e+04 4.355083e+00
2.823200e+04 3.999351e+00
2.823300e+04 3.448733e+00
2.823400e+04 2.488141e+00
2.823500e+04 1.335659e+00
2.823600e+04 -1.056993e-01
2.823700e+04 -1.476407e+00
2.823800e+04 -2.790282e+00
2.823900e+04 -3.627469e+00
2.824000e+04 -4.056766e+00
2.824100e+04 -3.766092e+00
2.824200e+04 -2.998950e+00
2.824300e+04 -1.629694e+00
2.824400e+04 -1.143867e-01
2.824500e+04 1.552173e+00
2.824600e+04 2.838455e+00
2.824700e+04 3.789141e+00
2.824800e+04 3.998808e+00
2.824900e+04 3.710266e+00
2.825000e+04 2.716825e+00
2.825100e+04 1.485361e+00
2.825200e+04 -5.460453e-02
2.825300e+04 -1.379097e+00
2.825400e+04 -2.616890e+00
2.825500e+04 -3.350301e+00
2.825600e+04 -3.881127e+00
2.825700e+04 -3.971154e+00
2.825800e+04 -4.056431e+00
2.825900e+04 -3.928717e+00
2.826000e+04 -4.010401e+00
2.826100e+04 -3.999187e+00
2.826200e+04 -4.181418e+00
2.826300e+04 -4.122688e+00
2.826400e+04 -4.048118e+00
2.826500e+04 -3.500545e+00
2.826600e+04 -2.766659e+00
2.826700e+04 -1.524162e+00
2.826800e+04 -2.235456e-01
2.826900e+04 1.319718e+00
2.827000e+04 2.539272e+00
2.827100e+04 3.562012e+00
2.827200e+04 3.867260e+00
2.827300e+04 3.718247e+00
2.827400e+04 2.752936e+00
2.827500e+04 1.446242e+00
2.827600e+04 -3.436294e-01
2.827700e+04 -1.992709e+00
2.827800e+04 -3.562802e+00
2.827900e+04 -4.454468e+00
2.828000e+04 -4.864014e+00
2.828100e+04 -4.387746e+00
2.828200e+04 -3.458014e+00
2.828300e+04 -1.916306e+00
2.828400e+04 -3.532126e-01
2.828500e+04 1.325489e+00
2.828600e+04 2.563854e+00
2.828700e+04 3.594114e+00
2.828800e+04 4.066546e+00
2.828900e+04 4.379629e+00
2.829000e+04 4.330841e+00
2.829100e+04 4.389387e+00
2.829200e+04 4.311792e+00
2.829300e+04 4.443421e+00
2.829400e+04 4.412840e+00
2.829500e+04 4.427040e+00
2.829600e+04 4.051426e+00
2.829700e+04 3.493878e+00
2.829800e+04 2.416349e+00
2.829900e+04 1.166496e+00
2.830000e+04 -4.128805e-01
2.830100e+04 -1.840934e+00
2.830200e+04 -3.184200e+00
2.830300e+04 -3.959943e+00
2.830400e+04 -4.306671e+00
2.830500e+04 -3.911270e+00
2.830600e+04 -3.071531e+00
2.830700e+04 -1.670770e+00
2.830800e+04 -1.633945e-01
2.830900e+04 1.452107e+00
2.831000e+04 2.708652e+00
2.831100e+04 3.639986e+00
2.831200e+04 3.889134e+00
2.831300e+04 3.629417e+00
2.831400e+04 2.713695e+00
2.831500e+04 1.477943e+00
2.831600e+04 -6.197023e-02
2.831700e+04 -1.472792e+00
2.831800e+04 -2.683172e+00
2.831900e+04 -3.327277e+00
2.832000e+04 -3.463359e+00
2.832100e+04 -2.882208e+00
2.832200e+04 -1.896356e+00
2.832300e+04 -4.707229e-01
2.832400e+04 9.451795e-01
2.832500e+04 2.349441e+00
2.832600e+04 3.349969e+00
2.832700e+04 4.079454e+00
2.832800e+04 4.333104e+00
2.832900e+04 4.412941e+00
2.833000e+04 4.232064e+00
2.833100e+04 4.123346e+00
2.833200e+04 3.960085e+00
2.833300e+04 3.971584e+00
2.833400e+04 3.922602e+00
2.833500e+04 3.971008e+00
2.833600e+04 3.881085e+00
2.833700e+04 3.839959e+00
2.833800e+04 3.692260e+00
2.833900e+04 3.689922e+00
2.834000e+04 3.687860e+00
2.834100e+04 3.869845e+00
2.834200e+04 4.007058e+00
2.834300e+04 4.161167e+00
2.834400e+04 4.013741e+00
2.834500e+04 3.627581e+00
2.834600e+04 2.785605e+00
2.834700e+04 1.680575e+00
2.834800e+04 2.796762e-01
2.834900e+04 -1.080425e+00
2.835000e+04 -2.358830e+00
2.835100e+04 -3.272440e+00
2.835200e+04 -3.896595e+00
2.835300e+04 -4.112143e+00
2.835400e+04 -4.146289e+00
2.835500e+04 -4.002922e+00
2.835600e+04 -3.908273e+00
2.835700e+04 -3.807420e+00
2.835800e+04 -3.809006e+00
2.835900e+04 -3.731976e+00
2.836000e+04 -3.565191e+00
2.836100e+04 -3.119087e+00
2.836200e+04 -2.422918e+00
2.836300e+04 -1.392466e+00
2.836400e+04 -1.957682e-01
2.836500e+04 1.089288e+00
2.836600e+04 2.211437e+00
2.836700e+04 3.047300e+00
2.836800e+04 3.377340e+00
2.836900e+04 3.173024e+00
2.837000e+04 2.395890e+00
2.837100e+04 1.173516e+00
2.837200e+04 -3.488463e-01
2.837300e+04 -1.913168e+00
2.837400e+04 -3.296654e+00
2.837500e+04 -4.243352e+00
2.837600e+04 -4.606005e+00
2.837700e+04 -4.316002e+00
2.837800e+04 -3.401315e+00
2.837900e+04 -2.012174e+00
2.838000e+04 -3.707132e-01
2.838100e+04 1.242754e+00
2.838200e+04 2.596378e+00
2.838300e+04 3.445159e+00
2.838400e+04 3.706972e+00
2.838500e+04 3.341386e+00
2.838600e+04 2.478556e+00
2.838700e+04 1.224977e+00
2.838800e+04 -1.512277e-01
2.838900e+04 -1.514514e+00
2.839000e+04 -2.644571e+00
2.839100e+04 -3.529357e+00
2.839200e+04 -4.053894e+00
2.839300e+04 -4.339499e+00
2.839400e+04 -4.370318e+00
2.839500e+04 -4.315830e+00
2.839600e+04 -4.144847e+00
2.839700e+04 -4.020321e+00
2.839800e+04 -3.860959e+00
2.839900e+04 -3.793373e+00
2.840000e+04 -3.690729e+00
2.840100e+04 -3.684939e+00
2.840200e+04 -3.637177e+00
2.840300e+04 -3.674001e+00
2.840400e+04 -3.648973e+00
2.840500e+04 -3.700069e+00
2.840600e+04 -3.666427e+00
2.840700e+04 -3.703983e+00
2.840800e+04 -3.658707e+00
2.840900e+04 -3.717173e+00
2.841000e+04 -3.738054e+00
2.841100e+04 -3.917468e+00
2.841200e+04 -4.074478e+00
2.841300e+04 -4.358729e+00
2.841400e+04 -4.501745e+00
2.841500e+04 -4.580439e+00
2.841600e+04 -4.292840e+00
2.841700e+04 -3.748353e+00
2.841800e+04 -2.715331e+00
2.841900e+04 -1.460199e+00
2.842000e+04 8.519793e-02
2.842100e+04 1.526456e+00
2.842200e+04 2.876351e+00
2.842300e+04 3.774890e+00
2.842400e+04 4.387944e+00
2.842500e+04 4.520457e+00
2.842600e+04 4.510192e+00
2.842700e+04 4.289244e+00
2.842800e+04 4.211137e+00
2.842900e+04 4.105502e+00
2.843000e+04 4.185781e+00
2.843100e+04 4.103275e+00
2.843200e+04 3.957051e+00
2.843300e+04 3.396256e+00
2.843400e+04 2.604047e+00
2.843500e+04 1.381268e+00
2.843600e+04 1.105374e-01
2.843700e+04 -1.263996e+00
2.843800e+04 -2.329374e+00
2.843900e+04 -3.215726e+00
2.844000e+04 -3.633970e+00
2.844100e+04 -3.894397e+00
2.844200e+04 -3.867350e+00
2.844300e+04 -3.911888e+00
2.844400e+04 -3.860915e+00
2.844500e+04 -3.995291e+00
2.844600e+04 -4.041430e+00
2.844700e+04 -4.182794e+00
2.844800e+04 -4.130158e+00
2.844900e+04 -4.127427e+00
2.845000e+04 -3.958896e+00
2.845100e+04 -3.931432e+00
2.845200e+04 -3.863440e+00
2.845300e+04 -4.010688e+00
2.845400e+04 -4.077175e+00
2.845500e+04 -4.179789e+00
2.845600e+04 -3.945848e+00
2.845700e+04 -3.487491e+00
2.845800e+04 -2.508403e+00
2.845900e+04 -1.293610e+00
2.846000e+04 2.340586e-01
2.846100e+04 1.642486e+00
2.846200e+04 2.939942e+00
2.846300e+04 3.749260e+00
2.846400e+04 4.242224e+00
2.846500e+04 4.266366e+00
2.846600e+04 4.182396e+00
2.846700e+04 3.957684e+00
2.846800e+04 3.936347e+00
2.846900e+04 3.963355e+00
2.847000e+04 4.174190e+00
2.847100e+04 4.220641e+00
2.847200e+04 4.123587e+00
2.847300e+04 3.545856e+00
2.847400e+04 2.615220e+00
2.847500e+04 1.222976e+00
2.847600e+04 -2.789311e-01
2.847700e+04 -1.838239e+00
2.847800e+04 -3.064991e+00
2.847900e+04 -3.972903e+00
2.848000e+04 -4.387148e+00
2.848100e+04 -4.492255e+00
2.848200e+04 -4.366737e+00
2.848300e+04 -4.223733e+00
2.848400e+04 -4.142522e+00
2.848500e+04 -4.187375e+00
2.848600e+04 -4.269694e+00
2.848700e+04 -4.269032e+00
2.848800e+04 -4.025379e+00
2.848900e+04 -3.449035e+00
2.849000e+04 -2.507159e+00
2.849100e+04 -1.264967e+00
2.849200e+04 1.121857e-01
2.849300e+04 1.464197e+00
2.849400e+04 2.613031e+00
2.849500e+04 3.480699e+00
2.849600e+04 4.006629e+00
2.849700e+04 4.288443e+00
2.849800e+04 4.363807e+00
2.849900e+04 4.373544e+00
2.850000e+04 4.336497e+00
2.850100e+04 4.346183e+00
2.850200e+04 4.331918e+00
2.850300e+04 4.358074e+00
2.850400e+04 4.324282e+00
2.850500e+04 4.309140e+00
2.850600e+04 4.241748e+00
2.850700e+04 4.235036e+00
2.850800e+04 4.197617e+00
2.850900e+04 4.238294e+00
2.851000e+04 4.227287e+00
2.851100e+04 4.249672e+00
2.851200e+04 4.178107e+00
2.851300e+04 4.125791e+00
2.851400e+04 3.972389e+00
2.851500e+04 3.881478e+00
2.851600e+04 3.746558e+00
2.851700e+04 3.723189e+00
2.851800e+04 3.680804e+00
2.851900e+04 3.752983e+00
2.852000e+04 3.769773e+00
2.852100e+04 3.872944e+00
2.852200e+04 3.899452e+00
2.852300e+04 3.998641e+00
2.852400e+04 4.019788e+00
2.852500e+04 4.126581e+00
2.852600e+04 4.142257e+00
2.852700e+04 4.235541e+00
2.852800e+04 4.235441e+00
2.852900e+04 4.301295e+00
2.853000e+04 4.272645e+00
2.853100e+04 4.345273e+00
2.853200e+04 4.350589e+00
2.853300e+04 4.464130e+00
2.853400e+04 4.503907e+00
2.853500e+04 4.636460e+00
2.853600e+04 4.654006e+00
2.853700e+04 4.730075e+00
2.853800e+04 4.699640e+00
2.853900e+04 4.758421e+00
2.854000e+04 4.734699e+00
2.854100e+04 4.812432e+00
2.854200e+04 4.767067e+00
2.854300e+04 4.695534e+00
2.854400e+04 4.321701e+00
2.854500e+04 3.743284e+00
2.854600e+04 2.732156e+00
2.854700e+04 1.502815e+00
2.854800e+04 -6.163716e-03
2.854900e+04 -1.438742e+00
2.855000e+04 -2.779304e+00
2.855100e+04 -3.708254e+00
2.855200e+04 -4.315797e+00
2.855300e+04 -4.450110e+00
2.855400e+04 -4.400223e+00
2.855500e+04 -4.149646e+00
2.855600e+04 -3.992028e+00
2.855700e+04 -3.848936e+00
2.855800e+04 -3.870789e+00
2.855900e+04 -3.797486e+00
2.856000e+04 -3.648465e+00
2.856100e+04 -3.160273e+00
2.856200e+04 -2.410386e+00
2.856300e+04 -1.281368e+00
2.856400e+04 -3.943729e-02
2.856500e+04 1.279761e+00
2.856600e+04 2.377030e+00
2.856700e+04 3.255138e+00
2.856800e+04 3.734839e+00
2.856900e+04 3.977579e+00
2.857000e+04 3.968795e+00
2.857100e+04 3.927956e+00
2.857200e+04 3.847119e+00
2.857300e+04 3.886488e+00
2.857400e+04 3.949150e+00
2.857500e+04 4.092690e+00
2.857600e+04 4.196500e+00
2.857700e+04 4.309000e+00
2.857800e+04 4.334165e+00
2.857900e+04 4.355969e+00
2.858000e+04 4.323012e+00
2.858100e+04 4.302162e+00
2.858200e+04 4.247252e+00
2.858300e+04 4.194899e+00
2.858400e+04 4.100191e+00
2.858500e+04 4.031293e+00
2.858600e+04 3.983978e+00
2.858700e+04 4.011461e+00
2.858800e+04 4.116101e+00
2.858900e+04 4.285126e+00
2.859000e+04 4.432280e+00
2.859100e+04 4.438904e+00
2.859200e+04 4.185764e+00
2.859300e+04 3.570621e+00
2.859400e+04 2.588592e+00
2.859500e+04 1.284453e+00
2.859600e+04 -1.620351e-01
2.859700e+04 -1.599496e+00
2.859800e+04 -2.809396e+00
2.859900e+04 -3.717020e+00
2.860000e+04 -4.220254e+00
2.860100e+04 -4.434299e+00
2.860200e+04 -4.388096e+00
2.860300e+04 -4.271461e+00
2.860400e+04 -4.098392e+00
2.860500e+04 -4.019563e+00
2.860600e+04 -3.953323e+00
2.860700e+04 -3.983116e+00
2.860800e+04 -3.979619e+00
2.860900e+04 -4.057741e+00
2.861000e+04 -4.083318e+00
2.861100e+04 -4.190791e+00
2.861200e+04 -4.242604e+00
2.861300e+04 -4.363457e+00
2.861400e+04 -4.373997e+00
2.861500e+04 -4.390768e+00
2.861600e+04 -4.230478e+00
2.861700e+04 -4.086890e+00
2.861800e+04 -3.830500e+00
2.861900e+04 -3.703265e+00
2.862000e+04 -3.582333e+00
2.862100e+04 -3.677724e+00
2.862200e+04 -3.741091e+00
2.862300e+04 -3.891379e+00
2.862400e+04 -3.781960e+00
2.862500e+04 -3.491150e+00
2.862600e+04 -2.718995e+00
2.862700e+04 -1.703113e+00
2.862800e+04 -3.052537e-01
2.862900e+04 1.046414e+00
2.863000e+04 2.354497e+00
2.863100e+04 3.132543e+00
2.863200e+04 3.472337e+00
2.863300e+04 3.040659e+00
2.863400e+04 2.152182e+00
2.863500e+04 7.052782e-01
2.863600e+04 -7.824776e-01
2.863700e+04 -2.345754e+00
2.863800e+04 -3.473437e+00
2.863900e+04 -4.327664e+00
2.864000e+04 -4.626604e+00
2.864100e+04 -4.666673e+00
2.864200e+04 -4.424792e+00
2.864300e+04 -4.216502e+00
2.864400e+04 -4.015823e+00
2.864500e+04 -4.019449e+00
2.864600e+04 -4.028820e+00
2.864700e+04 -4.075844e+00
2.864800e+04 -3.867256e+00
2.864900e+04 -3.437984e+00
2.865000e+04 -2.550595e+00
2.865100e+04 -1.405120e+00
2.865200e+04 4.386264e-02
2.865300e+04 1.441345e+00
2.865400e+04 2.741249e+00
2.865500e+04 3.568408e+00
2.865600e+04 3.954959e+00
2.865700e+04 3.659676e+00
2.865800e+04 2.898865e+00
2.865900e+04 1.607893e+00
2.866000e+04 1.636528e-01
2.866100e+04 -1.387411e+00
2.866200e+04 -2.616828e+00
2.866300e+04 -3.517359e+00
2.866400e+04 -3.752067e+00
2.866500e+04 -3.468247e+00
2.866600e+04 -2.540429e+00
2.866700e+04 -1.322866e+00
2.866800e+04 1.731681e-01
2.866900e+04 1.508988e+00
2.867000e+04 2.701663e+00
2.867100e+04 3.432101e+00
2.867200e+04 3.885694e+00
2.867300e+04 3.925299e+00
2.867400e+04 3.891253e+00
2.867500e+04 3.697694e+00
2.867600e+04 3.659966e+00
2.867700e+04 3.612379e+00
2.867800e+04 3.755951e+00
2.867900e+04 3.834226e+00
2.868000e+04 4.024188e+00
2.868100e+04 4.067309e+00
2.868200e+04 4.188965e+00
2.868300e+04 4.197026e+00
2.868400e+04 4.335289e+00
2.868500e+04 4.375067e+00
2.868600e+04 4.490548e+00
2.868700e+04 4.376035e+00
2.868800e+04 4.154940e+00
2.868900e+04 3.492518e+00
2.869000e+04 2.576185e+00
2.869100e+04 1.218380e+00
2.869200e+04 -2.378072e-01
2.869300e+04 -1.829278e+00
2.869400e+04 -3.101140e+00
2.869500e+04 -4.073250e+00
2.869600e+04 -4.351801e+00
2.869700e+04 -4.106389e+00
2.869800e+04 -3.162105e+00
2.869900e+04 -1.895413e+00
2.870000e+04 -2.992201e-01
2.870100e+04 1.148139e+00
2.870200e+04 2.467954e+00
2.870300e+04 3.290673e+00
2.870400e+04 3.800992e+00
2.870500e+04 3.843178e+00
2.870600e+04 3.783096e+00
2.870700e+04 3.544487e+00
2.870800e+04 3.486887e+00
2.870900e+04 3.440355e+00
2.871000e+04 3.595113e+00
2.871100e+04 3.613634e+00
2.871200e+04 3.569836e+00
2.871300e+04 3.107623e+00
2.871400e+04 2.391266e+00
2.871500e+04 1.230832e+00
2.871600e+04 -2.639556e-02
2.871700e+04 -1.417058e+00
2.871800e+04 -2.542572e+00
2.871900e+04 -3.471343e+00
2.872000e+04 -3.938938e+00
2.872100e+04 -4.210117e+00
2.872200e+04 -4.170478e+00
2.872300e+04 -4.160586e+00
2.872400e+04 -4.081442e+00
2.872500e+04 -4.181539e+00
2.872600e+04 -4.218751e+00
2.872700e+04 -4.300222e+00
2.872800e+04 -4.098889e+00
2.872900e+04 -3.708507e+00
2.873000e+04 -2.875643e+00
2.873100e+04 -1.828990e+00
2.873200e+04 -4.852157e-01
2.873300e+04 7.911090e-01
2.873400e+04 1.980209e+00
2.873500e+04 2.707502e+00
2.873600e+04 3.043458e+00
2.873700e+04 2.749141e+00
2.873800e+04 2.050817e+00
2.873900e+04 9.100329e-01
2.874000e+04 -3.119161e-01
2.874100e+04 -1.597339e+00
2.874200e+04 -2.609864e+00
2.874300e+04 -3.419497e+00
2.874400e+04 -3.826462e+00
2.874500e+04 -4.053980e+00
2.874600e+04 -4.040394e+00
2.874700e+04 -4.052043e+00
2.874800e+04 -4.018604e+00
2.874900e+04 -4.129428e+00
2.875000e+04 -4.191197e+00
2.875100e+04 -4.263404e+00
2.875200e+04 -4.077746e+00
2.875300e+04 -3.667984e+00
2.875400e+04 -2.828976e+00
2.875500e+04 -1.716023e+00
2.875600e+04 -2.861541e-01
2.875700e+04 1.152795e+00
2.875800e+04 2.515907e+00
2.875900e+04 3.448576e+00
2.876000e+04 3.901049e+00
2.876100e+04 3.648990e+00
2.876200e+04 2.823966e+00
2.876300e+04 1.428879e+00
2.876400e+04 -2.029315e-01
2.876500e+04 -1.913615e+00
2.876600e+04 -3.311955e+00
2.876700e+04 -4.272584e+00
2.876800e+04 -4.540241e+00
2.876900e+04 -4.180179e+00
2.877000e+04 -3.166329e+00
2.877100e+04 -1.765364e+00
2.877200e+04 -1.116515e-01
2.877300e+04 1.445487e+00
2.877400e+04 2.770734e+00
2.877500e+04 3.591178e+00
2.877600e+04 3.872349e+00
2.877700e+04 3.513637e+00
2.877800e+04 2.659801e+00
2.877900e+04 1.356744e+00
2.878000e+04 -1.302652e-01
2.878100e+04 -1.660493e+00
2.878200e+04 -2.959085e+00
2.878300e+04 -3.957026e+00
2.878400e+04 -4.519235e+00
2.878500e+04 -4.719017e+00
2.878600e+04 -4.596915e+00
2.878700e+04 -4.359609e+00
2.878800e+04 -4.079377e+00
2.878900e+04 -3.901166e+00
2.879000e+04 -3.777803e+00
2.879100e+04 -3.686925e+00
2.879200e+04 -3.454520e+00
2.879300e+04 -3.000268e+00
2.879400e+04 -2.200219e+00
2.879500e+04 -1.110099e+00
2.879600e+04 2.059935e-01
2.879700e+04 1.535360e+00
2.879800e+04 2.722802e+00
2.879900e+04 3.570400e+00
2.880000e+04 4.062018e+00
2.880100e+04 4.177596e+00
2.880200e+04 4.102697e+00
2.880300e+04 3.918329e+00
2.880400e+04 3.846163e+00
2.880500e+04 3.872149e+00
2.880600e+04 4.050949e+00
2.880700e+04 4.181729e+00
2.880800e+04 4.182880e+00
2.880900e+04 3.824830e+00
2.881000e+04 3.084741e+00
2.881100e+04 1.890234e+00
2.881200e+04 4.418387e-01
2.881300e+04 -1.130069e+00
2.881400e+04 -2.492307e+00
2.881500e+04 -3.486672e+00
2.881600e+04 -3.856068e+00
2.881700e+04 -3.614165e+00
2.881800e+04 -2.752549e+00
2.881900e+04 -1.508670e+00
2.882000e+04 -3.270578e-02
2.882100e+04 1.359987e+00
2.882200e+04 2.555001e+00
2.882300e+04 3.356353e+00
2.882400e+04 3.827230e+00
2.882500e+04 3.961021e+00
2.882600e+04 3.938479e+00
2.882700e+04 3.802123e+00
2.882800e+04 3.724040e+00
2.882900e+04 3.666895e+00
2.883000e+04 3.711162e+00
2.883100e+04 3.753515e+00
2.883200e+04 3.822164e+00
2.883300e+04 3.816974e+00
2.883400e+04 3.817822e+00
2.883500e+04 3.751097e+00
2.883600e+04 3.715003e+00
2.883700e+04 3.650839e+00
2.883800e+04 3.642166e+00
2.883900e+04 3.610508e+00
2.884000e+04 3.629452e+00
2.884100e+04 3.623152e+00
2.884200e+04 3.682725e+00
2.884300e+04 3.742282e+00
2.884400e+04 3.887541e+00
2.884500e+04 4.036399e+00
2.884600e+04 4.240695e+00
2.884700e+04 4.373149e+00
2.884800e+04 4.492130e+00
2.884900e+04 4.504718e+00
2.885000e+04 4.494090e+00
2.885100e+04 4.421465e+00
2.885200e+04 4.415037e+00
2.885300e+04 4.406162e+00
2.885400e+04 4.448525e+00
2.885500e+04 4.394463e+00
2.885600e+04 4.206414e+00
2.885700e+04 3.673860e+00
2.885800e+04 2.814232e+00
2.885900e+04 1.546552e+00
2.886000e+04 5.722344e-02
2.886100e+04 -1.538068e+00
2.886200e+04 -2.907416e+00
2.886300e+04 -3.880334e+00
2.886400e+04 -4.187055e+00
2.886500e+04 -3.862165e+00
2.886600e+04 -2.877891e+00
2.886700e+04 -1.496493e+00
2.886800e+04 1.161400e-01
2.886900e+04 1.617421e+00
2.887000e+04 2.891981e+00
2.887100e+04 3.748382e+00
2.887200e+04 4.273590e+00
2.887300e+04 4.451077e+00
2.887400e+04 4.503518e+00
2.887500e+04 4.464752e+00
2.887600e+04 4.500911e+00
2.887700e+04 4.529488e+00
2.887800e+04 4.572146e+00
2.887900e+04 4.429037e+00
2.888000e+04 4.079520e+00
2.888100e+04 3.330954e+00
2.888200e+04 2.259709e+00
2.888300e+04 8.443292e-01
2.888400e+04 -6.773136e-01
2.888500e+04 -2.196440e+00
2.888600e+04 -3.386226e+00
2.888700e+04 -4.156521e+00
2.888800e+04 -4.292089e+00
2.888900e+04 -3.853204e+00
2.889000e+04 -2.820824e+00
2.889100e+04 -1.469069e+00
2.889200e+04 8.703752e-02
2.889300e+04 1.513681e+00
2.889400e+04 2.719815e+00
2.889500e+04 3.504123e+00
2.889600e+04 3.945249e+00
2.889700e+04 4.007662e+00
2.889800e+04 3.935127e+00
2.889900e+04 3.770610e+00
2.890000e+04 3.721549e+00
2.890100e+04 3.728677e+00
2.890200e+04 3.861218e+00
2.890300e+04 3.901852e+00
2.890400e+04 3.801733e+00
2.890500e+04 3.327535e+00
2.890600e+04 2.516915e+00
2.890700e+04 1.279320e+00
2.890800e+04 -1.514331e-01
2.890900e+04 -1.679083e+00
2.891000e+04 -2.948214e+00
2.891100e+04 -3.832773e+00
2.891200e+04 -4.070237e+00
2.891300e+04 -3.704454e+00
2.891400e+04 -2.671050e+00
2.891500e+04 -1.249110e+00
2.891600e+04 4.357839e-01
2.891700e+04 2.000638e+00
2.891800e+04 3.308962e+00
2.891900e+04 4.054393e+00
2.892000e+04 4.229084e+00
2.892100e+04 3.719175e+00
2.892200e+04 2.742388e+00
2.892300e+04 1.351752e+00
2.892400e+04 -1.153207e-01
2.892500e+04 -1.547161e+00
2.892600e+04 -2.657708e+00
2.892700e+04 -3.465014e+00
2.892800e+04 -3.841406e+00
2.892900e+04 -3.986095e+00
2.893000e+04 -3.917993e+00
2.893100e+04 -3.881058e+00
2.893200e+04 -3.855704e+00
2.893300e+04 -3.977580e+00
2.893400e+04 -4.064896e+00
2.893500e+04 -4.125341e+00
2.893600e+04 -3.898986e+00
2.893700e+04 -3.388821e+00
2.893800e+04 -2.456509e+00
2.893900e+04 -1.278372e+00
2.894000e+04 1.359725e-01
2.894100e+04 1.483002e+00
2.894200e+04 2.715299e+00
2.894300e+04 3.599093e+00
2.894400e+04 4.194199e+00
2.894500e+04 4.411091e+00
2.894600e+04 4.458685e+00
2.894700e+04 4.308679e+00
2.894800e+04 4.163394e+00
2.894900e+04 3.965186e+00
2.895000e+04 3.854783e+00
2.895100e+04 3.713662e+00
2.895200e+04 3.668346e+00
2.895300e+04 3.601762e+00
2.895400e+04 3.638000e+00
2.895500e+04 3.671540e+00
2.895600e+04 3.817256e+00
2.895700e+04 3.931992e+00
2.895800e+04 4.096533e+00
2.895900e+04 4.144445e+00
2.896000e+04 4.202643e+00
2.896100e+04 4.048765e+00
2.896200e+04 4.012696e+00
2.896300e+04 3.809578e+00
2.896400e+04 3.826156e+00
2.896500e+04 3.743074e+00
2.896600e+04 3.902927e+00
2.896700e+04 3.926960e+00
2.896800e+04 4.126986e+00
2.896900e+04 4.127834e+00
2.897000e+04 4.279003e+00
2.897100e+04 4.244296e+00
2.897200e+04 4.400038e+00
2.897300e+04 4.388741e+00
2.897400e+04 4.533027e+00
2.897500e+04 4.390265e+00
2.897600e+04 4.217731e+00
2.897700e+04 3.575930e+00
2.897800e+04 2.786007e+00
2.897900e+04 1.523554e+00
2.898000e+04 2.735295e-01
2.898100e+04 -1.152329e+00
2.898200e+04 -2.228013e+00
2.898300e+04 -3.172804e+00
2.898400e+04 -3.582649e+00
2.898500e+04 -3.871043e+00
2.898600e+04 -3.797155e+00
2.898700e+04 -3.846415e+00
2.898800e+04 -3.791879e+00
2.898900e+04 -4.016950e+00
2.899000e+04 -4.137754e+00
2.899100e+04 -4.376260e+00
2.899200e+04 -4.233907e+00
2.899300e+04 -3.908426e+00
2.899400e+04 -3.006409e+00
2.899500e+04 -1.876498e+00
2.899600e+04 -3.325715e-01
2.899700e+04 1.095539e+00
2.899800e+04 2.469416e+00
2.899900e+04 3.260323e+00
2.900000e+04 3.621291e+00
2.900100e+04 3.215087e+00
2.900200e+04 2.399739e+00
2.900300e+04 1.057309e+00
2.900400e+04 -3.200464e-01
2.900500e+04 -1.780753e+00
2.900600e+04 -2.886949e+00
2.900700e+04 -3.802845e+00
2.900800e+04 -4.245337e+00
2.900900e+04 -4.504697e+00
2.901000e+04 -4.443291e+00
2.901100e+04 -4.384213e+00
2.901200e+04 -4.182737e+00
2.901300e+04 -4.112173e+00
2.901400e+04 -3.987978e+00
2.901500e+04 -4.018303e+00
2.901600e+04 -4.004195e+00
2.901700e+04 -4.121187e+00
2.901800e+04 -4.185523e+00
2.901900e+04 -4.347528e+00
2.902000e+04 -4.426829e+00
2.902100e+04 -4.539614e+00
2.902200e+04 -4.508693e+00
2.902300e+04 -4.463966e+00
2.902400e+04 -4.299205e+00
2.902500e+04 -4.160742e+00
2.902600e+04 -4.009912e+00
2.902700e+04 -4.006212e+00
2.902800e+04 -4.077540e+00
2.902900e+04 -4.271802e+00
2.903000e+04 -4.438773e+00
2.903100e+04 -4.504043e+00
2.903200e+04 -4.290569e+00
2.903300e+04 -3.759768e+00
2.903400e+04 -2.858619e+00
2.903500e+04 -1.671180e+00
2.903600e+04 -3.307215e-01
2.903700e+04 9.967320e-01
2.903800e+04 2.133616e+00
2.903900e+04 2.986635e+00
2.904000e+04 3.502665e+00
2.904100e+04 3.750813e+00
2.904200e+04 3.761961e+00
2.904300e+04 3.710421e+00
2.904400e+04 3.618326e+00
2.904500e+04 3.619484e+00
2.904600e+04 3.641337e+00
2.904700e+04 3.765939e+00
2.904800e+04 3.848562e+00
2.904900e+04 3.973728e+00
2.905000e+04 3.994404e+00
2.905100e+04 4.045433e+00
2.905200e+04 3.991352e+00
2.905300e+04 4.005379e+00
2.905400e+04 3.944626e+00
2.905500e+04 4.003054e+00
2.905600e+04 3.990376e+00
2.905700e+04 4.099887e+00
2.905800e+04 4.123842e+00
2.905900e+04 4.253544e+00
2.906000e+04 4.246896e+00
2.906100e+04 4.330500e+00
2.906200e+04 4.262666e+00
2.906300e+04 4.292870e+00
2.906400e+04 4.187752e+00
2.906500e+04 4.237693e+00
2.906600e+04 4.174178e+00
2.906700e+04 4.275882e+00
2.906800e+04 4.239980e+00
2.906900e+04 4.325481e+00
2.907000e+04 4.201030e+00
2.907100e+04 4.160445e+00
2.907200e+04 3.885468e+00
2.907300e+04 3.746124e+00
2.907400e+04 3.477550e+00
2.907500e+04 3.475577e+00
2.907600e+04 3.425996e+00
2.907700e+04 3.664251e+00
2.907800e+04 3.754290e+00
2.907900e+04 3.936131e+00
2.908000e+04 3.690865e+00
2.908100e+04 3.277196e+00
2.908200e+04 2.257766e+00
2.908300e+04 1.057096e+00
2.908400e+04 -5.802274e-01
2.908500e+04 -2.040823e+00
2.908600e+04 -3.470967e+00
2.908700e+04 -4.241840e+00
2.908800e+04 -4.614049e+00
2.908900e+04 -4.111755e+00
2.909000e+04 -3.228733e+00
2.909100e+04 -1.718611e+00
2.909200e+04 -2.299030e-01
2.909300e+04 1.432678e+00
2.909400e+04 2.646791e+00
2.909500e+04 3.733405e+00
2.909600e+04 4.231987e+00
2.909700e+04 4.631128e+00
2.909800e+04 4.588037e+00
2.909900e+04 4.655704e+00
2.910000e+04 4.476997e+00
2.910100e+04 4.542442e+00
2.910200e+04 4.412186e+00
2.910300e+04 4.514865e+00
2.910400e+04 4.382941e+00
2.910500e+04 4.453907e+00
2.910600e+04 4.294343e+00
2.910700e+04 4.374845e+00
2.910800e+04 4.259121e+00
2.910900e+04 4.372812e+00
2.911000e+04 4.206691e+00
2.911100e+04 4.116990e+00
2.911200e+04 3.563896e+00
2.911300e+04 2.914709e+00
2.911400e+04 1.735353e+00
2.911500e+04 5.409853e-01
2.911600e+04 -9.620646e-01
2.911700e+04 -2.167204e+00
2.911800e+04 -3.345411e+00
2.911900e+04 -3.971601e+00
2.912000e+04 -4.423532e+00
2.912100e+04 -4.445902e+00
2.912200e+04 -4.382666e+00
2.912300e+04 -4.142293e+00
2.912400e+04 -4.014692e+00
2.912500e+04 -3.842951e+00
2.912600e+04 -3.817043e+00
2.912700e+04 -3.714772e+00
2.912800e+04 -3.716946e+00
2.912900e+04 -3.625754e+00
2.913000e+04 -3.648184e+00
2.913100e+04 -3.639557e+00
2.913200e+04 -3.802853e+00
2.913300e+04 -3.949527e+00
2.913400e+04 -4.209896e+00
2.913500e+04 -4.358679e+00
2.913600e+04 -4.516484e+00
2.913700e+04 -4.491546e+00
2.913800e+04 -4.469076e+00
2.913900e+04 -4.350930e+00
2.914000e+04 -4.341625e+00
2.914100e+04 -4.322451e+00
2.914200e+04 -4.400462e+00
2.914300e+04 -4.346957e+00
2.914400e+04 -4.180452e+00
2.914500e+04 -3.646513e+00
2.914600e+04 -2.812557e+00
2.914700e+04 -1.596230e+00
2.914800e+04 -2.359231e-01
2.914900e+04 1.205968e+00
2.915000e+04 2.429748e+00
2.915100e+04 3.389509e+00
2.915200e+04 3.942296e+00
2.915300e+04 4.226235e+00
2.915400e+04 4.247493e+00
2.915500e+04 4.223769e+00
2.915600e+04 4.188088e+00
2.915700e+04 4.258997e+00
2.915800e+04 4.345443e+00
2.915900e+04 4.464319e+00
2.916000e+04 4.508932e+00
2.916100e+04 4.502096e+00
2.916200e+04 4.416105e+00
2.916300e+04 4.355363e+00
2.916400e+04 4.329788e+00
2.916500e+04 4.386770e+00
2.916600e+04 4.455280e+00
2.916700e+04 4.453197e+00
2.916800e+04 4.235674e+00
2.916900e+04 3.701257e+00
2.917000e+04 2.790877e+00
2.917100e+04 1.552814e+00
2.917200e+04 1.200728e-01
2.917300e+04 -1.322489e+00
2.917400e+04 -2.567144e+00
2.917500e+04 -3.496496e+00
2.917600e+04 -4.019036e+00
2.917700e+04 -4.183228e+00
2.917800e+04 -4.067995e+00
2.917900e+04 -3.846231e+00
2.918000e+04 -3.596649e+00
2.918100e+04 -3.463570e+00
2.918200e+04 -3.432776e+00
2.918300e+04 -3.546761e+00
2.918400e+04 -3.709385e+00
2.918500e+04 -3.944178e+00
2.918600e+04 -4.125527e+00
2.918700e+04 -4.300069e+00
2.918800e+04 -4.368993e+00
2.918900e+04 -4.413874e+00
2.919000e+04 -4.348565e+00
2.919100e+04 -4.269917e+00
2.919200e+04 -4.107458e+00
2.919300e+04 -3.996840e+00
2.919400e+04 -3.848888e+00
2.919500e+04 -3.805085e+00
2.919600e+04 -3.771611e+00
2.919700e+04 -3.867002e+00
2.919800e+04 -3.947170e+00
2.919900e+04 -4.112509e+00
2.920000e+04 -4.216656e+00
2.920100e+04 -4.369237e+00
2.920200e+04 -4.412848e+00
2.920300e+04 -4.499215e+00
2.920400e+04 -4.488602e+00
2.920500e+04 -4.527329e+00
2.920600e+04 -4.475034e+00
2.920700e+04 -4.486402e+00
2.920800e+04 -4.400329e+00
2.920900e+04 -4.388703e+00
2.921000e+04 -4.302383e+00
2.921100e+04 -4.310124e+00
2.921200e+04 -4.247707e+00
2.921300e+04 -4.284568e+00
2.921400e+04 -4.242164e+00
2.921500e+04 -4.275370e+00
2.921600e+04 -4.193975e+00
2.921700e+04 -4.189407e+00
2.921800e+04 -4.090807e+00
2.921900e+04 -4.092110e+00
2.922000e+04 -4.032032e+00
2.922100e+04 -4.093773e+00
2.922200e+04 -4.083003e+00
2.922300e+04 -4.173192e+00
2.922400e+04 -4.145817e+00
2.922500e+04 -4.192019e+00
2.922600e+04 -4.143662e+00
2.922700e+04 -4.206814e+00
2.922800e+04 -4.201439e+00
2.922900e+04 -4.318709e+00
2.923000e+04 -4.319012e+00
2.923100e+04 -4.304927e+00
2.923200e+04 -3.995881e+00
2.923300e+04 -3.509962e+00
2.923400e+04 -2.613679e+00
2.923500e+04 -1.539122e+00
2.923600e+04 -2.044775e-01
2.923700e+04 1.057876e+00
2.923800e+04 2.286502e+00
2.923900e+04 3.173445e+00
2.924000e+04 3.852639e+00
2.924100e+04 4.150517e+00
2.924200e+04 4.316874e+00
2.924300e+04 4.255892e+00
2.924400e+04 4.231304e+00
2.924500e+04 4.110249e+00
2.924600e+04 4.094845e+00
2.924700e+04 4.001757e+00
2.924800e+04 3.988230e+00
2.924900e+04 3.886450e+00
2.925000e+04 3.891765e+00
2.925100e+04 3.852566e+00
2.925200e+04 3.952524e+00
2.925300e+04 4.007627e+00
2.925400e+04 4.126739e+00
2.925500e+04 4.060996e+00
2.925600e+04 3.848255e+00
2.925700e+04 3.241117e+00
2.925800e+04 2.360739e+00
2.925900e+04 1.090855e+00
2.926000e+04 -3.057390e-01
2.926100e+04 -1.780240e+00
2.926200e+04 -2.987389e+00
2.926300e+04 -3.856806e+00
2.926400e+04 -4.112615e+00
2.926500e+04 -3.842258e+00
2.926600e+04 -2.980000e+00
2.926700e+04 -1.782995e+00
2.926800e+04 -3.381476e-01
2.926900e+04 1.028134e+00
2.927000e+04 2.250607e+00
2.927100e+04 3.131833e+00
2.927200e+04 3.738055e+00
2.927300e+04 4.017814e+00
2.927400e+04 4.161800e+00
2.927500e+04 4.179014e+00
2.927600e+04 4.218397e+00
2.927700e+04 4.242317e+00
2.927800e+04 4.314083e+00
2.927900e+04 4.336370e+00
2.928000e+04 4.334739e+00
2.928100e+04 4.261753e+00
2.928200e+04 4.157343e+00
2.928300e+04 4.043335e+00
2.928400e+04 3.975654e+00
2.928500e+04 3.948995e+00
2.928600e+04 3.945083e+00
2.928700e+04 3.869855e+00
2.928800e+04 3.623379e+00
2.928900e+04 3.091374e+00
2.929000e+04 2.226228e+00
2.929100e+04 1.036655e+00
2.929200e+04 -3.563837e-01
2.929300e+04 -1.768486e+00
2.929400e+04 -2.965444e+00
2.929500e+04 -3.743453e+00
2.929600e+04 -3.941798e+00
2.929700e+04 -3.523502e+00
2.929800e+04 -2.574097e+00
2.929900e+04 -1.267487e+00
2.930000e+04 1.677246e-01
2.930100e+04 1.499199e+00
2.930200e+04 2.563817e+00
2.930300e+04 3.272932e+00
2.930400e+04 3.637820e+00
2.930500e+04 3.762409e+00
2.930600e+04 3.756391e+00
2.930700e+04 3.727568e+00
2.930800e+04 3.745543e+00
2.930900e+04 3.828882e+00
2.931000e+04 3.943613e+00
2.931100e+04 4.045753e+00
2.931200e+04 4.089867e+00
2.931300e+04 4.085194e+00
2.931400e+04 4.038323e+00
2.931500e+04 3.994680e+00
2.931600e+04 3.977700e+00
2.931700e+04 4.008778e+00
2.931800e+04 4.059800e+00
2.931900e+04 4.108158e+00
2.932000e+04 4.101407e+00
2.932100e+04 4.055719e+00
2.932200e+04 3.972838e+00
2.932300e+04 3.906699e+00
2.932400e+04 3.878731e+00
2.932500e+04 3.921696e+00
2.932600e+04 3.969885e+00
2.932700e+04 3.945964e+00
2.932800e+04 3.720362e+00
2.932900e+04 3.214418e+00
2.933000e+04 2.345361e+00
2.933100e+04 1.180096e+00
2.933200e+04 -1.810270e-01
2.933300e+04 -1.539448e+00
2.933400e+04 -2.736410e+00
2.933500e+04 -3.608756e+00
2.933600e+04 -4.131087e+00
2.933700e+04 -4.313341e+00
2.933800e+04 -4.298726e+00
2.933900e+04 -4.196748e+00
2.934000e+04 -4.149003e+00
2.934100e+04 -4.169870e+00
2.934200e+04 -4.263178e+00
2.934300e+04 -4.292816e+00
2.934400e+04 -4.151336e+00
2.934500e+04 -3.699799e+00
2.934600e+04 -2.916499e+00
2.934700e+04 -1.781622e+00
2.934800e+04 -4.393148e-01
2.934900e+04 9.788083e-01
2.935000e+04 2.244888e+00
2.935100e+04 3.195167e+00
2.935200e+04 3.641423e+00
2.935300e+04 3.546237e+00
2.935400e+04 2.866479e+00
2.935500e+04 1.723447e+00
2.935600e+04 2.561406e-01
2.935700e+04 -1.271599e+00
2.935800e+04 -2.642319e+00
2.935900e+04 -3.574778e+00
2.936000e+04 -3.947281e+00
2.936100e+04 -3.657531e+00
2.936200e+04 -2.785180e+00
2.936300e+04 -1.454405e+00
2.936400e+04 5.993465e-02
2.936500e+04 1.551499e+00
2.936600e+04 2.777356e+00
2.936700e+04 3.642847e+00
2.936800e+04 4.092474e+00
2.936900e+04 4.241014e+00
2.937000e+04 4.163874e+00
2.937100e+04 4.031784e+00
2.937200e+04 3.910898e+00
2.937300e+04 3.887408e+00
2.937400e+04 3.919225e+00
2.937500e+04 4.009229e+00
2.937600e+04 4.080169e+00
2.937700e+04 4.143545e+00
2.937800e+04 4.154046e+00
2.937900e+04 4.157581e+00
2.938000e+04 4.129276e+00
2.938100e+04 4.112370e+00
2.938200e+04 4.060982e+00
2.938300e+04 4.005522e+00
2.938400e+04 3.919591e+00
2.938500e+04 3.848683e+00
2.938600e+04 3.789461e+00
2.938700e+04 3.816913e+00
2.938800e+04 3.912633e+00
2.938900e+04 4.079312e+00
2.939000e+04 4.212093e+00
2.939100e+04 4.243989e+00
2.939200e+04 4.019278e+00
2.939300e+04 3.477354e+00
2.939400e+04 2.579190e+00
2.939500e+04 1.410468e+00
2.939600e+04 6.803542e-02
2.939700e+04 -1.241687e+00
2.939800e+04 -2.388854e+00
2.939900e+04 -3.223600e+00
2.940000e+04 -3.726983e+00
2.940100e+04 -3.918560e+00
2.940200e+04 -3.919787e+00
2.940300e+04 -3.817990e+00
2.940400e+04 -3.749258e+00
2.940500e+04 -3.757851e+00
2.940600e+04 -3.875863e+00
2.940700e+04 -4.043387e+00
2.940800e+04 -4.242669e+00
2.940900e+04 -4.406207e+00
2.941000e+04 -4.514435e+00
2.941100e+04 -4.549459e+00
2.941200e+04 -4.542611e+00
2.941300e+04 -4.482548e+00
2.941400e+04 -4.376664e+00
2.941500e+04 -4.156355e+00
2.941600e+04 -3.778626e+00
2.941700e+04 -3.168226e+00
2.941800e+04 -2.282820e+00
2.941900e+04 -1.120758e+00
2.942000e+04 2.193628e-01
2.942100e+04 1.594938e+00
2.942200e+04 2.793295e+00
2.942300e+04 3.621464e+00
2.942400e+04 3.897298e+00
2.942500e+04 3.536982e+00
2.942600e+04 2.572011e+00
2.942700e+04 1.147100e+00
2.942800e+04 -5.189275e-01
2.942900e+04 -2.145600e+00
2.943000e+04 -3.471075e+00
2.943100e+04 -4.275628e+00
2.943200e+04 -4.437398e+00
2.943300e+04 -3.951987e+00
2.943400e+04 -2.897699e+00
2.943500e+04 -1.442609e+00
2.943600e+04 1.927911e-01
2.943700e+04 1.766753e+00
2.943800e+04 3.060672e+00
2.943900e+04 3.892503e+00
2.944000e+04 4.131529e+00
2.944100e+04 3.844101e+00
2.944200e+04 2.922774e+00
2.944300e+04 1.710049e+00
2.944400e+04 1.991324e-01
2.944500e+04 -1.184217e+00
2.944600e+04 -2.468697e+00
2.944700e+04 -3.303842e+00
2.944800e+04 -3.865269e+00
2.944900e+04 -3.994118e+00
2.945000e+04 -4.034153e+00
2.945100e+04 -3.887404e+00
2.945200e+04 -3.907112e+00
2.945300e+04 -3.898587e+00
2.945400e+04 -4.060743e+00
2.945500e+04 -4.040323e+00
2.945600e+04 -3.924914e+00
2.945700e+04 -3.337113e+00
2.945800e+04 -2.475355e+00
2.945900e+04 -1.126003e+00
2.946000e+04 3.171240e-01
2.946100e+04 1.889145e+00
2.946200e+04 3.077863e+00
2.946300e+04 3.935570e+00
2.946400e+04 4.061634e+00
2.946500e+04 3.670321e+00
2.946600e+04 2.574264e+00
2.946700e+04 1.202587e+00
2.946800e+04 -5.004537e-01
2.946900e+04 -2.027037e+00
2.947000e+04 -3.415782e+00
2.947100e+04 -4.210432e+00
2.947200e+04 -4.553149e+00
2.947300e+04 -4.125648e+00
2.947400e+04 -3.238003e+00
2.947500e+04 -1.742644e+00
2.947600e+04 -1.092384e-01
2.947700e+04 1.682544e+00
2.947800e+04 3.095842e+00
2.947900e+04 4.155306e+00
2.948000e+04 4.434738e+00
2.948100e+04 4.144834e+00
2.948200e+04 3.071179e+00
2.948300e+04 1.651507e+00
2.948400e+04 -1.319063e-01
2.948500e+04 -1.736524e+00
2.948600e+04 -3.157428e+00
2.948700e+04 -3.940434e+00
2.948800e+04 -4.227262e+00
2.948900e+04 -3.737292e+00
2.949000e+04 -2.815397e+00
2.949100e+04 -1.368125e+00
2.949200e+04 1.465124e-01
2.949300e+04 1.738521e+00
2.949400e+04 2.941635e+00
2.949500e+04 3.809259e+00
2.949600e+04 3.982651e+00
2.949700e+04 3.679405e+00
2.949800e+04 2.726830e+00
2.949900e+04 1.500200e+00
2.950000e+04 -2.353173e-02
2.950100e+04 -1.402907e+00
2.950200e+04 -2.674211e+00
2.950300e+04 -3.510456e+00
2.950400e+04 -4.086628e+00
2.950500e+04 -4.233034e+00
2.950600e+04 -4.265835e+00
2.950700e+04 -4.103383e+00
2.950800e+04 -4.039756e+00
2.950900e+04 -3.943152e+00
2.951000e+04 -4.010133e+00
2.951100e+04 -4.037510e+00
2.951200e+04 -4.162489e+00
2.951300e+04 -4.159653e+00
2.951400e+04 -4.192213e+00
2.951500e+04 -4.102622e+00
2.951600e+04 -4.074828e+00
2.951700e+04 -3.984088e+00
2.951800e+04 -3.999645e+00
2.951900e+04 -3.986617e+00
2.952000e+04 -4.085861e+00
2.952100e+04 -4.131227e+00
2.952200e+04 -4.236655e+00
2.952300e+04 -4.268423e+00
2.952400e+04 -4.334085e+00
2.952500e+04 -4.317142e+00
2.952600e+04 -4.334528e+00
2.952700e+04 -4.292305e+00
2.952800e+04 -4.303044e+00
2.952900e+04 -4.282602e+00
2.953000e+04 -4.332312e+00
2.953100e+04 -4.375289e+00
2.953200e+04 -4.484033e+00
2.953300e+04 -4.573058e+00
2.953400e+04 -4.685346e+00
2.953500e+04 -4.733016e+00
2.953600e+04 -4.749526e+00
2.953700e+04 -4.681385e+00
2.953800e+04 -4.583622e+00
2.953900e+04 -4.449911e+00
2.954000e+04 -4.348053e+00
2.954100e+04 -4.272227e+00
2.954200e+04 -4.221259e+00
2.954300e+04 -4.127663e+00
2.954400e+04 -3.921659e+00
2.954500e+04 -3.493326e+00
2.954600e+04 -2.765367e+00
2.954700e+04 -1.739063e+00
2.954800e+04 -4.618555e-01
2.954900e+04 9.020234e-01
2.955000e+04 2.173581e+00
2.955100e+04 3.106706e+00
2.955200e+04 3.558903e+00
2.955300e+04 3.390732e+00
2.955400e+04 2.658649e+00
2.955500e+04 1.425697e+00
2.955600e+04 -5.206901e-02
2.955700e+04 -1.587616e+00
2.955800e+04 -2.862644e+00
2.955900e+04 -3.746615e+00
2.956000e+04 -4.015763e+00
2.956100e+04 -3.702705e+00
2.956200e+04 -2.773380e+00
2.956300e+04 -1.451907e+00
2.956400e+04 1.616935e-01
2.956500e+04 1.722692e+00
2.956600e+04 3.093592e+00
2.956700e+04 3.955506e+00
2.956800e+04 4.294220e+00
2.956900e+04 3.960336e+00
2.957000e+04 3.150876e+00
2.957100e+04 1.901118e+00
2.957200e+04 5.536317e-01
2.957300e+04 -8.169520e-01
2.957400e+04 -1.900665e+00
2.957500e+04 -2.757448e+00
2.957600e+04 -3.240305e+00
2.957700e+04 -3.553771e+00
2.957800e+04 -3.641357e+00
2.957900e+04 -3.752364e+00
2.958000e+04 -3.777359e+00
2.958100e+04 -3.887585e+00
2.958200e+04 -3.896376e+00
2.958300e+04 -3.942894e+00
2.958400e+04 -3.840051e+00
2.958500e+04 -3.782915e+00
2.958600e+04 -3.643142e+00
2.958700e+04 -3.654129e+00
2.958800e+04 -3.666949e+00
2.958900e+04 -3.856746e+00
2.959000e+04 -3.977734e+00
2.959100e+04 -4.095337e+00
2.959200e+04 -3.888803e+00
2.959300e+04 -3.448933e+00
2.959400e+04 -2.526736e+00
2.959500e+04 -1.349992e+00
2.959600e+04 1.415842e-01
2.959700e+04 1.552438e+00
2.959800e+04 2.842149e+00
2.959900e+04 3.610899e+00
2.960000e+04 3.906573e+00
2.960100e+04 3.490083e+00
2.960200e+04 2.618449e+00
2.960300e+04 1.285130e+00
2.960400e+04 -1.131131e-01
2.960500e+04 -1.524431e+00
2.960600e+04 -2.579530e+00
2.960700e+04 -3.368423e+00
2.960800e+04 -3.681243e+00
2.960900e+04 -3.808277e+00
2.961000e+04 -3.679076e+00
2.961100e+04 -3.626138e+00
2.961200e+04 -3.530852e+00
2.961300e+04 -3.634928e+00
2.961400e+04 -3.690752e+00
2.961500e+04 -3.845907e+00
2.961600e+04 -3.812070e+00
2.961700e+04 -3.800543e+00
2.961800e+04 -3.608764e+00
2.961900e+04 -3.532424e+00
2.962000e+04 -3.417135e+00
2.962100e+04 -3.532876e+00
2.962200e+04 -3.615362e+00
2.962300e+04 -3.808902e+00
2.962400e+04 -3.711432e+00
2.962500e+04 -3.424215e+00
2.962600e+04 -2.622545e+00
2.962700e+04 -1.554720e+00
2.962800e+04 -7.958524e-02
2.962900e+04 1.354238e+00
2.963000e+04 2.797554e+00
2.963100e+04 3.812513e+00
2.963200e+04 4.554596e+00
2.963300e+04 4.785847e+00
2.963400e+04 4.860811e+00
2.963500e+04 4.651289e+00
2.963600e+04 4.559038e+00
2.963700e+04 4.402669e+00
2.963800e+04 4.437222e+00
2.963900e+04 4.314735e+00
2.964000e+04 4.189672e+00
2.964100e+04 3.664123e+00
2.964200e+04 2.920426e+00
2.964300e+04 1.704106e+00
2.964400e+04 3.813126e-01
2.964500e+04 -1.139212e+00
2.964600e+04 -2.358021e+00
2.964700e+04 -3.330049e+00
2.964800e+04 -3.617631e+00
2.964900e+04 -3.413353e+00
2.965000e+04 -2.497420e+00
2.965100e+04 -1.288625e+00
2.965200e+04 2.608445e-01
2.965300e+04 1.634688e+00
2.965400e+04 2.890155e+00
2.965500e+04 3.638529e+00
2.965600e+04 4.108132e+00
2.965700e+04 4.106029e+00
2.965800e+04 4.036937e+00
2.965900e+04 3.779978e+00
2.966000e+04 3.706988e+00
2.966100e+04 3.614706e+00
2.966200e+04 3.740544e+00
2.966300e+04 3.782427e+00
2.966400e+04 3.937523e+00
2.966500e+04 3.904611e+00
2.966600e+04 3.949753e+00
2.966700e+04 3.873262e+00
2.966800e+04 3.966344e+00
2.966900e+04 4.005735e+00
2.967000e+04 4.193882e+00
2.967100e+04 4.204288e+00
2.967200e+04 4.145545e+00
2.967300e+04 3.650484e+00
2.967400e+04 2.891092e+00
2.967500e+04 1.663472e+00
2.967600e+04 3.098161e-01
2.967700e+04 -1.206721e+00
2.967800e+04 -2.467239e+00
2.967900e+04 -3.522180e+00
2.968000e+04 -4.073674e+00
2.968100e+04 -4.365838e+00
2.968200e+04 -4.294407e+00
2.968300e+04 -4.205034e+00
2.968400e+04 -4.031591e+00
2.968500e+04 -4.043163e+00
2.968600e+04 -4.023912e+00
2.968700e+04 -4.075079e+00
2.968800e+04 -3.877181e+00
2.968900e+04 -3.494784e+00
2.969000e+04 -2.683655e+00
2.969100e+04 -1.642938e+00
2.969200e+04 -3.064098e-01
2.969300e+04 9.932801e-01
2.969400e+04 2.246825e+00
2.969500e+04 3.151605e+00
2.969600e+04 3.796304e+00
2.969700e+04 4.041780e+00
2.969800e+04 4.123065e+00
2.969900e+04 4.012112e+00
2.970000e+04 3.964686e+00
2.970100e+04 3.901656e+00
2.970200e+04 3.946383e+00
2.970300e+04 3.898374e+00
2.970400e+04 3.759257e+00
2.970500e+04 3.284933e+00
2.970600e+04 2.530497e+00
2.970700e+04 1.389588e+00
2.970800e+04 6.646168e-02
2.970900e+04 -1.364655e+00
2.971000e+04 -2.581760e+00
2.971100e+04 -3.468858e+00
2.971200e+04 -3.771502e+00
2.971300e+04 -3.502994e+00
2.971400e+04 -2.612422e+00
2.971500e+04 -1.312847e+00
2.971600e+04 2.617921e-01
2.971700e+04 1.792508e+00
2.971800e+04 3.107747e+00
2.971900e+04 3.940434e+00
2.972000e+04 4.214999e+00
2.972100e+04 3.845452e+00
2.972200e+04 2.933009e+00
2.972300e+04 1.559028e+00
2.972400e+04 -3.342485e-02
2.972500e+04 -1.645507e+00
2.972600e+04 -3.014656e+00
2.972700e+04 -3.969340e+00
2.972800e+04 -4.334096e+00
2.972900e+04 -4.087941e+00
2.973000e+04 -3.260022e+00
2.973100e+04 -1.994932e+00
2.973200e+04 -4.824691e-01
2.973300e+04 1.037320e+00
2.973400e+04 2.364468e+00
2.973500e+04 3.355548e+00
2.973600e+04 3.937408e+00
2.973700e+04 4.146409e+00
2.973800e+04 4.085626e+00
2.973900e+04 3.904843e+00
2.974000e+04 3.720036e+00
2.974100e+04 3.633115e+00
2.974200e+04 3.630651e+00
2.974300e+04 3.671422e+00
2.974400e+04 3.585707e+00
2.974500e+04 3.268654e+00
2.974600e+04 2.596171e+00
2.974700e+04 1.577136e+00
2.974800e+04 2.545717e-01
2.974900e+04 -1.149904e+00
2.975000e+04 -2.447570e+00
2.975100e+04 -3.358309e+00
2.975200e+04 -3.758526e+00
2.975300e+04 -3.523130e+00
2.975400e+04 -2.751426e+00
2.975500e+04 -1.539744e+00
2.975600e+04 -1.576746e-01
2.975700e+04 1.232480e+00
2.975800e+04 2.390855e+00
2.975900e+04 3.272623e+00
2.976000e+04 3.813132e+00
2.976100e+04 4.100175e+00
2.976200e+04 4.212583e+00
2.976300e+04 4.250526e+00
2.976400e+04 4.286488e+00
2.976500e+04 4.361049e+00
2.976600e+04 4.476670e+00
2.976700e+04 4.612463e+00
2.976800e+04 4.740299e+00
2.976900e+04 4.857732e+00
2.977000e+04 4.942590e+00
2.977100e+04 4.998875e+00
2.977200e+04 5.015553e+00
2.977300e+04 4.989035e+00
2.977400e+04 4.893106e+00
2.977500e+04 4.740042e+00
2.977600e+04 4.510906e+00
2.977700e+04 4.253135e+00
2.977800e+04 4.002964e+00
2.977900e+04 3.827311e+00
2.978000e+04 3.740016e+00
2.978100e+04 3.763268e+00
2.978200e+04 3.829954e+00
2.978300e+04 3.863404e+00
2.978400e+04 3.707424e+00
2.978500e+04 3.280251e+00
2.978600e+04 2.491151e+00
2.978700e+04 1.369299e+00
2.978800e+04 -5.392551e-03
2.978900e+04 -1.417531e+00
2.979000e+04 -2.662873e+00
2.979100e+04 -3.494215e+00
2.979200e+04 -3.776035e+00
2.979300e+04 -3.397988e+00
2.979400e+04 -2.446794e+00
2.979500e+04 -1.048608e+00
2.979600e+04 5.373631e-01
2.979700e+04 2.077292e+00
2.979800e+04 3.290707e+00
2.979900e+04 4.023416e+00
2.980000e+04 4.135024e+00
2.980100e+04 3.654528e+00
2.980200e+04 2.628772e+00
2.980300e+04 1.250322e+00
2.980400e+04 -3.128254e-01
2.980500e+04 -1.793074e+00
2.980600e+04 -3.007895e+00
2.980700e+04 -3.752013e+00
2.980800e+04 -3.956558e+00
2.980900e+04 -3.558271e+00
2.981000e+04 -2.680504e+00
2.981100e+04 -1.442133e+00
2.981200e+04 -8.153193e-02
2.981300e+04 1.220284e+00
2.981400e+04 2.253197e+00
2.981500e+04 2.961417e+00
2.981600e+04 3.296653e+00
2.981700e+04 3.377758e+00
2.981800e+04 3.311785e+00
2.981900e+04 3.273726e+00
2.982000e+04 3.321640e+00
2.982100e+04 3.513932e+00
2.982200e+04 3.757550e+00
2.982300e+04 3.961140e+00
2.982400e+04 3.933467e+00
2.982500e+04 3.599013e+00
2.982600e+04 2.874733e+00
2.982700e+04 1.834020e+00
2.982800e+04 5.644194e-01
2.982900e+04 -7.297721e-01
2.983000e+04 -1.911203e+00
2.983100e+04 -2.832616e+00
2.983200e+04 -3.475318e+00
2.983300e+04 -3.819491e+00
2.983400e+04 -3.977490e+00
2.983500e+04 -4.020001e+00
2.983600e+04 -4.053665e+00
2.983700e+04 -4.097025e+00
2.983800e+04 -4.184828e+00
2.983900e+04 -4.265825e+00
2.984000e+04 -4.332861e+00
2.984100e+04 -4.338855e+00
2.984200e+04 -4.310585e+00
2.984300e+04 -4.247090e+00
2.984400e+04 -4.198070e+00
2.984500e+04 -4.165815e+00
2.984600e+04 -4.182325e+00
2.984700e+04 -4.220338e+00
2.984800e+04 -4.273872e+00
2.984900e+04 -4.316207e+00
2.985000e+04 -4.367864e+00
2.985100e+04 -4.416753e+00
2.985200e+04 -4.488228e+00
2.985300e+04 -4.556365e+00
2.985400e+04 -4.578832e+00
2.985500e+04 -4.464592e+00
2.985600e+04 -4.124210e+00
2.985700e+04 -3.451410e+00
2.985800e+04 -2.423763e+00
2.985900e+04 -1.085419e+00
2.986000e+04 4.325684e-01
2.986100e+04 1.939914e+00
2.986200e+04 3.237004e+00
2.986300e+04 4.170632e+00
2.986400e+04 4.667472e+00
2.986500e+04 4.774518e+00
2.986600e+04 4.623814e+00
2.986700e+04 4.377061e+00
2.986800e+04 4.190209e+00
2.986900e+04 4.135501e+00
2.987000e+04 4.201458e+00
2.987100e+04 4.265183e+00
2.987200e+04 4.172333e+00
2.987300e+04 3.752181e+00
2.987400e+04 2.921092e+00
2.987500e+04 1.668179e+00
2.987600e+04 1.251687e-01
2.987700e+04 -1.515067e+00
2.987800e+04 -2.984501e+00
2.987900e+04 -4.069556e+00
2.988000e+04 -4.568420e+00
2.988100e+04 -4.426931e+00
2.988200e+04 -3.670564e+00
2.988300e+04 -2.459608e+00
2.988400e+04 -9.706467e-01
2.988500e+04 5.355821e-01
2.988600e+04 1.884085e+00
2.988700e+04 2.902891e+00
2.988800e+04 3.570886e+00
2.988900e+04 3.887156e+00
2.989000e+04 3.983197e+00
2.989100e+04 3.948612e+00
2.989200e+04 3.926951e+00
2.989300e+04 3.934966e+00
2.989400e+04 4.003735e+00
2.989500e+04 4.003130e+00
2.989600e+04 3.848129e+00
2.989700e+04 3.383197e+00
2.989800e+04 2.577628e+00
2.989900e+04 1.389815e+00
2.990000e+04 -1.977754e-02
2.990100e+04 -1.511375e+00
2.990200e+04 -2.812638e+00
2.990300e+04 -3.741879e+00
2.990400e+04 -4.084328e+00
2.990500e+04 -3.842103e+00
2.990600e+04 -3.005677e+00
2.990700e+04 -1.774906e+00
2.990800e+04 -3.118945e-01
2.990900e+04 1.109748e+00
2.991000e+04 2.356736e+00
2.991100e+04 3.254869e+00
2.991200e+04 3.845757e+00
2.991300e+04 4.112269e+00
2.991400e+04 4.201237e+00
2.991500e+04 4.163700e+00
2.991600e+04 4.148089e+00
2.991700e+04 4.131499e+00
2.991800e+04 4.175697e+00
2.991900e+04 4.202439e+00
2.992000e+04 4.208378e+00
2.992100e+04 4.266188e+00
2.992200e+04 4.181182e+00
2.992300e+04 4.248925e+00
2.992400e+04 4.220030e+00
2.992500e+04 4.374900e+00
2.992600e+04 4.388752e+00
2.992700e+04 4.462932e+00
2.992800e+04 4.194227e+00
2.992900e+04 3.775515e+00
2.993000e+04 2.839932e+00
2.993100e+04 1.715860e+00
2.993200e+04 1.885886e-01
2.993300e+04 -1.240491e+00
2.993400e+04 -2.672943e+00
2.993500e+04 -3.556135e+00
2.993600e+04 -4.055420e+00
2.993700e+04 -3.739929e+00
2.993800e+04 -2.980690e+00
2.993900e+04 -1.551484e+00
2.994000e+04 -2.212429e-02
2.994100e+04 1.708358e+00
2.994200e+04 3.019245e+00
2.994300e+04 4.055986e+00
2.994400e+04 4.299042e+00
2.994500e+04 4.094213e+00
2.994600e+04 3.134349e+00
2.994700e+04 1.948788e+00
2.994800e+04 3.720703e-01
2.994900e+04 -9.906771e-01
2.995000e+04 -2.347211e+00
2.995100e+04 -3.181196e+00
2.995200e+04 -3.866549e+00
2.995300e+04 -4.059016e+00
2.995400e+04 -4.236233e+00
2.995500e+04 -4.105260e+00
2.995600e+04 -4.154018e+00
2.995700e+04 -4.021917e+00
2.995800e+04 -4.115410e+00
2.995900e+04 -4.005976e+00
2.996000e+04 -4.079092e+00
2.996100e+04 -3.925926e+00
2.996200e+04 -3.952783e+00
2.996300e+04 -3.780776e+00
2.996400e+04 -3.838244e+00
2.996500e+04 -3.730050e+00
2.996600e+04 -3.851073e+00
2.996700e+04 -3.780278e+00
2.996800e+04 -3.901697e+00
2.996900e+04 -3.805558e+00
2.997000e+04 -3.899334e+00
2.997100e+04 -3.809963e+00
2.997200e+04 -3.948055e+00
2.997300e+04 -3.913013e+00
2.997400e+04 -4.052760e+00
2.997500e+04 -3.899272e+00
2.997600e+04 -3.737316e+00
2.997700e+04 -3.099494e+00
2.997800e+04 -2.321450e+00
2.997900e+04 -1.051186e+00
2.998000e+04 2.359264e-01
2.998100e+04 1.744365e+00
2.998200e+04 2.904598e+00
2.998300e+04 3.899302e+00
2.998400e+04 4.224956e+00
2.998500e+04 4.148851e+00
2.998600e+04 3.338191e+00
2.998700e+04 2.241685e+00
2.998800e+04 6.794538e-01
2.998900e+04 -7.924427e-01
2.999000e+04 -2.280916e+00
2.999100e+04 -3.239538e+00
2.999200e+04 -3.816153e+00
2.999300e+04 -3.623073e+00
2.999400e+04 -2.989303e+00
2.999500e+04 -1.717215e+00
2.999600e+04 -3.079358e-01
2.999700e+04 1.289740e+00
2.999800e+04 2.564610e+00
2.999900e+04 3.634153e+00
3.000000e+04 4.153917e+00
3.000100e+04 4.428884e+00
3.000200e+04 4.312182e+00
3.000300e+04 4.206691e+00
3.000400e+04 3.988504e+00
3.000500e+04 3.957910e+00
3.000600e+04 3.859850e+00
3.000700e+04 3.825979e+00
3.000800e+04 3.499398e+00
3.000900e+04 2.987243e+00
3.001000e+04 2.041310e+00
3.001100e+04 8.935508e-01
3.001200e+04 -5.236465e-01
3.001300e+04 -1.851778e+00
3.001400e+04 -3.097693e+00
3.001500e+04 -3.971569e+00
3.001600e+04 -4.574936e+00
3.001700e+04 -4.779308e+00
3.001800e+04 -4.818439e+00
3.001900e+04 -4.657922e+00
3.002000e+04 -4.519616e+00
3.002100e+04 -4.346904e+00
3.002200e+04 -4.275327e+00
3.002300e+04 -4.184230e+00
3.002400e+04 -4.159672e+00
3.002500e+04 -4.108429e+00
3.002600e+04 -4.117415e+00
3.002700e+04 -4.136016e+00
3.002800e+04 -4.250936e+00
3.002900e+04 -4.388769e+00
3.003000e+04 -4.545385e+00
3.003100e+04 -4.582247e+00
3.003200e+04 -4.411053e+00
3.003300e+04 -3.892897e+00
3.003400e+04 -2.989296e+00
3.003500e+04 -1.710059e+00
3.003600e+04 -1.765005e-01
3.003700e+04 1.405879e+00
3.003800e+04 2.805976e+00
3.003900e+04 3.769379e+00
3.004000e+04 4.157449e+00
3.004100e+04 3.876090e+00
3.004200e+04 3.027879e+00
3.004300e+04 1.730304e+00
3.004400e+04 2.685701e-01
3.004500e+04 -1.186925e+00
3.004600e+04 -2.380441e+00
3.004700e+04 -3.285256e+00
3.004800e+04 -3.791265e+00
3.004900e+04 -4.051794e+00
3.005000e+04 -4.069710e+00
3.005100e+04 -4.048989e+00
3.005200e+04 -3.959095e+00
3.005300e+04 -3.962901e+00
3.005400e+04 -3.955427e+00
3.005500e+04 -4.058181e+00
3.005600e+04 -4.103451e+00
3.005700e+04 -4.224522e+00
3.005800e+04 -4.259910e+00
3.005900e+04 -4.342238e+00
3.006000e+04 -4.299352e+00
3.006100e+04 -4.286100e+00
3.006200e+04 -4.126901e+00
3.006300e+04 -4.002374e+00
3.006400e+04 -3.748003e+00
3.006500e+04 -3.594346e+00
3.006600e+04 -3.398232e+00
3.006700e+04 -3.381631e+00
3.006800e+04 -3.358578e+00
3.006900e+04 -3.518510e+00
3.007000e+04 -3.622821e+00
3.007100e+04 -3.826978e+00
3.007200e+04 -3.886308e+00
3.007300e+04 -4.020869e+00
3.007400e+04 -4.026832e+00
3.007500e+04 -4.158851e+00
3.007600e+04 -4.219163e+00
3.007700e+04 -4.422247e+00
3.007800e+04 -4.476632e+00
3.007900e+04 -4.517285e+00
3.008000e+04 -4.245099e+00
3.008100e+04 -3.620197e+00
3.008200e+04 -2.707600e+00
3.008300e+04 -1.425261e+00
3.008400e+04 -4.562140e-02
3.008500e+04 1.390031e+00
3.008600e+04 2.565514e+00
3.008700e+04 3.496760e+00
3.008800e+04 3.986875e+00
3.008900e+04 4.235275e+00
3.009000e+04 4.212147e+00
3.009100e+04 4.191298e+00
3.009200e+04 4.129209e+00
3.009300e+04 4.216450e+00
3.009400e+04 4.253415e+00
3.009500e+04 4.275405e+00
3.009600e+04 4.005414e+00
3.009700e+04 3.491052e+00
3.009800e+04 2.545061e+00
3.009900e+04 1.385728e+00
3.010000e+04 5.838633e-03
3.010100e+04 -1.259281e+00
3.010200e+04 -2.398045e+00
3.010300e+04 -3.142859e+00
3.010400e+04 -3.615298e+00
3.010500e+04 -3.730921e+00
3.010600e+04 -3.770253e+00
3.010700e+04 -3.700206e+00
3.010800e+04 -3.775703e+00
3.010900e+04 -3.863569e+00
3.011000e+04 -4.045786e+00
3.011100e+04 -4.040803e+00
3.011200e+04 -3.863864e+00
3.011300e+04 -3.232049e+00
3.011400e+04 -2.262657e+00
3.011500e+04 -8.737746e-01
3.011600e+04 6.192822e-01
3.011700e+04 2.145590e+00
3.011800e+04 3.296227e+00
3.011900e+04 4.018148e+00
3.012000e+04 4.051587e+00
3.012100e+04 3.542047e+00
3.012200e+04 2.437664e+00
3.012300e+04 1.093215e+00
3.012400e+04 -4.147692e-01
3.012500e+04 -1.721599e+00
3.012600e+04 -2.827987e+00
3.012700e+04 -3.502323e+00
3.012800e+04 -3.898592e+00
3.012900e+04 -3.959324e+00
3.013000e+04 -3.942192e+00
3.013100e+04 -3.797796e+00
3.013200e+04 -3.756757e+00
3.013300e+04 -3.698735e+00
3.013400e+04 -3.759595e+00
3.013500e+04 -3.762947e+00
3.013600e+04 -3.809139e+00
3.013700e+04 -3.742990e+00
3.013800e+04 -3.731135e+00
3.013900e+04 -3.663282e+00
3.014000e+04 -3.715155e+00
3.014100e+04 -3.764578e+00
3.014200e+04 -3.907727e+00
3.014300e+04 -3.925967e+00
3.014400e+04 -3.844578e+00
3.014500e+04 -3.399877e+00
3.014600e+04 -2.647772e+00
3.014700e+04 -1.465458e+00
3.014800e+04 -8.193076e-02
3.014900e+04 1.444945e+00
3.015000e+04 2.754315e+00
3.015100e+04 3.729532e+00
3.015200e+04 4.052875e+00
3.015300e+04 3.782273e+00
3.015400e+04 2.843493e+00
3.015500e+04 1.512304e+00
3.015600e+04 -8.903956e-02
3.015700e+04 -1.580893e+00
3.015800e+04 -2.867317e+00
3.015900e+04 -3.702970e+00
3.016000e+04 -4.180832e+00
3.016100e+04 -4.263433e+00
3.016200e+04 -4.199603e+00
3.016300e+04 -4.030005e+00
3.016400e+04 -3.977998e+00
3.016500e+04 -3.977495e+00
3.016600e+04 -4.082274e+00
3.016700e+04 -4.088063e+00
3.016800e+04 -3.957385e+00
3.016900e+04 -3.448242e+00
3.017000e+04 -2.589786e+00
3.017100e+04 -1.313443e+00
3.017200e+04 1.721399e-01
3.017300e+04 1.763872e+00
3.017400e+04 3.124330e+00
3.017500e+04 4.109343e+00
3.017600e+04 4.467383e+00
3.017700e+04 4.218460e+00
3.017800e+04 3.314361e+00
3.017900e+04 1.992805e+00
3.018000e+04 3.895791e-01
3.018100e+04 -1.177587e+00
3.018200e+04 -2.578370e+00
3.018300e+04 -3.593886e+00
3.018400e+04 -4.246956e+00
3.018500e+04 -4.489169e+00
3.018600e+04 -4.483025e+00
3.018700e+04 -4.272095e+00
3.018800e+04 -4.035884e+00
3.018900e+04 -3.789473e+00
3.019000e+04 -3.644711e+00
3.019100e+04 -3.542235e+00
3.019200e+04 -3.532120e+00
3.019300e+04 -3.525601e+00
3.019400e+04 -3.557681e+00
3.019500e+04 -3.554237e+00
3.019600e+04 -3.569788e+00
3.019700e+04 -3.555571e+00
3.019800e+04 -3.574411e+00
3.019900e+04 -3.575458e+00
3.020000e+04 -3.627920e+00
3.020100e+04 -3.686318e+00
3.020200e+04 -3.789584e+00
3.020300e+04 -3.887035e+00
3.020400e+04 -4.020736e+00
3.020500e+04 -4.128253e+00
3.020600e+04 -4.245860e+00
3.020700e+04 -4.322186e+00
3.020800e+04 -4.394614e+00
3.020900e+04 -4.419558e+00
3.021000e+04 -4.441705e+00
3.021100e+04 -4.422112e+00
3.021200e+04 -4.403965e+00
3.021300e+04 -4.358859e+00
3.021400e+04 -4.327519e+00
3.021500e+04 -4.274032e+00
3.021600e+04 -4.249991e+00
3.021700e+04 -4.224590e+00
3.021800e+04 -4.223796e+00
3.021900e+04 -4.212978e+00
3.022000e+04 -4.214274e+00
3.022100e+04 -4.177337e+00
3.022200e+04 -4.115852e+00
3.022300e+04 -4.006766e+00
3.022400e+04 -3.899916e+00
3.022500e+04 -3.786815e+00
3.022600e+04 -3.740605e+00
3.022700e+04 -3.774562e+00
3.022800e+04 -3.916024e+00
3.022900e+04 -4.108341e+00
3.023000e+04 -4.296707e+00
3.023100e+04 -4.338475e+00
3.023200e+04 -4.140784e+00
3.023300e+04 -3.569887e+00
3.023400e+04 -2.600808e+00
3.023500e+04 -1.253978e+00
3.023600e+04 3.134394e-01
3.023700e+04 1.921094e+00
3.023800e+04 3.294866e+00
3.023900e+04 4.234935e+00
3.024000e+04 4.573591e+00
3.024100e+04 4.229774e+00
3.024200e+04 3.334983e+00
3.024300e+04 1.996425e+00
3.024400e+04 5.310185e-01
3.024500e+04 -9.021888e-01
3.024600e+04 -2.034909e+00
3.024700e+04 -2.850457e+00
3.024800e+04 -3.255876e+00
3.024900e+04 -3.449966e+00
3.025000e+04 -3.471694e+00
3.025100e+04 -3.543467e+00
3.025200e+04 -3.645753e+00
3.025300e+04 -3.884317e+00
3.025400e+04 -4.058257e+00
3.025500e+04 -4.154326e+00
3.025600e+04 -3.921062e+00
3.025700e+04 -3.371120e+00
3.025800e+04 -2.370393e+00
3.025900e+04 -1.128609e+00
3.026000e+04 3.312519e-01
3.026100e+04 1.679343e+00
3.026200e+04 2.860615e+00
3.026300e+04 3.624087e+00
3.026400e+04 4.065247e+00
3.026500e+04 4.099585e+00
3.026600e+04 3.994928e+00
3.026700e+04 3.757199e+00
3.026800e+04 3.642606e+00
3.026900e+04 3.558255e+00
3.027000e+04 3.628583e+00
3.027100e+04 3.597492e+00
3.027200e+04 3.468230e+00
3.027300e+04 2.973804e+00
3.027400e+04 2.204289e+00
3.027500e+04 1.023967e+00
3.027600e+04 -2.896021e-01
3.027700e+04 -1.708893e+00
3.027800e+04 -2.889669e+00
3.027900e+04 -3.831900e+00
3.028000e+04 -4.306761e+00
3.028100e+04 -4.510905e+00
3.028200e+04 -4.400090e+00
3.028300e+04 -4.282621e+00
3.028400e+04 -4.136101e+00
3.028500e+04 -4.182513e+00
3.028600e+04 -4.230344e+00
3.028700e+04 -4.331272e+00
3.028800e+04 -4.165967e+00
3.028900e+04 -3.746846e+00
3.029000e+04 -2.858548e+00
3.029100e+04 -1.698100e+00
3.029200e+04 -2.469082e-01
3.029300e+04 1.140481e+00
3.029400e+04 2.417645e+00
3.029500e+04 3.278885e+00
3.029600e+04 3.838780e+00
3.029700e+04 4.016743e+00
3.029800e+04 4.082209e+00
3.029900e+04 4.032094e+00
3.030000e+04 4.121610e+00
3.030100e+04 4.216747e+00
3.030200e+04 4.385835e+00
3.030300e+04 4.350170e+00
3.030400e+04 4.107025e+00
3.030500e+04 3.421669e+00
3.030600e+04 2.423926e+00
3.030700e+04 1.072950e+00
3.030800e+04 -3.319569e-01
3.030900e+04 -1.729661e+00
3.031000e+04 -2.828665e+00
3.031100e+04 -3.661614e+00
3.031200e+04 -4.099236e+00
3.031300e+04 -4.321879e+00
3.031400e+04 -4.311502e+00
3.031500e+04 -4.281846e+00
3.031600e+04 -4.187914e+00
3.031700e+04 -4.167915e+00
3.031800e+04 -4.110764e+00
3.031900e+04 -4.098235e+00
3.032000e+04 -4.031302e+00
3.032100e+04 -4.022336e+00
3.032200e+04 -4.001735e+00
3.032300e+04 -4.086199e+00
3.032400e+04 -4.189766e+00
3.032500e+04 -4.347693e+00
3.032600e+04 -4.393733e+00
3.032700e+04 -4.292207e+00
3.032800e+04 -3.864005e+00
3.032900e+04 -3.113445e+00
3.033000e+04 -1.982308e+00
3.033100e+04 -6.143663e-01
3.033200e+04 8.935364e-01
3.033300e+04 2.297351e+00
3.033400e+04 3.443220e+00
3.033500e+04 4.117208e+00
3.033600e+04 4.262352e+00
3.033700e+04 3.819222e+00
3.033800e+04 2.873409e+00
3.033900e+04 1.535654e+00
3.034000e+04 1.860809e-02
3.034100e+04 -1.481130e+00
3.034200e+04 -2.734149e+00
3.034300e+04 -3.572409e+00
3.034400e+04 -3.876444e+00
3.034500e+04 -3.612206e+00
3.034600e+04 -2.836265e+00
3.034700e+04 -1.674989e+00
3.034800e+04 -3.234165e-01
3.034900e+04 1.035199e+00
3.035000e+04 2.205509e+00
3.035100e+04 3.107051e+00
3.035200e+04 3.680773e+00
3.035300e+04 3.990117e+00
3.035400e+04 4.092219e+00
3.035500e+04 4.131405e+00
3.035600e+04 4.139414e+00
3.035700e+04 4.205873e+00
3.035800e+04 4.268532e+00
3.035900e+04 4.355502e+00
3.036000e+04 4.373890e+00
3.036100e+04 4.366432e+00
3.036200e+04 4.278899e+00
3.036300e+04 4.226017e+00
3.036400e+04 4.166103e+00
3.036500e+04 4.188539e+00
3.036600e+04 4.171433e+00
3.036700e+04 4.128368e+00
3.036800e+04 3.858243e+00
3.036900e+04 3.355431e+00
3.037000e+04 2.474943e+00
3.037100e+04 1.347122e+00
3.037200e+04 -4.001260e-02
3.037300e+04 -1.415315e+00
3.037400e+04 -2.717241e+00
3.037500e+04 -3.681863e+00
3.037600e+04 -4.349246e+00
3.037700e+04 -4.589990e+00
3.037800e+04 -4.599930e+00
3.037900e+04 -4.357999e+00
3.038000e+04 -4.119405e+00
3.038100e+04 -3.839042e+00
3.038200e+04 -3.712434e+00
3.038300e+04 -3.603102e+00
3.038400e+04 -3.639361e+00
3.038500e+04 -3.640031e+00
3.038600e+04 -3.730929e+00
3.038700e+04 -3.741776e+00
3.038800e+04 -3.823502e+00
3.038900e+04 -3.806749e+00
3.039000e+04 -3.822577e+00
3.039100e+04 -3.639141e+00
3.039200e+04 -3.356734e+00
3.039300e+04 -2.740012e+00
3.039400e+04 -1.904469e+00
3.039500e+04 -6.928413e-01
3.039600e+04 6.277362e-01
3.039700e+04 2.082390e+00
3.039800e+04 3.287843e+00
3.039900e+04 4.212947e+00
3.040000e+04 4.532166e+00
3.040100e+04 4.266908e+00
3.040200e+04 3.395959e+00
3.040300e+04 2.091657e+00
3.040400e+04 5.338371e-01
3.040500e+04 -9.887283e-01
3.040600e+04 -2.302175e+00
3.040700e+04 -3.222809e+00
3.040800e+04 -3.771160e+00
3.040900e+04 -3.958612e+00
3.041000e+04 -3.981952e+00
3.041100e+04 -3.926875e+00
3.041200e+04 -3.963622e+00
3.041300e+04 -4.046045e+00
3.041400e+04 -4.191552e+00
3.041500e+04 -4.191361e+00
3.041600e+04 -3.982282e+00
3.041700e+04 -3.387270e+00
3.041800e+04 -2.468129e+00
3.041900e+04 -1.205250e+00
3.042000e+04 1.526205e-01
3.042100e+04 1.516492e+00
3.042200e+04 2.620608e+00
3.042300e+04 3.463144e+00
3.042400e+04 3.922737e+00
3.042500e+04 4.166420e+00
3.042600e+04 4.189787e+00
3.042700e+04 4.218306e+00
3.042800e+04 4.218013e+00
3.042900e+04 4.331572e+00
3.043000e+04 4.424542e+00
3.043100e+04 4.574064e+00
3.043200e+04 4.597225e+00
3.043300e+04 4.597034e+00
3.043400e+04 4.455773e+00
3.043500e+04 4.328376e+00
3.043600e+04 4.121006e+00
3.043700e+04 4.006738e+00
3.043800e+04 3.868428e+00
3.043900e+04 3.830498e+00
3.044000e+04 3.743204e+00
3.044100e+04 3.746383e+00
3.044200e+04 3.694540e+00
3.044300e+04 3.738218e+00
3.044400e+04 3.755670e+00
3.044500e+04 3.886305e+00
3.044600e+04 3.938902e+00
3.044700e+04 3.980465e+00
3.044800e+04 3.762738e+00
3.044900e+04 3.327731e+00
3.045000e+04 2.458995e+00
3.045100e+04 1.324153e+00
3.045200e+04 -1.239927e-01
3.045300e+04 -1.553041e+00
3.045400e+04 -2.879067e+00
3.045500e+04 -3.725095e+00
3.045600e+04 -4.075480e+00
3.045700e+04 -3.714622e+00
3.045800e+04 -2.848584e+00
3.045900e+04 -1.490328e+00
3.046000e+04 -1.600957e-02
3.046100e+04 1.487922e+00
3.046200e+04 2.681030e+00
3.046300e+04 3.602093e+00
3.046400e+04 4.084185e+00
3.046500e+04 4.334862e+00
3.046600e+04 4.309022e+00
3.046700e+04 4.256800e+00
3.046800e+04 4.114929e+00
3.046900e+04 4.068297e+00
3.047000e+04 3.983668e+00
3.047100e+04 3.979020e+00
3.047200e+04 3.897853e+00
3.047300e+04 3.881939e+00
3.047400e+04 3.798999e+00
3.047500e+04 3.796665e+00
3.047600e+04 3.767653e+00
3.047700e+04 3.840882e+00
3.047800e+04 3.880317e+00
3.047900e+04 3.993821e+00
3.048000e+04 4.040165e+00
3.048100e+04 4.124956e+00
3.048200e+04 4.133217e+00
3.048300e+04 4.188599e+00
3.048400e+04 4.188975e+00
3.048500e+04 4.253054e+00
3.048600e+04 4.274242e+00
3.048700e+04 4.338096e+00
3.048800e+04 4.335223e+00
3.048900e+04 4.366030e+00
3.049000e+04 4.326231e+00
3.049100e+04 4.314271e+00
3.049200e+04 4.251543e+00
3.049300e+04 4.224029e+00
3.049400e+04 4.139675e+00
3.049500e+04 4.084796e+00
3.049600e+04 3.990155e+00
3.049700e+04 3.943032e+00
3.049800e+04 3.905292e+00
3.049900e+04 3.979529e+00
3.050000e+04 4.100891e+00
3.050100e+04 4.300538e+00
3.050200e+04 4.445138e+00
3.050300e+04 4.468304e+00
3.050400e+04 4.207182e+00
3.050500e+04 3.626783e+00
3.050600e+04 2.657974e+00
3.050700e+04 1.407229e+00
3.050800e+04 -1.656032e-02
3.050900e+04 -1.401108e+00
3.051000e+04 -2.604306e+00
3.051100e+04 -3.485117e+00
3.051200e+04 -4.015489e+00
3.051300e+04 -4.220085e+00
3.051400e+04 -4.213866e+00
3.051500e+04 -4.100834e+00
3.051600e+04 -3.987061e+00
3.051700e+04 -3.938313e+00
3.051800e+04 -3.966417e+00
3.051900e+04 -4.055319e+00
3.052000e+04 -4.165195e+00
3.052100e+04 -4.281189e+00
3.052200e+04 -4.357655e+00
3.052300e+04 -4.409585e+00
3.052400e+04 -4.416105e+00
3.052500e+04 -4.401152e+00
3.052600e+04 -4.336522e+00
3.052700e+04 -4.275567e+00
3.052800e+04 -4.178433e+00
3.052900e+04 -4.112557e+00
3.053000e+04 -4.062273e+00
3.053100e+04 -4.091399e+00
3.053200e+04 -4.134914e+00
3.053300e+04 -4.234182e+00
3.053400e+04 -4.291845e+00
3.053500e+04 -4.333697e+00
3.053600e+04 -4.266158e+00
3.053700e+04 -4.187477e+00
3.053800e+04 -4.056818e+00
3.053900e+04 -4.001453e+00
3.054000e+04 -3.976410e+00
3.054100e+04 -4.060186e+00
3.054200e+04 -4.094495e+00
3.054300e+04 -4.067902e+00
3.054400e+04 -3.761905e+00
3.054500e+04 -3.192055e+00
3.054600e+04 -2.231348e+00
3.054700e+04 -1.056261e+00
3.054800e+04 3.052185e-01
3.054900e+04 1.561018e+00
3.055000e+04 2.663724e+00
3.055100e+04 3.384050e+00
3.055200e+04 3.819222e+00
3.055300e+04 3.898673e+00
3.055400e+04 3.857812e+00
3.055500e+04 3.685356e+00
3.055600e+04 3.611623e+00
3.055700e+04 3.549231e+00
3.055800e+04 3.640412e+00
3.055900e+04 3.714495e+00
3.056000e+04 3.869546e+00
3.056100e+04 3.986485e+00
3.056200e+04 4.120899e+00
3.056300e+04 4.225678e+00
3.056400e+04 4.359232e+00
3.056500e+04 4.453483e+00
3.056600e+04 4.545040e+00
3.056700e+04 4.543192e+00
3.056800e+04 4.505575e+00
3.056900e+04 4.383365e+00
3.057000e+04 4.292414e+00
3.057100e+04 4.218958e+00
3.057200e+04 4.276494e+00
3.057300e+04 4.377987e+00
3.057400e+04 4.529342e+00
3.057500e+04 4.522848e+00
3.057600e+04 4.295413e+00
3.057700e+04 3.646541e+00
3.057800e+04 2.629129e+00
3.057900e+04 1.222902e+00
3.058000e+04 -3.164222e-01
3.058100e+04 -1.857963e+00
3.058200e+04 -3.089897e+00
3.058300e+04 -3.960587e+00
3.058400e+04 -4.331399e+00
3.058500e+04 -4.380644e+00
3.058600e+04 -4.165287e+00
3.058700e+04 -3.971390e+00
3.058800e+04 -3.833411e+00
3.058900e+04 -3.906934e+00
3.059000e+04 -4.015569e+00
3.059100e+04 -4.129785e+00
3.059200e+04 -3.976920e+00
3.059300e+04 -3.522818e+00
3.059400e+04 -2.607856e+00
3.059500e+04 -1.418181e+00
3.059600e+04 4.938960e-03
3.059700e+04 1.341464e+00
3.059800e+04 2.508368e+00
3.059900e+04 3.263493e+00
3.060000e+04 3.699903e+00
3.060100e+04 3.773796e+00
3.060200e+04 3.741249e+00
3.060300e+04 3.636692e+00
3.060400e+04 3.684110e+00
3.060500e+04 3.786460e+00
3.060600e+04 3.995843e+00
3.060700e+04 4.059148e+00
3.060800e+04 3.935622e+00
3.060900e+04 3.388051e+00
3.061000e+04 2.496318e+00
3.061100e+04 1.208753e+00
3.061200e+04 -2.033549e-01
3.061300e+04 -1.645763e+00
3.061400e+04 -2.808369e+00
3.061500e+04 -3.674138e+00
3.061600e+04 -4.082128e+00
3.061700e+04 -4.208704e+00
3.061800e+04 -4.090787e+00
3.061900e+04 -3.995281e+00
3.062000e+04 -3.938140e+00
3.062100e+04 -4.087559e+00
3.062200e+04 -4.284259e+00
3.062300e+04 -4.499084e+00
3.062400e+04 -4.470688e+00
3.062500e+04 -4.145534e+00
3.062600e+04 -3.327941e+00
3.062700e+04 -2.146650e+00
3.062800e+04 -6.326003e-01
3.062900e+04 9.033773e-01
3.063000e+04 2.310732e+00
3.063100e+04 3.269239e+00
3.063200e+04 3.699351e+00
3.063300e+04 3.454556e+00
3.063400e+04 2.680704e+00
3.063500e+04 1.431955e+00
3.063600e+04 3.423214e-03
3.063700e+04 -1.443051e+00
3.063800e+04 -2.603901e+00
3.063900e+04 -3.380192e+00
3.064000e+04 -3.583288e+00
3.064100e+04 -3.255872e+00
3.064200e+04 -2.399202e+00
3.064300e+04 -1.212605e+00
3.064400e+04 1.826296e-01
3.064500e+04 1.525208e+00
3.064600e+04 2.691165e+00
3.064700e+04 3.494214e+00
3.064800e+04 3.957963e+00
3.064900e+04 4.075481e+00
3.065000e+04 3.991218e+00
3.065100e+04 3.800757e+00
3.065200e+04 3.665134e+00
3.065300e+04 3.607334e+00
3.065400e+04 3.643218e+00
3.065500e+04 3.645125e+00
3.065600e+04 3.518478e+00
3.065700e+04 3.111107e+00
3.065800e+04 2.360736e+00
3.065900e+04 1.264150e+00
3.066000e+04 -5.681300e-02
3.066100e+04 -1.451033e+00
3.066200e+04 -2.719651e+00
3.066300e+04 -3.715937e+00
3.066400e+04 -4.354602e+00
3.066500e+04 -4.652133e+00
3.066600e+04 -4.704354e+00
3.066700e+04 -4.635847e+00
3.066800e+04 -4.573416e+00
3.066900e+04 -4.565516e+00
3.067000e+04 -4.606532e+00
3.067100e+04 -4.583076e+00
3.067200e+04 -4.385293e+00
3.067300e+04 -3.862573e+00
3.067400e+04 -2.971650e+00
3.067500e+04 -1.701013e+00
3.067600e+04 -1.991552e-01
3.067700e+04 1.377426e+00
3.067800e+04 2.757634e+00
3.067900e+04 3.770330e+00
3.068000e+04 4.197071e+00
3.068100e+04 4.005131e+00
3.068200e+04 3.174314e+00
3.068300e+04 1.883366e+00
3.068400e+04 2.756397e-01
3.068500e+04 -1.331046e+00
3.068600e+04 -2.752985e+00
3.068700e+04 -3.691010e+00
3.068800e+04 -4.057463e+00
3.068900e+04 -3.730989e+00
3.069000e+04 -2.831593e+00
3.069100e+04 -1.413584e+00
3.069200e+04 2.191617e-01
3.069300e+04 1.894876e+00
3.069400e+04 3.266407e+00
3.069500e+04 4.218297e+00
3.069600e+04 4.520442e+00
3.069700e+04 4.213463e+00
3.069800e+04 3.250774e+00
3.069900e+04 1.880055e+00
3.070000e+04 2.005548e-01
3.070100e+04 -1.430344e+00
3.070200e+04 -2.863056e+00
3.070300e+04 -3.780635e+00
3.070400e+04 -4.156071e+00
3.070500e+04 -3.819747e+00
3.070600e+04 -2.960417e+00
3.070700e+04 -1.627412e+00
3.070800e+04 -1.550938e-01
3.070900e+04 1.338330e+00
3.071000e+04 2.526371e+00
3.071100e+04 3.422917e+00
3.071200e+04 3.861780e+00
3.071300e+04 4.025626e+00
3.071400e+04 3.914630e+00
3.071500e+04 3.791783e+00
3.071600e+04 3.626504e+00
3.071700e+04 3.619996e+00
3.071800e+04 3.629990e+00
3.071900e+04 3.750598e+00
3.072000e+04 3.835144e+00
3.072100e+04 3.824084e+00
3.072200e+04 3.807549e+00
3.072300e+04 3.653638e+00
3.072400e+04 3.549598e+00
3.072500e+04 3.371297e+00
3.072600e+04 3.313511e+00
3.072700e+04 3.213611e+00
3.072800e+04 3.243949e+00
3.072900e+04 3.237224e+00
3.073000e+04 3.357174e+00
3.073100e+04 3.428643e+00
3.073200e+04 3.632890e+00
3.073300e+04 3.761434e+00
3.073400e+04 3.950034e+00
3.073500e+04 3.918033e+00
3.073600e+04 3.746924e+00
3.073700e+04 3.157356e+00
3.073800e+04 2.292792e+00
3.073900e+04 9.800981e-01
3.074000e+04 -4.598090e-01
3.074100e+04 -2.031067e+00
3.074200e+04 -3.291414e+00
3.074300e+04 -4.214693e+00
3.074400e+04 -4.431483e+00
3.074500e+04 -4.094440e+00
3.074600e+04 -3.056747e+00
3.074700e+04 -1.704048e+00
3.074800e+04 -6.317943e-02
3.074900e+04 1.395988e+00
3.075000e+04 2.682243e+00
3.075100e+04 3.471107e+00
3.075200e+04 3.978623e+00
3.075300e+04 4.063495e+00
3.075400e+04 4.101637e+00
3.075500e+04 4.021441e+00
3.075600e+04 4.137858e+00
3.075700e+04 4.245464e+00
3.075800e+04 4.496381e+00
3.075900e+04 4.528711e+00
3.076000e+04 4.420118e+00
3.076100e+04 3.830018e+00
3.076200e+04 2.951594e+00
3.076300e+04 1.624488e+00
3.076400e+04 2.240737e-01
3.076500e+04 -1.282768e+00
3.076600e+04 -2.479465e+00
3.076700e+04 -3.471094e+00
3.076800e+04 -3.981555e+00
3.076900e+04 -4.270356e+00
3.077000e+04 -4.213381e+00
3.077100e+04 -4.154981e+00
3.077200e+04 -3.961840e+00
3.077300e+04 -3.907766e+00
3.077400e+04 -3.776279e+00
3.077500e+04 -3.773340e+00
3.077600e+04 -3.644283e+00
3.077700e+04 -3.608893e+00
3.077800e+04 -3.482167e+00
3.077900e+04 -3.519777e+00
3.078000e+04 -3.531928e+00
3.078100e+04 -3.730089e+00
3.078200e+04 -3.835682e+00
3.078300e+04 -3.965170e+00
3.078400e+04 -3.779835e+00
3.078500e+04 -3.387930e+00
3.078600e+04 -2.549443e+00
3.078700e+04 -1.515778e+00
3.078800e+04 -1.950245e-01
3.078900e+04 1.047647e+00
3.079000e+04 2.256728e+00
3.079100e+04 3.106138e+00
3.079200e+04 3.740520e+00
3.079300e+04 3.989839e+00
3.079400e+04 4.116711e+00
3.079500e+04 4.021184e+00
3.079600e+04 3.984865e+00
3.079700e+04 3.877074e+00
3.079800e+04 3.897911e+00
3.079900e+04 3.872644e+00
3.080000e+04 3.958907e+00
3.080100e+04 3.948820e+00
3.080200e+04 4.008287e+00
3.080300e+04 3.964007e+00
3.080400e+04 3.968534e+00
3.080500e+04 3.855808e+00
3.080600e+04 3.787203e+00
3.080700e+04 3.610345e+00
3.080800e+04 3.499379e+00
3.080900e+04 3.339009e+00
3.081000e+04 3.315328e+00
3.081100e+04 3.314763e+00
3.081200e+04 3.486425e+00
3.081300e+04 3.653917e+00
3.081400e+04 3.877593e+00
3.081500e+04 3.923262e+00
3.081600e+04 3.792589e+00
3.081700e+04 3.273448e+00
3.081800e+04 2.458127e+00
3.081900e+04 1.263348e+00
3.082000e+04 -8.365522e-02
3.082100e+04 -1.512965e+00
3.082200e+04 -2.714349e+00
3.082300e+04 -3.585425e+00
3.082400e+04 -3.881483e+00
3.082500e+04 -3.630945e+00
3.082600e+04 -2.756763e+00
3.082700e+04 -1.467104e+00
3.082800e+04 1.195303e-01
3.082900e+04 1.676407e+00
3.083000e+04 3.020463e+00
3.083100e+04 3.870311e+00
3.083200e+04 4.158347e+00
3.083300e+04 3.775289e+00
3.083400e+04 2.869259e+00
3.083500e+04 1.550634e+00
3.083600e+04 8.777285e-02
3.083700e+04 -1.355278e+00
3.083800e+04 -2.547735e+00
3.083900e+04 -3.433239e+00
3.084000e+04 -3.969119e+00
3.084100e+04 -4.244361e+00
3.084200e+04 -4.317213e+00
3.084300e+04 -4.329456e+00
3.084400e+04 -4.327034e+00
3.084500e+04 -4.357752e+00
3.084600e+04 -4.386984e+00
3.084700e+04 -4.408687e+00
3.084800e+04 -4.394238e+00
3.084900e+04 -4.342083e+00
3.085000e+04 -4.276994e+00
3.085100e+04 -4.251408e+00
3.085200e+04 -4.287434e+00
3.085300e+04 -4.379334e+00
3.085400e+04 -4.474278e+00
3.085500e+04 -4.454419e+00
3.085600e+04 -4.216767e+00
3.085700e+04 -3.640791e+00
3.085800e+04 -2.687373e+00
3.085900e+04 -1.375342e+00
3.086000e+04 1.456730e-01
3.086100e+04 1.705939e+00
3.086200e+04 3.048851e+00
3.086300e+04 3.987580e+00
3.086400e+04 4.324893e+00
3.086500e+04 4.035678e+00
3.086600e+04 3.121779e+00
3.086700e+04 1.756742e+00
3.086800e+04 1.139560e-01
3.086900e+04 -1.506481e+00
3.087000e+04 -2.900312e+00
3.087100e+04 -3.805742e+00
3.087200e+04 -4.135174e+00
3.087300e+04 -3.793491e+00
3.087400e+04 -2.899246e+00
3.087500e+04 -1.547258e+00
3.087600e+04 -1.223916e-02
3.087700e+04 1.525712e+00
3.087800e+04 2.796090e+00
3.087900e+04 3.722516e+00
3.088000e+04 4.206882e+00
3.088100e+04 4.340303e+00
3.088200e+04 4.231671e+00
3.088300e+04 4.057914e+00
3.088400e+04 3.936277e+00
3.088500e+04 3.959281e+00
3.088600e+04 4.081795e+00
3.088700e+04 4.226552e+00
3.088800e+04 4.209743e+00
3.088900e+04 3.904205e+00
3.089000e+04 3.176001e+00
3.089100e+04 2.054846e+00
3.089200e+04 6.080391e-01
3.089300e+04 -9.257007e-01
3.089400e+04 -2.327051e+00
3.089500e+04 -3.306010e+00
3.089600e+04 -3.720741e+00
3.089700e+04 -3.443175e+00
3.089800e+04 -2.566972e+00
3.089900e+04 -1.204078e+00
3.090000e+04 3.593442e-01
3.090100e+04 1.920714e+00
3.090200e+04 3.199582e+00
3.090300e+04 4.105522e+00
3.090400e+04 4.562686e+00
3.090500e+04 4.694761e+00
3.090600e+04 4.573341e+00
3.090700e+04 4.429775e+00
3.090800e+04 4.329568e+00
3.090900e+04 4.391316e+00
3.091000e+04 4.510767e+00
3.091100e+04 4.623657e+00
3.091200e+04 4.510054e+00
3.091300e+04 4.099780e+00
3.091400e+04 3.235245e+00
3.091500e+04 2.019513e+00
3.091600e+04 5.198481e-01
3.091700e+04 -9.883657e-01
3.091800e+04 -2.367928e+00
3.091900e+04 -3.380090e+00
3.092000e+04 -4.018934e+00
3.092100e+04 -4.249344e+00
3.092200e+04 -4.279431e+00
3.092300e+04 -4.176094e+00
3.092400e+04 -4.141355e+00
3.092500e+04 -4.150028e+00
3.092600e+04 -4.228764e+00
3.092700e+04 -4.175599e+00
3.092800e+04 -3.939264e+00
3.092900e+04 -3.328193e+00
3.093000e+04 -2.398160e+00
3.093100e+04 -1.154604e+00
3.093200e+04 1.647439e-01
3.093300e+04 1.454074e+00
3.093400e+04 2.460505e+00
3.093500e+04 3.180471e+00
3.093600e+04 3.535468e+00
3.093700e+04 3.677983e+00
3.093800e+04 3.651011e+00
3.093900e+04 3.656901e+00
3.094000e+04 3.679162e+00
3.094100e+04 3.809061e+00
3.094200e+04 3.927345e+00
3.094300e+04 4.053872e+00
3.094400e+04 4.068727e+00
3.094500e+04 4.045082e+00
3.094600e+04 3.938549e+00
3.094700e+04 3.884908e+00
3.094800e+04 3.854784e+00
3.094900e+04 3.934260e+00
3.095000e+04 3.991502e+00
3.095100e+04 4.005311e+00
3.095200e+04 3.791321e+00
3.095300e+04 3.313101e+00
3.095400e+04 2.454612e+00
3.095500e+04 1.334471e+00
3.095600e+04 -7.939130e-03
3.095700e+04 -1.344871e+00
3.095800e+04 -2.580619e+00
3.095900e+04 -3.506528e+00
3.096000e+04 -4.125739e+00
3.096100e+04 -4.394834e+00
3.096200e+04 -4.439131e+00
3.096300e+04 -4.293543e+00
3.096400e+04 -4.124408e+00
3.096500e+04 -3.936876e+00
3.096600e+04 -3.819441e+00
3.096700e+04 -3.713373e+00
3.096800e+04 -3.658116e+00
3.096900e+04 -3.595567e+00
3.097000e+04 -3.581835e+00
3.097100e+04 -3.585704e+00
3.097200e+04 -3.669678e+00
3.097300e+04 -3.770094e+00
3.097400e+04 -3.873048e+00
3.097500e+04 -3.845498e+00
3.097600e+04 -3.624994e+00
3.097700e+04 -3.075722e+00
3.097800e+04 -2.208453e+00
3.097900e+04 -1.041107e+00
3.098000e+04 2.716498e-01
3.098100e+04 1.587233e+00
3.098200e+04 2.704329e+00
3.098300e+04 3.537935e+00
3.098400e+04 4.014202e+00
3.098500e+04 4.196690e+00
3.098600e+04 4.180465e+00
3.098700e+04 4.110518e+00
3.098800e+04 4.066350e+00
3.098900e+04 4.114211e+00
3.099000e+04 4.221354e+00
3.099100e+04 4.341347e+00
3.099200e+04 4.410576e+00
3.099300e+04 4.396949e+00
3.099400e+04 4.298683e+00
3.099500e+04 4.170834e+00
3.099600e+04 4.070626e+00
3.099700e+04 4.027637e+00
3.099800e+04 4.032188e+00
3.099900e+04 3.995843e+00
3.100000e+04 3.797409e+00
3.100100e+04 3.314110e+00
3.100200e+04 2.477055e+00
3.100300e+04 1.269424e+00
3.100400e+04 -1.849746e-01
3.100500e+04 -1.718549e+00
3.100600e+04 -3.070426e+00
3.100700e+04 -4.020502e+00
3.100800e+04 -4.377073e+00
3.100900e+04 -4.090769e+00
3.101000e+04 -3.155654e+00
3.101100e+04 -1.756335e+00
3.101200e+04 -9.095502e-02
3.101300e+04 1.541847e+00
3.101400e+04 2.924330e+00
3.101500e+04 3.801561e+00
3.101600e+04 4.086540e+00
3.101700e+04 3.716272e+00
3.101800e+04 2.811632e+00
3.101900e+04 1.481199e+00
3.102000e+04 -5.895913e-03
3.102100e+04 -1.477067e+00
3.102200e+04 -2.696527e+00
3.102300e+04 -3.606569e+00
3.102400e+04 -4.116453e+00
3.102500e+04 -4.352118e+00
3.102600e+04 -4.373847e+00
3.102700e+04 -4.367754e+00
3.102800e+04 -4.369162e+00
3.102900e+04 -4.467843e+00
3.103000e+04 -4.543244e+00
3.103100e+04 -4.559350e+00
3.103200e+04 -4.299242e+00
3.103300e+04 -3.720583e+00
3.103400e+04 -2.725946e+00
3.103500e+04 -1.449255e+00
3.103600e+04 4.716802e-02
3.103700e+04 1.479403e+00
3.103800e+04 2.734549e+00
3.103900e+04 3.601899e+00
3.104000e+04 4.083391e+00
3.104100e+04 4.272647e+00
3.104200e+04 4.174680e+00
3.104300e+04 4.104837e+00
3.104400e+04 4.009837e+00
3.104500e+04 4.109385e+00
3.104600e+04 4.184948e+00
3.104700e+04 4.292171e+00
3.104800e+04 4.092312e+00
3.104900e+04 3.666432e+00
3.105000e+04 2.773250e+00
3.105100e+04 1.651646e+00
3.105200e+04 2.438068e-01
3.105300e+04 -1.061256e+00
3.105400e+04 -2.291190e+00
3.105500e+04 -3.108315e+00
3.105600e+04 -3.687902e+00
3.105700e+04 -3.848309e+00
3.105800e+04 -3.908983e+00
3.105900e+04 -3.762283e+00
3.106000e+04 -3.731102e+00
3.106100e+04 -3.641163e+00
3.106200e+04 -3.729153e+00
3.106300e+04 -3.724260e+00
3.106400e+04 -3.840636e+00
3.106500e+04 -3.803377e+00
3.106600e+04 -3.841237e+00
3.106700e+04 -3.723520e+00
3.106800e+04 -3.720024e+00
3.106900e+04 -3.586425e+00
3.107000e+04 -3.590618e+00
3.107100e+04 -3.464213e+00
3.107200e+04 -3.474379e+00
3.107300e+04 -3.381226e+00
3.107400e+04 -3.474711e+00
3.107500e+04 -3.512777e+00
3.107600e+04 -3.790172e+00
3.107700e+04 -4.007994e+00
3.107800e+04 -4.366494e+00
3.107900e+04 -4.484803e+00
3.108000e+04 -4.504838e+00
3.108100e+04 -4.020112e+00
3.108200e+04 -3.262761e+00
3.108300e+04 -1.978585e+00
3.108400e+04 -5.673084e-01
3.108500e+04 1.058352e+00
3.108600e+04 2.383436e+00
3.108700e+04 3.465867e+00
3.108800e+04 3.845871e+00
3.108900e+04 3.752326e+00
3.109000e+04 2.926839e+00
3.109100e+04 1.778357e+00
3.109200e+04 2.257819e-01
3.109300e+04 -1.204262e+00
3.109400e+04 -2.576612e+00
3.109500e+04 -3.398695e+00
3.109600e+04 -3.823103e+00
3.109700e+04 -3.520060e+00
3.109800e+04 -2.809767e+00
3.109900e+04 -1.513744e+00
3.110000e+04 -1.077622e-01
3.110100e+04 1.477528e+00
3.110200e+04 2.729851e+00
3.110300e+04 3.725506e+00
3.110400e+04 4.044964e+00
3.110500e+04 3.917551e+00
3.110600e+04 3.079969e+00
3.110700e+04 1.932408e+00
3.110800e+04 3.887473e-01
3.110900e+04 -1.048959e+00
3.111000e+04 -2.421779e+00
3.111100e+04 -3.236845e+00
3.111200e+04 -3.634876e+00
3.111300e+04 -3.297901e+00
3.111400e+04 -2.531246e+00
3.111500e+04 -1.212210e+00
3.111600e+04 1.798346e-01
3.111700e+04 1.685924e+00
3.111800e+04 2.841891e+00
3.111900e+04 3.767397e+00
3.112000e+04 4.169170e+00
3.112100e+04 4.358324e+00
3.112200e+04 4.199800e+00
3.112300e+04 4.090026e+00
3.112400e+04 3.907334e+00
3.112500e+04 3.938858e+00
3.112600e+04 3.910066e+00
3.112700e+04 3.960201e+00
3.112800e+04 3.716167e+00
3.112900e+04 3.281420e+00
3.113000e+04 2.382336e+00
3.113100e+04 1.284247e+00
3.113200e+04 -1.132719e-01
3.113300e+04 -1.409469e+00
3.113400e+04 -2.636708e+00
3.113500e+04 -3.456362e+00
3.113600e+04 -4.030036e+00
3.113700e+04 -4.205676e+00
3.113800e+04 -4.301593e+00
3.113900e+04 -4.263021e+00
3.114000e+04 -4.384708e+00
3.114100e+04 -4.513367e+00
3.114200e+04 -4.767035e+00
3.114300e+04 -4.822382e+00
3.114400e+04 -4.692142e+00
3.114500e+04 -4.079501e+00
3.114600e+04 -3.096983e+00
3.114700e+04 -1.646813e+00
3.114800e+04 -5.669236e-02
3.114900e+04 1.605367e+00
3.115000e+04 2.964716e+00
3.115100e+04 3.993792e+00
3.115200e+04 4.503461e+00
3.115300e+04 4.687792e+00
3.115400e+04 4.541295e+00
3.115500e+04 4.362292e+00
3.115600e+04 4.175493e+00
3.115700e+04 4.163413e+00
3.115800e+04 4.182335e+00
3.115900e+04 4.239234e+00
3.116000e+04 4.084084e+00
3.116100e+04 3.677060e+00
3.116200e+04 2.847632e+00
3.116300e+04 1.711551e+00
3.116400e+04 2.887388e-01
3.116500e+04 -1.152804e+00
3.116600e+04 -2.461132e+00
3.116700e+04 -3.349705e+00
3.116800e+04 -3.742260e+00
3.116900e+04 -3.503388e+00
3.117000e+04 -2.729376e+00
3.117100e+04 -1.503241e+00
3.117200e+04 -7.263851e-02
3.117300e+04 1.397012e+00
3.117400e+04 2.659541e+00
3.117500e+04 3.623710e+00
3.117600e+04 4.203129e+00
3.117700e+04 4.466054e+00
3.117800e+04 4.484396e+00
3.117900e+04 4.407645e+00
3.118000e+04 4.318628e+00
3.118100e+04 4.277371e+00
3.118200e+04 4.236761e+00
3.118300e+04 4.126247e+00
3.118400e+04 3.827140e+00
3.118500e+04 3.234161e+00
3.118600e+04 2.320725e+00
3.118700e+04 1.140852e+00
3.118800e+04 -1.795682e-01
3.118900e+04 -1.483086e+00
3.119000e+04 -2.586512e+00
3.119100e+04 -3.389152e+00
3.119200e+04 -3.847270e+00
3.119300e+04 -4.027151e+00
3.119400e+04 -3.998047e+00
3.119500e+04 -3.913403e+00
3.119600e+04 -3.838077e+00
3.119700e+04 -3.847284e+00
3.119800e+04 -3.903131e+00
3.119900e+04 -4.003104e+00
3.120000e+04 -4.056279e+00
3.120100e+04 -4.079521e+00
3.120200e+04 -4.010331e+00
3.120300e+04 -3.929436e+00
3.120400e+04 -3.813493e+00
3.120500e+04 -3.760334e+00
3.120600e+04 -3.720464e+00
3.120700e+04 -3.761472e+00
3.120800e+04 -3.796731e+00
3.120900e+04 -3.873144e+00
3.121000e+04 -3.903894e+00
3.121100e+04 -3.958186e+00
3.121200e+04 -3.964592e+00
3.121300e+04 -4.014561e+00
3.121400e+04 -4.031462e+00
3.121500e+04 -4.099019e+00
3.121600e+04 -4.139846e+00
3.121700e+04 -4.220267e+00
3.121800e+04 -4.238498e+00
3.121900e+04 -4.276415e+00
3.122000e+04 -4.238169e+00
3.122100e+04 -4.199260e+00
3.122200e+04 -4.078269e+00
3.122300e+04 -3.972092e+00
3.122400e+04 -3.821271e+00
3.122500e+04 -3.746897e+00
3.122600e+04 -3.699160e+00
3.122700e+04 -3.796500e+00
3.122800e+04 -3.953283e+00
3.122900e+04 -4.210425e+00
3.123000e+04 -4.403012e+00
3.123100e+04 -4.492723e+00
3.123200e+04 -4.261698e+00
3.123300e+04 -3.712897e+00
3.123400e+04 -2.736535e+00
3.123500e+04 -1.463018e+00
3.123600e+04 4.637957e-02
3.123700e+04 1.522011e+00
3.123800e+04 2.844236e+00
3.123900e+04 3.791590e+00
3.124000e+04 4.381476e+00
3.124100e+04 4.563675e+00
3.124200e+04 4.523294e+00
3.124300e+04 4.343251e+00
3.124400e+04 4.218381e+00
3.124500e+04 4.151602e+00
3.124600e+04 4.193206e+00
3.124700e+04 4.183616e+00
3.124800e+04 4.042278e+00
3.124900e+04 3.569526e+00
3.125000e+04 2.739975e+00
3.125100e+04 1.510378e+00
3.125200e+04 4.255345e-02
3.125300e+04 -1.513397e+00
3.125400e+04 -2.872080e+00
3.125500e+04 -3.861135e+00
3.125600e+04 -4.268980e+00
3.125700e+04 -4.059255e+00
3.125800e+04 -3.252868e+00
3.125900e+04 -2.023499e+00
3.126000e+04 -5.434043e-01
3.126100e+04 9.227113e-01
3.126200e+04 2.177402e+00
3.126300e+04 3.016824e+00
3.126400e+04 3.355822e+00
3.126500e+04 3.157819e+00
3.126600e+04 2.468184e+00
3.126700e+04 1.388546e+00
3.126800e+04 8.252269e-02
3.126900e+04 -1.267608e+00
3.127000e+04 -2.471032e+00
3.127100e+04 -3.341296e+00
3.127200e+04 -3.747238e+00
3.127300e+04 -3.594406e+00
3.127400e+04 -2.902043e+00
3.127500e+04 -1.730960e+00
3.127600e+04 -2.752836e-01
3.127700e+04 1.268932e+00
3.127800e+04 2.617348e+00
3.127900e+04 3.578300e+00
3.128000e+04 3.938911e+00
3.128100e+04 3.671080e+00
3.128200e+04 2.756189e+00
3.128300e+04 1.378469e+00
3.128400e+04 -3.045394e-01
3.128500e+04 -1.971823e+00
3.128600e+04 -3.435245e+00
3.128700e+04 -4.408556e+00
3.128800e+04 -4.810508e+00
3.128900e+04 -4.511722e+00
3.129000e+04 -3.640731e+00
3.129100e+04 -2.241078e+00
3.129200e+04 -6.113233e-01
3.129300e+04 1.085807e+00
3.129400e+04 2.497653e+00
3.129500e+04 3.518200e+00
3.129600e+04 3.888505e+00
3.129700e+04 3.657492e+00
3.129800e+04 2.768293e+00
3.129900e+04 1.482140e+00
3.130000e+04 -1.200479e-01
3.130100e+04 -1.663077e+00
3.130200e+04 -3.036041e+00
3.130300e+04 -3.911008e+00
3.130400e+04 -4.284300e+00
3.130500e+04 -3.956320e+00
3.130600e+04 -3.118730e+00
3.130700e+04 -1.744102e+00
3.130800e+04 -1.737165e-01
3.130900e+04 1.510665e+00
3.131000e+04 2.891522e+00
3.131100e+04 3.905208e+00
3.131200e+04 4.235229e+00
3.131300e+04 3.994779e+00
3.131400e+04 3.053836e+00
3.131500e+04 1.757450e+00
3.131600e+04 1.533439e-01
3.131700e+04 -1.330378e+00
3.131800e+04 -2.666540e+00
3.131900e+04 -3.534846e+00
3.132000e+04 -4.106541e+00
3.132100e+04 -4.257278e+00
3.132200e+04 -4.318652e+00
3.132300e+04 -4.228559e+00
3.132400e+04 -4.286063e+00
3.132500e+04 -4.302406e+00
3.132600e+04 -4.424861e+00
3.132700e+04 -4.321924e+00
3.132800e+04 -4.081170e+00
3.132900e+04 -3.392848e+00
3.133000e+04 -2.462769e+00
3.133100e+04 -1.140899e+00
3.133200e+04 2.026072e-01
3.133300e+04 1.625807e+00
3.133400e+04 2.745195e+00
3.133500e+04 3.678312e+00
3.133600e+04 4.171128e+00
3.133700e+04 4.511257e+00
3.133800e+04 4.539619e+00
3.133900e+04 4.586865e+00
3.134000e+04 4.493963e+00
3.134100e+04 4.522163e+00
3.134200e+04 4.426561e+00
3.134300e+04 4.430503e+00
3.134400e+04 4.259836e+00
3.134500e+04 4.170463e+00
3.134600e+04 3.964743e+00
3.134700e+04 3.932558e+00
3.134800e+04 3.866377e+00
3.134900e+04 4.012903e+00
3.135000e+04 4.071918e+00
3.135100e+04 4.195043e+00
3.135200e+04 4.001449e+00
3.135300e+04 3.624425e+00
3.135400e+04 2.779556e+00
3.135500e+04 1.738653e+00
3.135600e+04 3.579867e-01
3.135700e+04 -9.489715e-01
3.135800e+04 -2.255223e+00
3.135900e+04 -3.172742e+00
3.136000e+04 -3.903868e+00
3.136100e+04 -4.164392e+00
3.136200e+04 -4.379475e+00
3.136300e+04 -4.293738e+00
3.136400e+04 -4.378852e+00
3.136500e+04 -4.303308e+00
3.136600e+04 -4.419954e+00
3.136700e+04 -4.259280e+00
3.136800e+04 -4.100106e+00
3.136900e+04 -3.443224e+00
3.137000e+04 -2.629385e+00
3.137100e+04 -1.299036e+00
3.137200e+04 2.586460e-02
3.137300e+04 1.562230e+00
3.137400e+04 2.677684e+00
3.137500e+04 3.574348e+00
3.137600e+04 3.688146e+00
3.137700e+04 3.390030e+00
3.137800e+04 2.323644e+00
3.137900e+04 1.075197e+00
3.138000e+04 -5.527869e-01
3.138100e+04 -1.891816e+00
3.138200e+04 -3.160286e+00
3.138300e+04 -3.805788e+00
3.138400e+04 -4.254990e+00
3.138500e+04 -4.146409e+00
3.138600e+04 -4.064922e+00
3.138700e+04 -3.741596e+00
3.138800e+04 -3.737401e+00
3.138900e+04 -3.652987e+00
3.139000e+04 -3.881096e+00
3.139100e+04 -3.864562e+00
3.139200e+04 -3.893657e+00
3.139300e+04 -3.383310e+00
3.139400e+04 -2.723107e+00
3.139500e+04 -1.504626e+00
3.139600e+04 -2.907394e-01
3.139700e+04 1.187065e+00
3.139800e+04 2.293738e+00
3.139900e+04 3.343201e+00
3.140000e+04 3.842009e+00
3.140100e+04 4.258953e+00
3.140200e+04 4.248838e+00
3.140300e+04 4.385396e+00
3.140400e+04 4.319140e+00
3.140500e+04 4.524406e+00
3.140600e+04 4.521338e+00
3.140700e+04 4.656754e+00
3.140800e+04 4.363112e+00
3.140900e+04 3.960006e+00
3.141000e+04 2.971582e+00
3.141100e+04 1.865162e+00
3.141200e+04 3.206729e-01
3.141300e+04 -1.047393e+00
3.141400e+04 -2.452788e+00
3.141500e+04 -3.271371e+00
3.141600e+04 -3.777908e+00
3.141700e+04 -3.477484e+00
3.141800e+04 -2.807165e+00
3.141900e+04 -1.465612e+00
3.142000e+04 -5.371743e-02
3.142100e+04 1.597653e+00
3.142200e+04 2.832938e+00
3.142300e+04 3.835751e+00
3.142400e+04 4.053113e+00
3.142500e+04 3.827127e+00
3.142600e+04 2.825455e+00
3.142700e+04 1.589651e+00
3.142800e+04 -3.907144e-02
3.142900e+04 -1.439504e+00
3.143000e+04 -2.784590e+00
3.143100e+04 -3.575040e+00
3.143200e+04 -4.149982e+00
3.143300e+04 -4.210078e+00
3.143400e+04 -4.234376e+00
3.143500e+04 -3.999888e+00
3.143600e+04 -3.960569e+00
3.143700e+04 -3.814823e+00
3.143800e+04 -3.899616e+00
3.143900e+04 -3.838989e+00
3.144000e+04 -3.906290e+00
3.144100e+04 -3.764204e+00
3.144200e+04 -3.760804e+00
3.144300e+04 -3.620539e+00
3.144400e+04 -3.705731e+00
3.144500e+04 -3.732991e+00
3.144600e+04 -3.964468e+00
3.144700e+04 -4.011056e+00
3.144800e+04 -4.034922e+00
3.144900e+04 -3.628631e+00
3.145000e+04 -3.002018e+00
3.145100e+04 -1.894372e+00
3.145200e+04 -6.744539e-01
3.145300e+04 7.556006e-01
3.145400e+04 1.943455e+00
3.145500e+04 2.990623e+00
3.145600e+04 3.588366e+00
3.145700e+04 3.983413e+00
3.145800e+04 4.029278e+00
3.145900e+04 4.088608e+00
3.146000e+04 4.041331e+00
3.146100e+04 4.147922e+00
3.146200e+04 4.159490e+00
3.146300e+04 4.186282e+00
3.146400e+04 3.915116e+00
3.146500e+04 3.433110e+00
3.146600e+04 2.514122e+00
3.146700e+04 1.401375e+00
3.146800e+04 3.670263e-02
3.146900e+04 -1.240042e+00
3.147000e+04 -2.436296e+00
3.147100e+04 -3.290666e+00
3.147200e+04 -3.908167e+00
3.147300e+04 -4.163424e+00
3.147400e+04 -4.289158e+00
3.147500e+04 -4.232844e+00
3.147600e+04 -4.199495e+00
3.147700e+04 -4.100658e+00
3.147800e+04 -4.076558e+00
3.147900e+04 -4.001230e+00
3.148000e+04 -3.963100e+00
3.148100e+04 -3.855029e+00
3.148200e+04 -3.799934e+00
3.148300e+04 -3.711062e+00
3.148400e+04 -3.701087e+00
3.148500e+04 -3.690789e+00
3.148600e+04 -3.756944e+00
3.148700e+04 -3.804996e+00
3.148800e+04 -3.891046e+00
3.148900e+04 -3.933867e+00
3.149000e+04 -4.000391e+00
3.149100e+04 -4.033022e+00
3.149200e+04 -4.094128e+00
3.149300e+04 -4.126490e+00
3.149400e+04 -4.160707e+00
3.149500e+04 -4.139398e+00
3.149600e+04 -4.099268e+00
3.149700e+04 -4.006033e+00
3.149800e+04 -3.927794e+00
3.149900e+04 -3.882594e+00
3.150000e+04 -3.930737e+00
3.150100e+04 -4.047734e+00
3.150200e+04 -4.206863e+00
3.150300e+04 -4.289520e+00
3.150400e+04 -4.170238e+00
3.150500e+04 -3.698085e+00
3.150600e+04 -2.810538e+00
3.150700e+04 -1.510827e+00
3.150800e+04 7.561606e-02
3.150900e+04 1.732147e+00
3.151000e+04 3.190670e+00
3.151100e+04 4.183569e+00
3.151200e+04 4.531726e+00
3.151300e+04 4.178809e+00
3.151400e+04 3.201625e+00
3.151500e+04 1.780514e+00
3.151600e+04 1.868104e-01
3.151700e+04 -1.327631e+00
3.151800e+04 -2.552994e+00
3.151900e+04 -3.399792e+00
3.152000e+04 -3.841922e+00
3.152100e+04 -3.988340e+00
3.152200e+04 -3.914855e+00
3.152300e+04 -3.808241e+00
3.152400e+04 -3.683051e+00
3.152500e+04 -3.677555e+00
3.152600e+04 -3.699698e+00
3.152700e+04 -3.820770e+00
3.152800e+04 -3.908285e+00
3.152900e+04 -4.058499e+00
3.153000e+04 -4.120671e+00
3.153100e+04 -4.235780e+00
3.153200e+04 -4.264570e+00
3.153300e+04 -4.354293e+00
3.153400e+04 -4.330239e+00
3.153500e+04 -4.349981e+00
3.153600e+04 -4.244504e+00
3.153700e+04 -4.199280e+00
3.153800e+04 -4.043577e+00
3.153900e+04 -4.018614e+00
3.154000e+04 -3.941350e+00
3.154100e+04 -4.020400e+00
3.154200e+04 -4.001550e+00
3.154300e+04 -4.037349e+00
3.154400e+04 -3.802959e+00
3.154500e+04 -3.439265e+00
3.154600e+04 -2.646702e+00
3.154700e+04 -1.677306e+00
3.154800e+04 -3.528375e-01
3.154900e+04 9.154972e-01
3.155000e+04 2.204378e+00
3.155100e+04 3.052442e+00
3.155200e+04 3.566883e+00
3.155300e+04 3.394283e+00
3.155400e+04 2.840996e+00
3.155500e+04 1.722552e+00
3.155600e+04 5.069678e-01
3.155700e+04 -8.966719e-01
3.155800e+04 -2.014445e+00
3.155900e+04 -3.018366e+00
3.156000e+04 -3.574858e+00
3.156100e+04 -4.022842e+00
3.156200e+04 -4.121471e+00
3.156300e+04 -4.274025e+00
3.156400e+04 -4.238820e+00
3.156500e+04 -4.355499e+00
3.156600e+04 -4.300836e+00
3.156700e+04 -4.348367e+00
3.156800e+04 -4.159944e+00
3.156900e+04 -4.064084e+00
3.157000e+04 -3.778555e+00
3.157100e+04 -3.686722e+00
3.157200e+04 -3.544118e+00
3.157300e+04 -3.695114e+00
3.157400e+04 -3.784647e+00
3.157500e+04 -4.031003e+00
3.157600e+04 -3.975096e+00
3.157700e+04 -3.769109e+00
3.157800e+04 -2.999646e+00
3.157900e+04 -1.964055e+00
3.158000e+04 -4.450326e-01
3.158100e+04 1.066197e+00
3.158200e+04 2.613572e+00
3.158300e+04 3.650400e+00
3.158400e+04 4.282537e+00
3.158500e+04 4.111155e+00
3.158600e+04 3.443738e+00
3.158700e+04 2.134263e+00
3.158800e+04 6.749315e-01
3.158900e+04 -9.625573e-01
3.159000e+04 -2.263338e+00
3.159100e+04 -3.280293e+00
3.159200e+04 -3.614999e+00
3.159300e+04 -3.482268e+00
3.159400e+04 -2.664639e+00
3.159500e+04 -1.526110e+00
3.159600e+04 -2.266645e-02
3.159700e+04 1.380703e+00
3.159800e+04 2.677084e+00
3.159900e+04 3.425472e+00
3.160000e+04 3.689623e+00
3.160100e+04 3.214344e+00
3.160200e+04 2.256540e+00
3.160300e+04 7.694435e-01
3.160400e+04 -8.236058e-01
3.160500e+04 -2.440798e+00
3.160600e+04 -3.661413e+00
3.160700e+04 -4.449016e+00
3.160800e+04 -4.540008e+00
3.160900e+04 -4.075599e+00
3.161000e+04 -2.986884e+00
3.161100e+04 -1.556655e+00
3.161200e+04 1.347184e-01
3.161300e+04 1.747399e+00
3.161400e+04 3.185482e+00
3.161500e+04 4.166411e+00
3.161600e+04 4.639756e+00
3.161700e+04 4.471166e+00
3.161800e+04 3.758716e+00
3.161900e+04 2.532895e+00
3.162000e+04 1.027602e+00
3.162100e+04 -5.666678e-01
3.162200e+04 -1.969196e+00
3.162300e+04 -2.983803e+00
3.162400e+04 -3.444460e+00
3.162500e+04 -3.295982e+00
3.162600e+04 -2.590455e+00
3.162700e+04 -1.452862e+00
3.162800e+04 -1.023531e-01
3.162900e+04 1.280934e+00
3.163000e+04 2.461530e+00
3.163100e+04 3.374840e+00
3.163200e+04 3.920975e+00
3.163300e+04 4.189881e+00
3.163400e+04 4.172915e+00
3.163500e+04 4.070276e+00
3.163600e+04 3.862097e+00
3.163700e+04 3.725874e+00
3.163800e+04 3.572256e+00
3.163900e+04 3.538568e+00
3.164000e+04 3.492363e+00
3.164100e+04 3.590997e+00
3.164200e+04 3.667396e+00
3.164300e+04 3.902253e+00
3.164400e+04 4.100801e+00
3.164500e+04 4.416245e+00
3.164600e+04 4.566788e+00
3.164700e+04 4.651892e+00
3.164800e+04 4.349006e+00
3.164900e+04 3.808149e+00
3.165000e+04 2.750048e+00
3.165100e+04 1.481915e+00
3.165200e+04 -1.222988e-01
3.165300e+04 -1.604078e+00
3.165400e+04 -3.012163e+00
3.165500e+04 -3.850370e+00
3.165600e+04 -4.260417e+00
3.165700e+04 -3.866253e+00
3.165800e+04 -3.015034e+00
3.165900e+04 -1.518092e+00
3.166000e+04 8.657217e-02
3.166100e+04 1.884026e+00
3.166200e+04 3.274222e+00
3.166300e+04 4.374101e+00
3.166400e+04 4.659442e+00
3.166500e+04 4.442791e+00
3.166600e+04 3.379393e+00
3.166700e+04 1.987272e+00
3.166800e+04 1.151512e-01
3.166900e+04 -1.558041e+00
3.167000e+04 -3.143190e+00
3.167100e+04 -3.981546e+00
3.167200e+04 -4.344111e+00
3.167300e+04 -3.780751e+00
3.167400e+04 -2.814992e+00
3.167500e+04 -1.225002e+00
3.167600e+04 2.889732e-01
3.167700e+04 1.912478e+00
3.167800e+04 2.995964e+00
3.167900e+04 3.890412e+00
3.168000e+04 4.166401e+00
3.168100e+04 4.254162e+00
3.168200e+04 4.025187e+00
3.168300e+04 3.848734e+00
3.168400e+04 3.593501e+00
3.168500e+04 3.546990e+00
3.168600e+04 3.491354e+00
3.168700e+04 3.617941e+00
3.168800e+04 3.650234e+00
3.168900e+04 3.788496e+00
3.169000e+04 3.785180e+00
3.169100e+04 3.848070e+00
3.169200e+04 3.770799e+00
3.169300e+04 3.781542e+00
3.169400e+04 3.674298e+00
3.169500e+04 3.687962e+00
3.169600e+04 3.621595e+00
3.169700e+04 3.688631e+00
3.169800e+04 3.705889e+00
3.169900e+04 3.874858e+00
3.170000e+04 3.977453e+00
3.170100e+04 4.184958e+00
3.170200e+04 4.268954e+00
3.170300e+04 4.379000e+00
3.170400e+04 4.337237e+00
3.170500e+04 4.334663e+00
3.170600e+04 4.229540e+00
3.170700e+04 4.244438e+00
3.170800e+04 4.249623e+00
3.170900e+04 4.393725e+00
3.171000e+04 4.459490e+00
3.171100e+04 4.487605e+00
3.171200e+04 4.229558e+00
3.171300e+04 3.725037e+00
3.171400e+04 2.800076e+00
3.171500e+04 1.635032e+00
3.171600e+04 2.306779e-01
3.171700e+04 -1.133022e+00
3.171800e+04 -2.393568e+00
3.171900e+04 -3.334441e+00
3.172000e+04 -3.987695e+00
3.172100e+04 -4.287972e+00
3.172200e+04 -4.407805e+00
3.172300e+04 -4.369971e+00
3.172400e+04 -4.325198e+00
3.172500e+04 -4.261067e+00
3.172600e+04 -4.225201e+00
3.172700e+04 -4.158296e+00
3.172800e+04 -4.082340e+00
3.172900e+04 -3.957240e+00
3.173000e+04 -3.844290e+00
3.173100e+04 -3.787455e+00
3.173200e+04 -3.834800e+00
3.173300e+04 -3.988492e+00
3.173400e+04 -4.197648e+00
3.173500e+04 -4.357867e+00
3.173600e+04 -4.306356e+00
3.173700e+04 -3.954057e+00
3.173800e+04 -3.194308e+00
3.173900e+04 -2.087304e+00
3.174000e+04 -7.018955e-01
3.174100e+04 7.189486e-01
3.174200e+04 2.042099e+00
3.174300e+04 3.027191e+00
3.174400e+04 3.677058e+00
3.174500e+04 3.912636e+00
3.174600e+04 3.934130e+00
3.174700e+04 3.782888e+00
3.174800e+04 3.707939e+00
3.174900e+04 3.671791e+00
3.175000e+04 3.795883e+00
3.175100e+04 3.842690e+00
3.175200e+04 3.823453e+00
3.175300e+04 3.445193e+00
3.175400e+04 2.766482e+00
3.175500e+04 1.623185e+00
3.175600e+04 3.032687e-01
3.175700e+04 -1.187604e+00
3.175800e+04 -2.422649e+00
3.175900e+04 -3.358823e+00
3.176000e+04 -3.622647e+00
3.176100e+04 -3.367085e+00
3.176200e+04 -2.405735e+00
3.176300e+04 -1.111242e+00
3.176400e+04 5.199044e-01
3.176500e+04 1.989913e+00
3.176600e+04 3.300904e+00
3.176700e+04 4.004189e+00
3.176800e+04 4.253994e+00
3.176900e+04 3.771680e+00
3.177000e+04 2.915871e+00
3.177100e+04 1.565288e+00
3.177200e+04 2.061574e-01
3.177300e+04 -1.257923e+00
3.177400e+04 -2.363122e+00
3.177500e+04 -3.312630e+00
3.177600e+04 -3.785239e+00
3.177700e+04 -4.145564e+00
3.177800e+04 -4.160961e+00
3.177900e+04 -4.269525e+00
3.178000e+04 -4.221535e+00
3.178100e+04 -4.375639e+00
3.178200e+04 -4.360982e+00
3.178300e+04 -4.428935e+00
3.178400e+04 -4.103644e+00
3.178500e+04 -3.645094e+00
3.178600e+04 -2.646686e+00
3.178700e+04 -1.494418e+00
3.178800e+04 5.225224e-02
3.178900e+04 1.427822e+00
3.179000e+04 2.774428e+00
3.179100e+04 3.499056e+00
3.179200e+04 3.842702e+00
3.179300e+04 3.375313e+00
3.179400e+04 2.551158e+00
3.179500e+04 1.158717e+00
3.179600e+04 -1.815034e-01
3.179700e+04 -1.630710e+00
3.179800e+04 -2.612588e+00
3.179900e+04 -3.427749e+00
3.180000e+04 -3.681170e+00
3.180100e+04 -3.855664e+00
3.180200e+04 -3.676926e+00
3.180300e+04 -3.673639e+00
3.180400e+04 -3.530207e+00
3.180500e+04 -3.681912e+00
3.180600e+04 -3.695810e+00
3.180700e+04 -3.922794e+00
3.180800e+04 -3.916612e+00
3.180900e+04 -4.055752e+00
3.181000e+04 -3.943916e+00
3.181100e+04 -4.030801e+00
3.181200e+04 -3.943877e+00
3.181300e+04 -4.094587e+00
3.181400e+04 -4.043722e+00
3.181500e+04 -4.098627e+00
3.181600e+04 -3.763843e+00
3.181700e+04 -3.367671e+00
3.181800e+04 -2.474585e+00
3.181900e+04 -1.525661e+00
3.182000e+04 -2.457793e-01
3.182100e+04 8.314629e-01
3.182200e+04 1.946359e+00
3.182300e+04 2.621744e+00
3.182400e+04 3.221815e+00
3.182500e+04 3.401412e+00
3.182600e+04 3.619107e+00
3.182700e+04 3.600257e+00
3.182800e+04 3.773060e+00
3.182900e+04 3.782115e+00
3.183000e+04 3.970425e+00
3.183100e+04 3.938533e+00
3.183200e+04 3.999593e+00
3.183300e+04 3.809826e+00
3.183400e+04 3.765021e+00
3.183500e+04 3.583000e+00
3.183600e+04 3.655262e+00
3.183700e+04 3.667605e+00
3.183800e+04 3.893968e+00
3.183900e+04 3.910374e+00
3.184000e+04 3.886877e+00
3.184100e+04 3.430250e+00
3.184200e+04 2.734940e+00
3.184300e+04 1.602311e+00
3.184400e+04 3.888359e-01
3.184500e+04 -9.536637e-01
3.184600e+04 -2.024678e+00
3.184700e+04 -2.903153e+00
3.184800e+04 -3.340034e+00
3.184900e+04 -3.604470e+00
3.185000e+04 -3.608085e+00
3.185100e+04 -3.683816e+00
3.185200e+04 -3.741590e+00
3.185300e+04 -3.987707e+00
3.185400e+04 -4.164554e+00
3.185500e+04 -4.317527e+00
3.185600e+04 -4.122572e+00
3.185700e+04 -3.640251e+00
3.185800e+04 -2.679008e+00
3.185900e+04 -1.476447e+00
3.186000e+04 -3.228800e-02
3.186100e+04 1.307450e+00
3.186200e+04 2.512961e+00
3.186300e+04 3.334899e+00
3.186400e+04 3.880576e+00
3.186500e+04 4.064005e+00
3.186600e+04 4.122645e+00
3.186700e+04 4.037926e+00
3.186800e+04 4.009665e+00
3.186900e+04 3.957164e+00
3.187000e+04 3.989352e+00
3.187100e+04 3.970073e+00
3.187200e+04 3.977159e+00
3.187300e+04 3.907681e+00
3.187400e+04 3.885454e+00
3.187500e+04 3.852268e+00
3.187600e+04 3.928103e+00
3.187700e+04 4.015931e+00
3.187800e+04 4.144262e+00
3.187900e+04 4.145614e+00
3.188000e+04 3.970653e+00
3.188100e+04 3.445018e+00
3.188200e+04 2.597451e+00
3.188300e+04 1.388298e+00
3.188400e+04 -8.711338e-03
3.188500e+04 -1.462797e+00
3.188600e+04 -2.695252e+00
3.188700e+04 -3.554579e+00
3.188800e+04 -3.836083e+00
3.188900e+04 -3.521349e+00
3.189000e+04 -2.624226e+00
3.189100e+04 -1.336483e+00
3.189200e+04 1.685748e-01
3.189300e+04 1.618651e+00
3.189400e+04 2.851499e+00
3.189500e+04 3.706147e+00
3.189600e+04 4.182786e+00
3.189700e+04 4.324242e+00
3.189800e+04 4.283463e+00
3.189900e+04 4.179213e+00
3.190000e+04 4.151404e+00
3.190100e+04 4.224668e+00
3.190200e+04 4.379015e+00
3.190300e+04 4.491815e+00
3.190400e+04 4.430475e+00
3.190500e+04 4.039042e+00
3.190600e+04 3.259550e+00
3.190700e+04 2.091010e+00
3.190800e+04 6.513765e-01
3.190900e+04 -8.717521e-01
3.191000e+04 -2.236024e+00
3.191100e+04 -3.221958e+00
3.191200e+04 -3.638676e+00
3.191300e+04 -3.412977e+00
3.191400e+04 -2.572139e+00
3.191500e+04 -1.255688e+00
3.191600e+04 3.277227e-01
3.191700e+04 1.902647e+00
3.191800e+04 3.219409e+00
3.191900e+04 4.063045e+00
3.192000e+04 4.304193e+00
3.192100e+04 3.896209e+00
3.192200e+04 2.931524e+00
3.192300e+04 1.552481e+00
3.192400e+04 -1.443267e-02
3.192500e+04 -1.540871e+00
3.192600e+04 -2.790112e+00
3.192700e+04 -3.603927e+00
3.192800e+04 -3.859865e+00
3.192900e+04 -3.548388e+00
3.193000e+04 -2.701487e+00
3.193100e+04 -1.465683e+00
3.193200e+04 6.414294e-03
3.193300e+04 1.472651e+00
3.193400e+04 2.745282e+00
3.193500e+04 3.607895e+00
3.193600e+04 3.944912e+00
3.193700e+04 3.666694e+00
3.193800e+04 2.858446e+00
3.193900e+04 1.606583e+00
3.194000e+04 1.489491e-01
3.194100e+04 -1.332173e+00
3.194200e+04 -2.585799e+00
3.194300e+04 -3.521602e+00
3.194400e+04 -4.040241e+00
3.194500e+04 -4.241763e+00
3.194600e+04 -4.181589e+00
3.194700e+04 -4.066438e+00
3.194800e+04 -3.952423e+00
3.194900e+04 -3.965036e+00
3.195000e+04 -4.005709e+00
3.195100e+04 -4.064472e+00
3.195200e+04 -3.925046e+00
3.195300e+04 -3.529624e+00
3.195400e+04 -2.717834e+00
3.195500e+04 -1.588742e+00
3.195600e+04 -1.472262e-01
3.195700e+04 1.324757e+00
3.195800e+04 2.691607e+00
3.195900e+04 3.609104e+00
3.196000e+04 4.017138e+00
3.196100e+04 3.722999e+00
3.196200e+04 2.872670e+00
3.196300e+04 1.497982e+00
3.196400e+04 -4.234779e-02
3.196500e+04 -1.622457e+00
3.196600e+04 -2.882169e+00
3.196700e+04 -3.813881e+00
3.196800e+04 -4.225216e+00
3.196900e+04 -4.336843e+00
3.197000e+04 -4.145227e+00
3.197100e+04 -3.972355e+00
3.197200e+04 -3.793427e+00
3.197300e+04 -3.832872e+00
3.197400e+04 -3.875104e+00
3.197500e+04 -3.972512e+00
3.197600e+04 -3.782505e+00
3.197700e+04 -3.344774e+00
3.197800e+04 -2.400382e+00
3.197900e+04 -1.184410e+00
3.198000e+04 3.517637e-01
3.198100e+04 1.774095e+00
3.198200e+04 3.034203e+00
3.198300e+04 3.712948e+00
3.198400e+04 3.897565e+00
3.198500e+04 3.355246e+00
3.198600e+04 2.430392e+00
3.198700e+04 1.079826e+00
3.198800e+04 -2.428004e-01
3.198900e+04 -1.573112e+00
3.199000e+04 -2.531960e+00
3.199100e+04 -3.303418e+00
3.199200e+04 -3.660334e+00
3.199300e+04 -3.954562e+00
3.199400e+04 -4.025930e+00
3.199500e+04 -4.226837e+00
3.199600e+04 -4.331827e+00
3.199700e+04 -4.590504e+00
3.199800e+04 -4.647431e+00
